policy_id,is_claim
ID00001,0
ID00002,0
ID00003,0
ID00004,0
ID00005,0
ID00006,0
ID00007,0
ID00008,0
ID00009,0
ID00010,0
ID00011,0
ID00012,0
ID00013,1
ID00014,0
ID00015,0
ID00016,0
ID00017,0
ID00018,0
ID00019,0
ID00020,1
ID00021,0
ID00022,1
ID00023,0
ID00024,1
ID00025,1
ID00026,0
ID00027,0
ID00028,0
ID00029,0
ID00030,1
ID00031,0
ID00032,0
ID00033,0
ID00034,0
ID00035,0
ID00036,0
ID00037,0
ID00038,0
ID00039,0
ID00040,0
ID00041,0
ID00042,0
ID00043,0
ID00044,0
ID00045,0
ID00046,0
ID00047,0
ID00048,0
ID00049,0
ID00050,0
ID00051,0
ID00052,0
ID00053,0
ID00054,0
ID00055,0
ID00056,0
ID00057,0
ID00058,0
ID00059,0
ID00060,0
ID00061,0
ID00062,0
ID00063,0
ID00064,0
ID00065,0
ID00066,0
ID00067,0
ID00068,0
ID00069,0
ID00070,0
ID00071,0
ID00072,0
ID00073,0
ID00074,0
ID00075,1
ID00076,0
ID00077,0
ID00078,0
ID00079,0
ID00080,0
ID00081,0
ID00082,0
ID00083,0
ID00084,0
ID00085,0
ID00086,0
ID00087,0
ID00088,0
ID00089,0
ID00090,0
ID00091,0
ID00092,0
ID00093,0
ID00094,0
ID00095,0
ID00096,0
ID00097,0
ID00098,0
ID00099,0
ID00100,0
ID00101,0
ID00102,0
ID00103,0
ID00104,0
ID00105,0
ID00106,0
ID00107,0
ID00108,0
ID00109,0
ID00110,0
ID00111,0
ID00112,0
ID00113,0
ID00114,0
ID00115,0
ID00116,0
ID00117,0
ID00118,0
ID00119,0
ID00120,0
ID00121,0
ID00122,0
ID00123,0
ID00124,0
ID00125,0
ID00126,1
ID00127,0
ID00128,0
ID00129,0
ID00130,0
ID00131,0
ID00132,0
ID00133,0
ID00134,0
ID00135,0
ID00136,1
ID00137,0
ID00138,0
ID00139,0
ID00140,0
ID00141,0
ID00142,0
ID00143,0
ID00144,0
ID00145,0
ID00146,0
ID00147,0
ID00148,0
ID00149,0
ID00150,0
ID00151,0
ID00152,0
ID00153,1
ID00154,0
ID00155,0
ID00156,0
ID00157,0
ID00158,0
ID00159,0
ID00160,0
ID00161,0
ID00162,0
ID00163,0
ID00164,0
ID00165,0
ID00166,0
ID00167,0
ID00168,0
ID00169,0
ID00170,0
ID00171,0
ID00172,0
ID00173,0
ID00174,0
ID00175,0
ID00176,0
ID00177,0
ID00178,0
ID00179,0
ID00180,0
ID00181,0
ID00182,0
ID00183,0
ID00184,0
ID00185,0
ID00186,1
ID00187,0
ID00188,0
ID00189,0
ID00190,0
ID00191,0
ID00192,0
ID00193,1
ID00194,0
ID00195,0
ID00196,0
ID00197,1
ID00198,0
ID00199,0
ID00200,0
ID00201,0
ID00202,0
ID00203,0
ID00204,0
ID00205,0
ID00206,0
ID00207,0
ID00208,0
ID00209,0
ID00210,0
ID00211,0
ID00212,0
ID00213,0
ID00214,0
ID00215,0
ID00216,0
ID00217,0
ID00218,0
ID00219,0
ID00220,0
ID00221,0
ID00222,0
ID00223,0
ID00224,0
ID00225,0
ID00226,0
ID00227,0
ID00228,0
ID00229,0
ID00230,0
ID00231,0
ID00232,0
ID00233,0
ID00234,0
ID00235,0
ID00236,0
ID00237,0
ID00238,0
ID00239,0
ID00240,0
ID00241,0
ID00242,0
ID00243,0
ID00244,0
ID00245,0
ID00246,0
ID00247,0
ID00248,0
ID00249,0
ID00250,0
ID00251,0
ID00252,0
ID00253,0
ID00254,0
ID00255,0
ID00256,0
ID00257,0
ID00258,0
ID00259,0
ID00260,0
ID00261,0
ID00262,0
ID00263,0
ID00264,0
ID00265,0
ID00266,0
ID00267,0
ID00268,0
ID00269,0
ID00270,0
ID00271,0
ID00272,0
ID00273,0
ID00274,0
ID00275,0
ID00276,0
ID00277,0
ID00278,0
ID00279,0
ID00280,0
ID00281,0
ID00282,0
ID00283,0
ID00284,0
ID00285,0
ID00286,0
ID00287,0
ID00288,0
ID00289,1
ID00290,0
ID00291,0
ID00292,0
ID00293,0
ID00294,0
ID00295,0
ID00296,0
ID00297,1
ID00298,0
ID00299,0
ID00300,0
ID00301,0
ID00302,0
ID00303,0
ID00304,0
ID00305,0
ID00306,0
ID00307,0
ID00308,0
ID00309,0
ID00310,0
ID00311,0
ID00312,0
ID00313,0
ID00314,0
ID00315,0
ID00316,0
ID00317,0
ID00318,0
ID00319,0
ID00320,0
ID00321,0
ID00322,0
ID00323,0
ID00324,0
ID00325,0
ID00326,0
ID00327,0
ID00328,0
ID00329,0
ID00330,0
ID00331,0
ID00332,0
ID00333,0
ID00334,0
ID00335,1
ID00336,0
ID00337,0
ID00338,0
ID00339,0
ID00340,0
ID00341,0
ID00342,0
ID00343,0
ID00344,0
ID00345,0
ID00346,0
ID00347,0
ID00348,0
ID00349,0
ID00350,0
ID00351,0
ID00352,0
ID00353,0
ID00354,0
ID00355,0
ID00356,0
ID00357,0
ID00358,0
ID00359,0
ID00360,0
ID00361,0
ID00362,0
ID00363,0
ID00364,0
ID00365,0
ID00366,0
ID00367,0
ID00368,0
ID00369,0
ID00370,0
ID00371,1
ID00372,0
ID00373,0
ID00374,0
ID00375,0
ID00376,0
ID00377,0
ID00378,0
ID00379,1
ID00380,1
ID00381,0
ID00382,0
ID00383,0
ID00384,0
ID00385,0
ID00386,0
ID00387,0
ID00388,0
ID00389,0
ID00390,0
ID00391,1
ID00392,0
ID00393,0
ID00394,0
ID00395,0
ID00396,0
ID00397,0
ID00398,0
ID00399,0
ID00400,0
ID00401,0
ID00402,0
ID00403,0
ID00404,1
ID00405,0
ID00406,0
ID00407,0
ID00408,0
ID00409,0
ID00410,0
ID00411,0
ID00412,0
ID00413,0
ID00414,0
ID00415,0
ID00416,1
ID00417,0
ID00418,0
ID00419,0
ID00420,0
ID00421,0
ID00422,0
ID00423,0
ID00424,0
ID00425,0
ID00426,0
ID00427,0
ID00428,0
ID00429,0
ID00430,0
ID00431,0
ID00432,1
ID00433,0
ID00434,0
ID00435,0
ID00436,0
ID00437,0
ID00438,0
ID00439,0
ID00440,0
ID00441,0
ID00442,0
ID00443,0
ID00444,0
ID00445,0
ID00446,0
ID00447,1
ID00448,0
ID00449,0
ID00450,0
ID00451,0
ID00452,0
ID00453,0
ID00454,0
ID00455,0
ID00456,0
ID00457,0
ID00458,0
ID00459,0
ID00460,0
ID00461,0
ID00462,0
ID00463,1
ID00464,0
ID00465,0
ID00466,0
ID00467,0
ID00468,0
ID00469,0
ID00470,0
ID00471,0
ID00472,0
ID00473,0
ID00474,0
ID00475,0
ID00476,0
ID00477,0
ID00478,0
ID00479,0
ID00480,0
ID00481,1
ID00482,0
ID00483,1
ID00484,0
ID00485,0
ID00486,0
ID00487,1
ID00488,0
ID00489,0
ID00490,0
ID00491,0
ID00492,0
ID00493,0
ID00494,0
ID00495,0
ID00496,0
ID00497,0
ID00498,0
ID00499,0
ID00500,0
ID00501,0
ID00502,0
ID00503,0
ID00504,0
ID00505,0
ID00506,0
ID00507,0
ID00508,0
ID00509,0
ID00510,0
ID00511,0
ID00512,0
ID00513,1
ID00514,0
ID00515,0
ID00516,0
ID00517,0
ID00518,0
ID00519,1
ID00520,0
ID00521,0
ID00522,0
ID00523,0
ID00524,0
ID00525,0
ID00526,0
ID00527,0
ID00528,0
ID00529,0
ID00530,0
ID00531,0
ID00532,0
ID00533,0
ID00534,0
ID00535,1
ID00536,0
ID00537,1
ID00538,0
ID00539,0
ID00540,0
ID00541,0
ID00542,0
ID00543,0
ID00544,0
ID00545,0
ID00546,0
ID00547,0
ID00548,0
ID00549,0
ID00550,0
ID00551,0
ID00552,0
ID00553,0
ID00554,0
ID00555,0
ID00556,0
ID00557,0
ID00558,0
ID00559,0
ID00560,0
ID00561,0
ID00562,0
ID00563,0
ID00564,0
ID00565,0
ID00566,0
ID00567,0
ID00568,0
ID00569,0
ID00570,0
ID00571,0
ID00572,0
ID00573,1
ID00574,0
ID00575,0
ID00576,0
ID00577,0
ID00578,0
ID00579,0
ID00580,0
ID00581,0
ID00582,0
ID00583,0
ID00584,0
ID00585,0
ID00586,0
ID00587,0
ID00588,0
ID00589,0
ID00590,0
ID00591,0
ID00592,0
ID00593,0
ID00594,0
ID00595,0
ID00596,0
ID00597,0
ID00598,0
ID00599,0
ID00600,0
ID00601,0
ID00602,0
ID00603,0
ID00604,0
ID00605,0
ID00606,0
ID00607,0
ID00608,0
ID00609,0
ID00610,1
ID00611,0
ID00612,0
ID00613,1
ID00614,0
ID00615,0
ID00616,0
ID00617,1
ID00618,0
ID00619,0
ID00620,0
ID00621,0
ID00622,0
ID00623,0
ID00624,0
ID00625,0
ID00626,0
ID00627,0
ID00628,0
ID00629,0
ID00630,0
ID00631,0
ID00632,0
ID00633,0
ID00634,0
ID00635,0
ID00636,0
ID00637,1
ID00638,0
ID00639,0
ID00640,0
ID00641,0
ID00642,0
ID00643,0
ID00644,0
ID00645,0
ID00646,1
ID00647,0
ID00648,0
ID00649,0
ID00650,0
ID00651,0
ID00652,0
ID00653,0
ID00654,0
ID00655,0
ID00656,0
ID00657,0
ID00658,1
ID00659,0
ID00660,0
ID00661,0
ID00662,0
ID00663,0
ID00664,0
ID00665,1
ID00666,1
ID00667,0
ID00668,0
ID00669,0
ID00670,0
ID00671,0
ID00672,0
ID00673,1
ID00674,0
ID00675,0
ID00676,0
ID00677,0
ID00678,0
ID00679,0
ID00680,0
ID00681,0
ID00682,0
ID00683,0
ID00684,1
ID00685,0
ID00686,0
ID00687,0
ID00688,0
ID00689,1
ID00690,0
ID00691,0
ID00692,0
ID00693,0
ID00694,0
ID00695,0
ID00696,0
ID00697,0
ID00698,0
ID00699,0
ID00700,0
ID00701,0
ID00702,0
ID00703,0
ID00704,0
ID00705,0
ID00706,0
ID00707,0
ID00708,0
ID00709,0
ID00710,0
ID00711,0
ID00712,0
ID00713,0
ID00714,0
ID00715,0
ID00716,0
ID00717,0
ID00718,1
ID00719,0
ID00720,0
ID00721,0
ID00722,0
ID00723,0
ID00724,0
ID00725,0
ID00726,0
ID00727,1
ID00728,0
ID00729,0
ID00730,0
ID00731,0
ID00732,0
ID00733,1
ID00734,0
ID00735,0
ID00736,0
ID00737,0
ID00738,0
ID00739,0
ID00740,0
ID00741,0
ID00742,0
ID00743,0
ID00744,0
ID00745,0
ID00746,0
ID00747,1
ID00748,0
ID00749,1
ID00750,0
ID00751,0
ID00752,0
ID00753,0
ID00754,0
ID00755,1
ID00756,0
ID00757,0
ID00758,0
ID00759,0
ID00760,1
ID00761,0
ID00762,0
ID00763,0
ID00764,0
ID00765,0
ID00766,0
ID00767,0
ID00768,0
ID00769,0
ID00770,0
ID00771,0
ID00772,0
ID00773,0
ID00774,0
ID00775,0
ID00776,0
ID00777,0
ID00778,0
ID00779,0
ID00780,0
ID00781,0
ID00782,0
ID00783,0
ID00784,0
ID00785,0
ID00786,0
ID00787,0
ID00788,0
ID00789,0
ID00790,0
ID00791,0
ID00792,0
ID00793,0
ID00794,0
ID00795,0
ID00796,0
ID00797,0
ID00798,1
ID00799,1
ID00800,1
ID00801,0
ID00802,0
ID00803,0
ID00804,0
ID00805,0
ID00806,0
ID00807,1
ID00808,0
ID00809,0
ID00810,0
ID00811,0
ID00812,0
ID00813,0
ID00814,0
ID00815,0
ID00816,0
ID00817,1
ID00818,0
ID00819,0
ID00820,0
ID00821,0
ID00822,0
ID00823,0
ID00824,0
ID00825,0
ID00826,0
ID00827,0
ID00828,0
ID00829,0
ID00830,0
ID00831,1
ID00832,0
ID00833,0
ID00834,0
ID00835,0
ID00836,0
ID00837,0
ID00838,0
ID00839,0
ID00840,0
ID00841,0
ID00842,0
ID00843,0
ID00844,0
ID00845,0
ID00846,0
ID00847,0
ID00848,0
ID00849,0
ID00850,0
ID00851,0
ID00852,0
ID00853,0
ID00854,0
ID00855,0
ID00856,0
ID00857,0
ID00858,0
ID00859,0
ID00860,0
ID00861,0
ID00862,0
ID00863,0
ID00864,0
ID00865,0
ID00866,1
ID00867,0
ID00868,0
ID00869,1
ID00870,1
ID00871,0
ID00872,0
ID00873,0
ID00874,0
ID00875,0
ID00876,0
ID00877,0
ID00878,0
ID00879,0
ID00880,0
ID00881,0
ID00882,0
ID00883,0
ID00884,1
ID00885,0
ID00886,0
ID00887,0
ID00888,0
ID00889,0
ID00890,0
ID00891,0
ID00892,0
ID00893,0
ID00894,0
ID00895,0
ID00896,0
ID00897,0
ID00898,0
ID00899,0
ID00900,0
ID00901,0
ID00902,0
ID00903,0
ID00904,0
ID00905,0
ID00906,0
ID00907,0
ID00908,1
ID00909,0
ID00910,0
ID00911,0
ID00912,0
ID00913,0
ID00914,0
ID00915,0
ID00916,0
ID00917,0
ID00918,0
ID00919,1
ID00920,0
ID00921,0
ID00922,0
ID00923,0
ID00924,0
ID00925,0
ID00926,0
ID00927,0
ID00928,0
ID00929,0
ID00930,0
ID00931,0
ID00932,0
ID00933,0
ID00934,0
ID00935,0
ID00936,0
ID00937,0
ID00938,0
ID00939,0
ID00940,0
ID00941,1
ID00942,0
ID00943,1
ID00944,1
ID00945,0
ID00946,0
ID00947,0
ID00948,0
ID00949,0
ID00950,0
ID00951,0
ID00952,0
ID00953,0
ID00954,0
ID00955,0
ID00956,0
ID00957,0
ID00958,0
ID00959,0
ID00960,0
ID00961,0
ID00962,1
ID00963,0
ID00964,0
ID00965,0
ID00966,0
ID00967,0
ID00968,0
ID00969,0
ID00970,0
ID00971,0
ID00972,0
ID00973,0
ID00974,0
ID00975,0
ID00976,0
ID00977,0
ID00978,0
ID00979,0
ID00980,0
ID00981,0
ID00982,1
ID00983,0
ID00984,0
ID00985,0
ID00986,0
ID00987,0
ID00988,0
ID00989,0
ID00990,0
ID00991,0
ID00992,0
ID00993,0
ID00994,1
ID00995,0
ID00996,0
ID00997,0
ID00998,1
ID00999,0
ID01000,0
ID01001,0
ID01002,0
ID01003,0
ID01004,0
ID01005,0
ID01006,0
ID01007,0
ID01008,1
ID01009,0
ID01010,0
ID01011,0
ID01012,0
ID01013,0
ID01014,0
ID01015,0
ID01016,0
ID01017,0
ID01018,0
ID01019,0
ID01020,0
ID01021,0
ID01022,0
ID01023,0
ID01024,0
ID01025,0
ID01026,0
ID01027,0
ID01028,0
ID01029,0
ID01030,0
ID01031,0
ID01032,0
ID01033,0
ID01034,0
ID01035,0
ID01036,0
ID01037,0
ID01038,0
ID01039,0
ID01040,0
ID01041,0
ID01042,0
ID01043,0
ID01044,0
ID01045,0
ID01046,0
ID01047,0
ID01048,0
ID01049,0
ID01050,0
ID01051,0
ID01052,0
ID01053,0
ID01054,0
ID01055,0
ID01056,0
ID01057,0
ID01058,0
ID01059,0
ID01060,0
ID01061,0
ID01062,0
ID01063,0
ID01064,0
ID01065,0
ID01066,0
ID01067,0
ID01068,0
ID01069,0
ID01070,0
ID01071,0
ID01072,0
ID01073,0
ID01074,0
ID01075,0
ID01076,0
ID01077,0
ID01078,0
ID01079,0
ID01080,0
ID01081,0
ID01082,0
ID01083,0
ID01084,0
ID01085,0
ID01086,0
ID01087,0
ID01088,0
ID01089,0
ID01090,0
ID01091,0
ID01092,0
ID01093,0
ID01094,0
ID01095,0
ID01096,0
ID01097,0
ID01098,0
ID01099,0
ID01100,0
ID01101,0
ID01102,0
ID01103,0
ID01104,0
ID01105,0
ID01106,0
ID01107,0
ID01108,0
ID01109,0
ID01110,0
ID01111,0
ID01112,0
ID01113,0
ID01114,0
ID01115,0
ID01116,0
ID01117,0
ID01118,0
ID01119,1
ID01120,0
ID01121,0
ID01122,0
ID01123,0
ID01124,0
ID01125,0
ID01126,0
ID01127,0
ID01128,0
ID01129,0
ID01130,0
ID01131,0
ID01132,0
ID01133,0
ID01134,0
ID01135,0
ID01136,0
ID01137,0
ID01138,0
ID01139,0
ID01140,0
ID01141,0
ID01142,0
ID01143,0
ID01144,0
ID01145,0
ID01146,0
ID01147,0
ID01148,0
ID01149,0
ID01150,0
ID01151,0
ID01152,0
ID01153,0
ID01154,0
ID01155,0
ID01156,0
ID01157,0
ID01158,0
ID01159,1
ID01160,0
ID01161,0
ID01162,0
ID01163,0
ID01164,0
ID01165,0
ID01166,1
ID01167,0
ID01168,0
ID01169,0
ID01170,0
ID01171,0
ID01172,0
ID01173,0
ID01174,0
ID01175,0
ID01176,0
ID01177,0
ID01178,0
ID01179,0
ID01180,0
ID01181,0
ID01182,0
ID01183,0
ID01184,0
ID01185,0
ID01186,0
ID01187,0
ID01188,0
ID01189,0
ID01190,0
ID01191,0
ID01192,1
ID01193,0
ID01194,0
ID01195,0
ID01196,0
ID01197,0
ID01198,0
ID01199,0
ID01200,0
ID01201,0
ID01202,0
ID01203,0
ID01204,0
ID01205,0
ID01206,0
ID01207,0
ID01208,0
ID01209,0
ID01210,0
ID01211,0
ID01212,0
ID01213,0
ID01214,0
ID01215,0
ID01216,0
ID01217,0
ID01218,0
ID01219,0
ID01220,0
ID01221,0
ID01222,0
ID01223,0
ID01224,0
ID01225,0
ID01226,0
ID01227,0
ID01228,0
ID01229,0
ID01230,0
ID01231,0
ID01232,0
ID01233,0
ID01234,0
ID01235,0
ID01236,0
ID01237,0
ID01238,0
ID01239,1
ID01240,0
ID01241,0
ID01242,0
ID01243,0
ID01244,0
ID01245,0
ID01246,0
ID01247,0
ID01248,0
ID01249,0
ID01250,0
ID01251,0
ID01252,0
ID01253,0
ID01254,0
ID01255,0
ID01256,1
ID01257,0
ID01258,0
ID01259,0
ID01260,0
ID01261,0
ID01262,0
ID01263,0
ID01264,0
ID01265,0
ID01266,0
ID01267,0
ID01268,0
ID01269,0
ID01270,0
ID01271,1
ID01272,0
ID01273,0
ID01274,0
ID01275,0
ID01276,0
ID01277,0
ID01278,0
ID01279,0
ID01280,0
ID01281,0
ID01282,0
ID01283,0
ID01284,0
ID01285,0
ID01286,0
ID01287,0
ID01288,0
ID01289,0
ID01290,0
ID01291,0
ID01292,0
ID01293,0
ID01294,0
ID01295,0
ID01296,0
ID01297,0
ID01298,1
ID01299,0
ID01300,0
ID01301,0
ID01302,0
ID01303,0
ID01304,0
ID01305,0
ID01306,0
ID01307,0
ID01308,0
ID01309,0
ID01310,0
ID01311,0
ID01312,0
ID01313,0
ID01314,0
ID01315,0
ID01316,0
ID01317,0
ID01318,0
ID01319,0
ID01320,0
ID01321,0
ID01322,0
ID01323,0
ID01324,0
ID01325,0
ID01326,0
ID01327,0
ID01328,0
ID01329,0
ID01330,0
ID01331,1
ID01332,0
ID01333,0
ID01334,0
ID01335,0
ID01336,1
ID01337,0
ID01338,1
ID01339,0
ID01340,0
ID01341,0
ID01342,0
ID01343,0
ID01344,0
ID01345,0
ID01346,0
ID01347,0
ID01348,0
ID01349,0
ID01350,0
ID01351,0
ID01352,1
ID01353,0
ID01354,0
ID01355,0
ID01356,0
ID01357,0
ID01358,1
ID01359,0
ID01360,1
ID01361,0
ID01362,0
ID01363,0
ID01364,0
ID01365,0
ID01366,0
ID01367,0
ID01368,0
ID01369,0
ID01370,0
ID01371,0
ID01372,0
ID01373,0
ID01374,0
ID01375,0
ID01376,0
ID01377,0
ID01378,0
ID01379,0
ID01380,0
ID01381,0
ID01382,0
ID01383,0
ID01384,0
ID01385,0
ID01386,1
ID01387,0
ID01388,0
ID01389,0
ID01390,1
ID01391,0
ID01392,0
ID01393,0
ID01394,0
ID01395,0
ID01396,0
ID01397,0
ID01398,0
ID01399,0
ID01400,0
ID01401,0
ID01402,0
ID01403,0
ID01404,0
ID01405,0
ID01406,0
ID01407,0
ID01408,0
ID01409,0
ID01410,0
ID01411,0
ID01412,0
ID01413,0
ID01414,0
ID01415,0
ID01416,0
ID01417,0
ID01418,0
ID01419,0
ID01420,0
ID01421,0
ID01422,0
ID01423,0
ID01424,0
ID01425,1
ID01426,0
ID01427,0
ID01428,0
ID01429,0
ID01430,0
ID01431,0
ID01432,0
ID01433,0
ID01434,0
ID01435,0
ID01436,0
ID01437,0
ID01438,0
ID01439,0
ID01440,0
ID01441,0
ID01442,0
ID01443,0
ID01444,0
ID01445,0
ID01446,0
ID01447,0
ID01448,0
ID01449,0
ID01450,0
ID01451,0
ID01452,0
ID01453,0
ID01454,0
ID01455,0
ID01456,0
ID01457,0
ID01458,1
ID01459,0
ID01460,0
ID01461,0
ID01462,0
ID01463,0
ID01464,0
ID01465,1
ID01466,0
ID01467,0
ID01468,1
ID01469,0
ID01470,0
ID01471,1
ID01472,0
ID01473,0
ID01474,0
ID01475,0
ID01476,0
ID01477,0
ID01478,0
ID01479,0
ID01480,0
ID01481,0
ID01482,0
ID01483,0
ID01484,0
ID01485,0
ID01486,0
ID01487,0
ID01488,0
ID01489,0
ID01490,1
ID01491,0
ID01492,0
ID01493,0
ID01494,0
ID01495,0
ID01496,0
ID01497,0
ID01498,0
ID01499,0
ID01500,0
ID01501,0
ID01502,0
ID01503,0
ID01504,0
ID01505,0
ID01506,0
ID01507,0
ID01508,0
ID01509,0
ID01510,0
ID01511,0
ID01512,1
ID01513,0
ID01514,1
ID01515,0
ID01516,1
ID01517,0
ID01518,0
ID01519,0
ID01520,0
ID01521,0
ID01522,0
ID01523,0
ID01524,0
ID01525,0
ID01526,0
ID01527,0
ID01528,0
ID01529,0
ID01530,0
ID01531,0
ID01532,0
ID01533,0
ID01534,0
ID01535,0
ID01536,0
ID01537,0
ID01538,0
ID01539,0
ID01540,0
ID01541,0
ID01542,0
ID01543,0
ID01544,0
ID01545,0
ID01546,0
ID01547,0
ID01548,0
ID01549,0
ID01550,0
ID01551,1
ID01552,0
ID01553,0
ID01554,0
ID01555,0
ID01556,0
ID01557,0
ID01558,0
ID01559,0
ID01560,0
ID01561,0
ID01562,0
ID01563,1
ID01564,0
ID01565,1
ID01566,0
ID01567,0
ID01568,0
ID01569,0
ID01570,0
ID01571,0
ID01572,0
ID01573,0
ID01574,0
ID01575,0
ID01576,0
ID01577,0
ID01578,0
ID01579,0
ID01580,0
ID01581,0
ID01582,0
ID01583,0
ID01584,0
ID01585,0
ID01586,1
ID01587,0
ID01588,0
ID01589,0
ID01590,0
ID01591,1
ID01592,0
ID01593,1
ID01594,0
ID01595,0
ID01596,0
ID01597,0
ID01598,0
ID01599,0
ID01600,0
ID01601,1
ID01602,0
ID01603,0
ID01604,0
ID01605,0
ID01606,0
ID01607,0
ID01608,0
ID01609,0
ID01610,0
ID01611,0
ID01612,0
ID01613,0
ID01614,0
ID01615,1
ID01616,0
ID01617,0
ID01618,0
ID01619,0
ID01620,0
ID01621,0
ID01622,0
ID01623,0
ID01624,0
ID01625,0
ID01626,0
ID01627,0
ID01628,0
ID01629,0
ID01630,0
ID01631,0
ID01632,0
ID01633,0
ID01634,0
ID01635,0
ID01636,0
ID01637,0
ID01638,0
ID01639,0
ID01640,0
ID01641,0
ID01642,0
ID01643,0
ID01644,0
ID01645,0
ID01646,1
ID01647,0
ID01648,0
ID01649,0
ID01650,0
ID01651,0
ID01652,0
ID01653,0
ID01654,1
ID01655,0
ID01656,0
ID01657,0
ID01658,0
ID01659,0
ID01660,0
ID01661,0
ID01662,0
ID01663,0
ID01664,0
ID01665,0
ID01666,0
ID01667,0
ID01668,0
ID01669,0
ID01670,1
ID01671,0
ID01672,0
ID01673,0
ID01674,0
ID01675,0
ID01676,0
ID01677,0
ID01678,0
ID01679,0
ID01680,0
ID01681,0
ID01682,0
ID01683,0
ID01684,0
ID01685,0
ID01686,0
ID01687,0
ID01688,0
ID01689,0
ID01690,0
ID01691,0
ID01692,0
ID01693,1
ID01694,0
ID01695,0
ID01696,1
ID01697,0
ID01698,0
ID01699,0
ID01700,0
ID01701,0
ID01702,0
ID01703,0
ID01704,0
ID01705,0
ID01706,0
ID01707,0
ID01708,0
ID01709,0
ID01710,1
ID01711,0
ID01712,0
ID01713,1
ID01714,0
ID01715,0
ID01716,0
ID01717,0
ID01718,0
ID01719,0
ID01720,0
ID01721,0
ID01722,0
ID01723,0
ID01724,0
ID01725,0
ID01726,0
ID01727,0
ID01728,0
ID01729,0
ID01730,0
ID01731,0
ID01732,0
ID01733,0
ID01734,0
ID01735,1
ID01736,0
ID01737,0
ID01738,0
ID01739,0
ID01740,0
ID01741,0
ID01742,0
ID01743,0
ID01744,0
ID01745,0
ID01746,0
ID01747,0
ID01748,0
ID01749,0
ID01750,0
ID01751,0
ID01752,0
ID01753,0
ID01754,0
ID01755,0
ID01756,0
ID01757,0
ID01758,0
ID01759,1
ID01760,0
ID01761,0
ID01762,0
ID01763,0
ID01764,0
ID01765,0
ID01766,0
ID01767,0
ID01768,0
ID01769,0
ID01770,0
ID01771,0
ID01772,0
ID01773,0
ID01774,0
ID01775,0
ID01776,0
ID01777,0
ID01778,0
ID01779,0
ID01780,0
ID01781,0
ID01782,0
ID01783,0
ID01784,0
ID01785,1
ID01786,0
ID01787,0
ID01788,1
ID01789,0
ID01790,0
ID01791,0
ID01792,0
ID01793,0
ID01794,0
ID01795,0
ID01796,0
ID01797,0
ID01798,0
ID01799,0
ID01800,0
ID01801,0
ID01802,0
ID01803,0
ID01804,0
ID01805,0
ID01806,0
ID01807,0
ID01808,0
ID01809,0
ID01810,0
ID01811,0
ID01812,1
ID01813,0
ID01814,0
ID01815,0
ID01816,0
ID01817,0
ID01818,0
ID01819,0
ID01820,0
ID01821,0
ID01822,0
ID01823,0
ID01824,0
ID01825,0
ID01826,0
ID01827,0
ID01828,0
ID01829,0
ID01830,0
ID01831,0
ID01832,0
ID01833,0
ID01834,0
ID01835,0
ID01836,0
ID01837,0
ID01838,0
ID01839,0
ID01840,0
ID01841,0
ID01842,0
ID01843,0
ID01844,0
ID01845,0
ID01846,0
ID01847,0
ID01848,0
ID01849,0
ID01850,0
ID01851,0
ID01852,0
ID01853,0
ID01854,0
ID01855,0
ID01856,0
ID01857,0
ID01858,0
ID01859,0
ID01860,0
ID01861,0
ID01862,0
ID01863,0
ID01864,0
ID01865,0
ID01866,0
ID01867,0
ID01868,0
ID01869,0
ID01870,0
ID01871,0
ID01872,0
ID01873,0
ID01874,0
ID01875,0
ID01876,0
ID01877,0
ID01878,0
ID01879,0
ID01880,0
ID01881,0
ID01882,0
ID01883,0
ID01884,1
ID01885,0
ID01886,0
ID01887,0
ID01888,0
ID01889,0
ID01890,0
ID01891,0
ID01892,0
ID01893,0
ID01894,0
ID01895,0
ID01896,0
ID01897,0
ID01898,0
ID01899,1
ID01900,1
ID01901,0
ID01902,0
ID01903,0
ID01904,0
ID01905,0
ID01906,0
ID01907,0
ID01908,0
ID01909,1
ID01910,0
ID01911,1
ID01912,0
ID01913,0
ID01914,0
ID01915,0
ID01916,0
ID01917,0
ID01918,0
ID01919,0
ID01920,1
ID01921,1
ID01922,0
ID01923,0
ID01924,0
ID01925,0
ID01926,0
ID01927,0
ID01928,0
ID01929,0
ID01930,0
ID01931,0
ID01932,0
ID01933,0
ID01934,0
ID01935,0
ID01936,0
ID01937,0
ID01938,0
ID01939,0
ID01940,0
ID01941,0
ID01942,0
ID01943,0
ID01944,0
ID01945,0
ID01946,0
ID01947,0
ID01948,0
ID01949,1
ID01950,0
ID01951,0
ID01952,0
ID01953,0
ID01954,0
ID01955,1
ID01956,0
ID01957,0
ID01958,0
ID01959,0
ID01960,0
ID01961,0
ID01962,0
ID01963,0
ID01964,0
ID01965,0
ID01966,1
ID01967,0
ID01968,0
ID01969,0
ID01970,0
ID01971,0
ID01972,0
ID01973,0
ID01974,0
ID01975,0
ID01976,0
ID01977,0
ID01978,0
ID01979,0
ID01980,0
ID01981,0
ID01982,0
ID01983,0
ID01984,0
ID01985,0
ID01986,0
ID01987,0
ID01988,0
ID01989,1
ID01990,1
ID01991,0
ID01992,0
ID01993,0
ID01994,0
ID01995,0
ID01996,0
ID01997,0
ID01998,0
ID01999,0
ID02000,0
ID02001,0
ID02002,0
ID02003,1
ID02004,0
ID02005,0
ID02006,0
ID02007,0
ID02008,1
ID02009,0
ID02010,0
ID02011,0
ID02012,0
ID02013,0
ID02014,0
ID02015,0
ID02016,0
ID02017,0
ID02018,1
ID02019,0
ID02020,0
ID02021,1
ID02022,0
ID02023,0
ID02024,0
ID02025,0
ID02026,0
ID02027,0
ID02028,1
ID02029,0
ID02030,0
ID02031,0
ID02032,1
ID02033,0
ID02034,0
ID02035,0
ID02036,0
ID02037,0
ID02038,0
ID02039,0
ID02040,1
ID02041,0
ID02042,0
ID02043,0
ID02044,0
ID02045,0
ID02046,0
ID02047,0
ID02048,0
ID02049,0
ID02050,0
ID02051,0
ID02052,0
ID02053,0
ID02054,0
ID02055,0
ID02056,0
ID02057,0
ID02058,0
ID02059,0
ID02060,0
ID02061,0
ID02062,0
ID02063,0
ID02064,0
ID02065,0
ID02066,1
ID02067,1
ID02068,0
ID02069,0
ID02070,0
ID02071,0
ID02072,0
ID02073,0
ID02074,0
ID02075,0
ID02076,0
ID02077,0
ID02078,0
ID02079,0
ID02080,0
ID02081,0
ID02082,0
ID02083,1
ID02084,0
ID02085,0
ID02086,0
ID02087,0
ID02088,0
ID02089,0
ID02090,0
ID02091,0
ID02092,0
ID02093,0
ID02094,0
ID02095,0
ID02096,1
ID02097,0
ID02098,0
ID02099,0
ID02100,0
ID02101,0
ID02102,0
ID02103,0
ID02104,0
ID02105,0
ID02106,0
ID02107,0
ID02108,0
ID02109,0
ID02110,0
ID02111,0
ID02112,0
ID02113,1
ID02114,0
ID02115,0
ID02116,0
ID02117,0
ID02118,0
ID02119,0
ID02120,0
ID02121,0
ID02122,0
ID02123,0
ID02124,0
ID02125,0
ID02126,0
ID02127,0
ID02128,0
ID02129,0
ID02130,1
ID02131,0
ID02132,0
ID02133,0
ID02134,0
ID02135,0
ID02136,0
ID02137,0
ID02138,1
ID02139,0
ID02140,0
ID02141,0
ID02142,0
ID02143,0
ID02144,0
ID02145,0
ID02146,0
ID02147,0
ID02148,0
ID02149,0
ID02150,0
ID02151,1
ID02152,0
ID02153,1
ID02154,0
ID02155,0
ID02156,1
ID02157,0
ID02158,0
ID02159,0
ID02160,0
ID02161,0
ID02162,0
ID02163,0
ID02164,1
ID02165,0
ID02166,0
ID02167,0
ID02168,0
ID02169,0
ID02170,0
ID02171,0
ID02172,0
ID02173,0
ID02174,0
ID02175,0
ID02176,0
ID02177,0
ID02178,0
ID02179,0
ID02180,0
ID02181,0
ID02182,0
ID02183,0
ID02184,0
ID02185,0
ID02186,0
ID02187,0
ID02188,0
ID02189,0
ID02190,1
ID02191,0
ID02192,0
ID02193,0
ID02194,0
ID02195,1
ID02196,0
ID02197,0
ID02198,0
ID02199,0
ID02200,0
ID02201,0
ID02202,0
ID02203,0
ID02204,0
ID02205,0
ID02206,0
ID02207,0
ID02208,0
ID02209,0
ID02210,0
ID02211,0
ID02212,0
ID02213,0
ID02214,0
ID02215,0
ID02216,0
ID02217,0
ID02218,0
ID02219,0
ID02220,0
ID02221,0
ID02222,0
ID02223,0
ID02224,0
ID02225,0
ID02226,0
ID02227,0
ID02228,0
ID02229,1
ID02230,0
ID02231,0
ID02232,0
ID02233,0
ID02234,0
ID02235,0
ID02236,0
ID02237,0
ID02238,0
ID02239,0
ID02240,0
ID02241,0
ID02242,0
ID02243,0
ID02244,0
ID02245,0
ID02246,0
ID02247,0
ID02248,0
ID02249,0
ID02250,0
ID02251,0
ID02252,0
ID02253,0
ID02254,0
ID02255,0
ID02256,0
ID02257,0
ID02258,0
ID02259,0
ID02260,0
ID02261,0
ID02262,0
ID02263,0
ID02264,0
ID02265,0
ID02266,0
ID02267,0
ID02268,0
ID02269,0
ID02270,1
ID02271,0
ID02272,0
ID02273,0
ID02274,0
ID02275,0
ID02276,0
ID02277,0
ID02278,0
ID02279,0
ID02280,0
ID02281,0
ID02282,0
ID02283,0
ID02284,0
ID02285,0
ID02286,0
ID02287,0
ID02288,0
ID02289,0
ID02290,0
ID02291,0
ID02292,0
ID02293,0
ID02294,0
ID02295,0
ID02296,0
ID02297,0
ID02298,0
ID02299,0
ID02300,0
ID02301,0
ID02302,0
ID02303,0
ID02304,0
ID02305,1
ID02306,0
ID02307,0
ID02308,0
ID02309,0
ID02310,0
ID02311,0
ID02312,0
ID02313,0
ID02314,0
ID02315,0
ID02316,0
ID02317,0
ID02318,0
ID02319,0
ID02320,0
ID02321,0
ID02322,0
ID02323,0
ID02324,0
ID02325,0
ID02326,0
ID02327,0
ID02328,0
ID02329,0
ID02330,0
ID02331,0
ID02332,0
ID02333,0
ID02334,0
ID02335,0
ID02336,0
ID02337,0
ID02338,0
ID02339,0
ID02340,0
ID02341,0
ID02342,1
ID02343,0
ID02344,0
ID02345,0
ID02346,0
ID02347,0
ID02348,0
ID02349,0
ID02350,0
ID02351,0
ID02352,0
ID02353,0
ID02354,0
ID02355,0
ID02356,0
ID02357,0
ID02358,0
ID02359,1
ID02360,0
ID02361,0
ID02362,0
ID02363,0
ID02364,0
ID02365,0
ID02366,0
ID02367,0
ID02368,0
ID02369,0
ID02370,0
ID02371,0
ID02372,0
ID02373,1
ID02374,0
ID02375,0
ID02376,0
ID02377,0
ID02378,0
ID02379,1
ID02380,0
ID02381,0
ID02382,0
ID02383,0
ID02384,0
ID02385,0
ID02386,0
ID02387,0
ID02388,0
ID02389,0
ID02390,0
ID02391,0
ID02392,0
ID02393,0
ID02394,0
ID02395,0
ID02396,0
ID02397,0
ID02398,0
ID02399,0
ID02400,0
ID02401,0
ID02402,0
ID02403,0
ID02404,0
ID02405,0
ID02406,0
ID02407,0
ID02408,0
ID02409,0
ID02410,1
ID02411,0
ID02412,0
ID02413,0
ID02414,0
ID02415,0
ID02416,0
ID02417,0
ID02418,0
ID02419,0
ID02420,0
ID02421,1
ID02422,0
ID02423,0
ID02424,0
ID02425,0
ID02426,0
ID02427,1
ID02428,0
ID02429,0
ID02430,1
ID02431,0
ID02432,0
ID02433,0
ID02434,0
ID02435,0
ID02436,0
ID02437,0
ID02438,0
ID02439,0
ID02440,0
ID02441,0
ID02442,0
ID02443,0
ID02444,0
ID02445,0
ID02446,0
ID02447,0
ID02448,0
ID02449,0
ID02450,0
ID02451,0
ID02452,0
ID02453,0
ID02454,0
ID02455,0
ID02456,0
ID02457,0
ID02458,0
ID02459,0
ID02460,1
ID02461,0
ID02462,0
ID02463,0
ID02464,0
ID02465,0
ID02466,0
ID02467,0
ID02468,0
ID02469,0
ID02470,0
ID02471,0
ID02472,0
ID02473,0
ID02474,0
ID02475,0
ID02476,0
ID02477,0
ID02478,0
ID02479,0
ID02480,0
ID02481,0
ID02482,0
ID02483,0
ID02484,0
ID02485,0
ID02486,0
ID02487,0
ID02488,0
ID02489,0
ID02490,0
ID02491,0
ID02492,0
ID02493,0
ID02494,0
ID02495,0
ID02496,0
ID02497,0
ID02498,0
ID02499,0
ID02500,0
ID02501,0
ID02502,0
ID02503,0
ID02504,0
ID02505,0
ID02506,0
ID02507,0
ID02508,0
ID02509,0
ID02510,0
ID02511,0
ID02512,0
ID02513,0
ID02514,0
ID02515,0
ID02516,1
ID02517,0
ID02518,0
ID02519,0
ID02520,0
ID02521,0
ID02522,0
ID02523,0
ID02524,0
ID02525,0
ID02526,1
ID02527,0
ID02528,0
ID02529,0
ID02530,1
ID02531,0
ID02532,0
ID02533,0
ID02534,0
ID02535,0
ID02536,0
ID02537,0
ID02538,0
ID02539,0
ID02540,0
ID02541,0
ID02542,0
ID02543,0
ID02544,1
ID02545,0
ID02546,0
ID02547,0
ID02548,0
ID02549,0
ID02550,0
ID02551,1
ID02552,0
ID02553,0
ID02554,0
ID02555,0
ID02556,0
ID02557,0
ID02558,0
ID02559,0
ID02560,0
ID02561,0
ID02562,0
ID02563,0
ID02564,0
ID02565,0
ID02566,0
ID02567,0
ID02568,0
ID02569,0
ID02570,0
ID02571,0
ID02572,0
ID02573,0
ID02574,0
ID02575,0
ID02576,1
ID02577,0
ID02578,0
ID02579,0
ID02580,0
ID02581,0
ID02582,0
ID02583,0
ID02584,0
ID02585,1
ID02586,0
ID02587,0
ID02588,0
ID02589,0
ID02590,0
ID02591,0
ID02592,0
ID02593,0
ID02594,0
ID02595,0
ID02596,0
ID02597,0
ID02598,0
ID02599,0
ID02600,0
ID02601,0
ID02602,0
ID02603,0
ID02604,0
ID02605,0
ID02606,0
ID02607,0
ID02608,0
ID02609,0
ID02610,0
ID02611,0
ID02612,1
ID02613,0
ID02614,0
ID02615,0
ID02616,0
ID02617,0
ID02618,0
ID02619,0
ID02620,0
ID02621,0
ID02622,0
ID02623,0
ID02624,0
ID02625,0
ID02626,0
ID02627,0
ID02628,0
ID02629,0
ID02630,0
ID02631,1
ID02632,0
ID02633,1
ID02634,0
ID02635,0
ID02636,0
ID02637,1
ID02638,0
ID02639,0
ID02640,0
ID02641,1
ID02642,0
ID02643,0
ID02644,0
ID02645,0
ID02646,0
ID02647,0
ID02648,0
ID02649,0
ID02650,0
ID02651,0
ID02652,0
ID02653,0
ID02654,0
ID02655,0
ID02656,0
ID02657,0
ID02658,0
ID02659,0
ID02660,0
ID02661,0
ID02662,0
ID02663,0
ID02664,0
ID02665,0
ID02666,0
ID02667,0
ID02668,0
ID02669,0
ID02670,0
ID02671,0
ID02672,0
ID02673,0
ID02674,0
ID02675,0
ID02676,0
ID02677,0
ID02678,0
ID02679,0
ID02680,0
ID02681,1
ID02682,0
ID02683,0
ID02684,0
ID02685,0
ID02686,0
ID02687,0
ID02688,0
ID02689,0
ID02690,0
ID02691,0
ID02692,0
ID02693,1
ID02694,0
ID02695,0
ID02696,0
ID02697,0
ID02698,0
ID02699,0
ID02700,0
ID02701,0
ID02702,0
ID02703,0
ID02704,0
ID02705,0
ID02706,0
ID02707,0
ID02708,0
ID02709,0
ID02710,0
ID02711,0
ID02712,0
ID02713,0
ID02714,0
ID02715,0
ID02716,0
ID02717,0
ID02718,0
ID02719,0
ID02720,0
ID02721,0
ID02722,0
ID02723,0
ID02724,0
ID02725,0
ID02726,1
ID02727,0
ID02728,0
ID02729,0
ID02730,0
ID02731,0
ID02732,0
ID02733,0
ID02734,0
ID02735,0
ID02736,0
ID02737,0
ID02738,0
ID02739,1
ID02740,0
ID02741,0
ID02742,0
ID02743,0
ID02744,0
ID02745,0
ID02746,0
ID02747,0
ID02748,0
ID02749,0
ID02750,0
ID02751,0
ID02752,0
ID02753,0
ID02754,0
ID02755,0
ID02756,0
ID02757,0
ID02758,0
ID02759,0
ID02760,0
ID02761,0
ID02762,0
ID02763,0
ID02764,1
ID02765,0
ID02766,0
ID02767,0
ID02768,0
ID02769,0
ID02770,0
ID02771,0
ID02772,0
ID02773,0
ID02774,0
ID02775,1
ID02776,0
ID02777,0
ID02778,0
ID02779,0
ID02780,0
ID02781,0
ID02782,1
ID02783,0
ID02784,0
ID02785,0
ID02786,0
ID02787,0
ID02788,0
ID02789,0
ID02790,0
ID02791,0
ID02792,0
ID02793,0
ID02794,0
ID02795,1
ID02796,0
ID02797,0
ID02798,0
ID02799,0
ID02800,1
ID02801,0
ID02802,0
ID02803,0
ID02804,0
ID02805,0
ID02806,0
ID02807,0
ID02808,0
ID02809,0
ID02810,1
ID02811,0
ID02812,0
ID02813,0
ID02814,0
ID02815,0
ID02816,0
ID02817,0
ID02818,1
ID02819,0
ID02820,0
ID02821,0
ID02822,1
ID02823,0
ID02824,0
ID02825,0
ID02826,0
ID02827,1
ID02828,0
ID02829,0
ID02830,0
ID02831,0
ID02832,0
ID02833,0
ID02834,0
ID02835,0
ID02836,0
ID02837,0
ID02838,0
ID02839,0
ID02840,1
ID02841,0
ID02842,0
ID02843,0
ID02844,0
ID02845,1
ID02846,0
ID02847,0
ID02848,0
ID02849,0
ID02850,0
ID02851,0
ID02852,0
ID02853,1
ID02854,0
ID02855,0
ID02856,0
ID02857,0
ID02858,0
ID02859,0
ID02860,0
ID02861,0
ID02862,0
ID02863,0
ID02864,0
ID02865,0
ID02866,0
ID02867,0
ID02868,0
ID02869,0
ID02870,0
ID02871,0
ID02872,0
ID02873,0
ID02874,0
ID02875,0
ID02876,0
ID02877,0
ID02878,0
ID02879,0
ID02880,0
ID02881,0
ID02882,0
ID02883,0
ID02884,1
ID02885,0
ID02886,0
ID02887,0
ID02888,0
ID02889,0
ID02890,1
ID02891,0
ID02892,0
ID02893,0
ID02894,0
ID02895,0
ID02896,0
ID02897,0
ID02898,1
ID02899,0
ID02900,0
ID02901,0
ID02902,0
ID02903,0
ID02904,0
ID02905,0
ID02906,0
ID02907,0
ID02908,0
ID02909,0
ID02910,0
ID02911,0
ID02912,0
ID02913,0
ID02914,0
ID02915,0
ID02916,0
ID02917,0
ID02918,0
ID02919,0
ID02920,0
ID02921,0
ID02922,0
ID02923,0
ID02924,0
ID02925,0
ID02926,0
ID02927,0
ID02928,0
ID02929,0
ID02930,0
ID02931,0
ID02932,0
ID02933,0
ID02934,0
ID02935,0
ID02936,1
ID02937,0
ID02938,0
ID02939,0
ID02940,0
ID02941,1
ID02942,0
ID02943,0
ID02944,0
ID02945,0
ID02946,0
ID02947,0
ID02948,0
ID02949,0
ID02950,0
ID02951,0
ID02952,0
ID02953,0
ID02954,0
ID02955,0
ID02956,0
ID02957,0
ID02958,0
ID02959,0
ID02960,0
ID02961,0
ID02962,0
ID02963,0
ID02964,0
ID02965,0
ID02966,0
ID02967,0
ID02968,0
ID02969,0
ID02970,0
ID02971,0
ID02972,0
ID02973,0
ID02974,0
ID02975,0
ID02976,0
ID02977,0
ID02978,0
ID02979,0
ID02980,0
ID02981,0
ID02982,0
ID02983,0
ID02984,0
ID02985,0
ID02986,0
ID02987,0
ID02988,0
ID02989,1
ID02990,0
ID02991,0
ID02992,0
ID02993,0
ID02994,0
ID02995,0
ID02996,0
ID02997,0
ID02998,0
ID02999,0
ID03000,0
ID03001,0
ID03002,0
ID03003,0
ID03004,0
ID03005,0
ID03006,0
ID03007,0
ID03008,0
ID03009,0
ID03010,0
ID03011,0
ID03012,0
ID03013,0
ID03014,0
ID03015,0
ID03016,0
ID03017,0
ID03018,0
ID03019,1
ID03020,0
ID03021,0
ID03022,0
ID03023,0
ID03024,0
ID03025,1
ID03026,0
ID03027,0
ID03028,0
ID03029,0
ID03030,0
ID03031,0
ID03032,0
ID03033,0
ID03034,0
ID03035,0
ID03036,0
ID03037,0
ID03038,0
ID03039,0
ID03040,0
ID03041,0
ID03042,0
ID03043,0
ID03044,0
ID03045,0
ID03046,0
ID03047,0
ID03048,0
ID03049,0
ID03050,0
ID03051,0
ID03052,1
ID03053,0
ID03054,0
ID03055,0
ID03056,0
ID03057,0
ID03058,0
ID03059,0
ID03060,0
ID03061,0
ID03062,0
ID03063,0
ID03064,0
ID03065,0
ID03066,1
ID03067,1
ID03068,0
ID03069,0
ID03070,0
ID03071,0
ID03072,0
ID03073,0
ID03074,0
ID03075,0
ID03076,0
ID03077,0
ID03078,0
ID03079,0
ID03080,0
ID03081,0
ID03082,0
ID03083,0
ID03084,0
ID03085,0
ID03086,0
ID03087,0
ID03088,0
ID03089,0
ID03090,0
ID03091,0
ID03092,0
ID03093,0
ID03094,1
ID03095,0
ID03096,0
ID03097,0
ID03098,0
ID03099,0
ID03100,0
ID03101,0
ID03102,1
ID03103,0
ID03104,0
ID03105,0
ID03106,0
ID03107,0
ID03108,0
ID03109,0
ID03110,0
ID03111,0
ID03112,0
ID03113,1
ID03114,0
ID03115,0
ID03116,1
ID03117,0
ID03118,0
ID03119,0
ID03120,0
ID03121,0
ID03122,0
ID03123,0
ID03124,1
ID03125,0
ID03126,0
ID03127,0
ID03128,0
ID03129,0
ID03130,0
ID03131,0
ID03132,0
ID03133,0
ID03134,0
ID03135,0
ID03136,0
ID03137,0
ID03138,0
ID03139,0
ID03140,0
ID03141,0
ID03142,0
ID03143,0
ID03144,0
ID03145,0
ID03146,0
ID03147,0
ID03148,0
ID03149,0
ID03150,0
ID03151,0
ID03152,0
ID03153,0
ID03154,0
ID03155,0
ID03156,0
ID03157,0
ID03158,0
ID03159,1
ID03160,0
ID03161,0
ID03162,0
ID03163,0
ID03164,0
ID03165,0
ID03166,1
ID03167,0
ID03168,0
ID03169,0
ID03170,0
ID03171,0
ID03172,0
ID03173,0
ID03174,0
ID03175,0
ID03176,0
ID03177,1
ID03178,0
ID03179,0
ID03180,0
ID03181,0
ID03182,0
ID03183,0
ID03184,0
ID03185,0
ID03186,0
ID03187,0
ID03188,0
ID03189,0
ID03190,0
ID03191,0
ID03192,0
ID03193,0
ID03194,0
ID03195,0
ID03196,0
ID03197,0
ID03198,0
ID03199,0
ID03200,0
ID03201,0
ID03202,1
ID03203,0
ID03204,0
ID03205,0
ID03206,0
ID03207,0
ID03208,0
ID03209,0
ID03210,0
ID03211,0
ID03212,0
ID03213,0
ID03214,0
ID03215,0
ID03216,0
ID03217,0
ID03218,0
ID03219,0
ID03220,0
ID03221,0
ID03222,0
ID03223,0
ID03224,0
ID03225,0
ID03226,0
ID03227,0
ID03228,0
ID03229,0
ID03230,0
ID03231,0
ID03232,0
ID03233,0
ID03234,0
ID03235,0
ID03236,0
ID03237,0
ID03238,0
ID03239,0
ID03240,0
ID03241,0
ID03242,0
ID03243,0
ID03244,0
ID03245,0
ID03246,0
ID03247,0
ID03248,0
ID03249,0
ID03250,0
ID03251,0
ID03252,0
ID03253,0
ID03254,0
ID03255,0
ID03256,0
ID03257,0
ID03258,0
ID03259,0
ID03260,0
ID03261,0
ID03262,0
ID03263,0
ID03264,0
ID03265,0
ID03266,0
ID03267,0
ID03268,0
ID03269,0
ID03270,0
ID03271,0
ID03272,0
ID03273,0
ID03274,0
ID03275,1
ID03276,0
ID03277,0
ID03278,0
ID03279,0
ID03280,0
ID03281,0
ID03282,1
ID03283,0
ID03284,0
ID03285,0
ID03286,0
ID03287,0
ID03288,0
ID03289,0
ID03290,0
ID03291,0
ID03292,0
ID03293,0
ID03294,0
ID03295,1
ID03296,1
ID03297,0
ID03298,0
ID03299,0
ID03300,0
ID03301,0
ID03302,0
ID03303,0
ID03304,0
ID03305,0
ID03306,0
ID03307,0
ID03308,0
ID03309,0
ID03310,0
ID03311,0
ID03312,0
ID03313,0
ID03314,0
ID03315,1
ID03316,0
ID03317,0
ID03318,0
ID03319,0
ID03320,0
ID03321,0
ID03322,0
ID03323,0
ID03324,0
ID03325,0
ID03326,0
ID03327,0
ID03328,0
ID03329,0
ID03330,0
ID03331,0
ID03332,0
ID03333,0
ID03334,0
ID03335,0
ID03336,0
ID03337,0
ID03338,0
ID03339,0
ID03340,0
ID03341,0
ID03342,1
ID03343,0
ID03344,0
ID03345,0
ID03346,0
ID03347,0
ID03348,0
ID03349,0
ID03350,0
ID03351,0
ID03352,0
ID03353,0
ID03354,0
ID03355,0
ID03356,0
ID03357,0
ID03358,0
ID03359,0
ID03360,0
ID03361,0
ID03362,0
ID03363,0
ID03364,0
ID03365,0
ID03366,0
ID03367,0
ID03368,0
ID03369,0
ID03370,0
ID03371,0
ID03372,0
ID03373,0
ID03374,0
ID03375,0
ID03376,0
ID03377,0
ID03378,1
ID03379,0
ID03380,0
ID03381,0
ID03382,0
ID03383,0
ID03384,0
ID03385,0
ID03386,0
ID03387,0
ID03388,0
ID03389,0
ID03390,0
ID03391,0
ID03392,0
ID03393,0
ID03394,0
ID03395,0
ID03396,0
ID03397,0
ID03398,0
ID03399,0
ID03400,0
ID03401,0
ID03402,0
ID03403,0
ID03404,0
ID03405,0
ID03406,0
ID03407,0
ID03408,0
ID03409,0
ID03410,0
ID03411,0
ID03412,0
ID03413,0
ID03414,0
ID03415,0
ID03416,0
ID03417,1
ID03418,0
ID03419,0
ID03420,0
ID03421,0
ID03422,0
ID03423,1
ID03424,0
ID03425,0
ID03426,1
ID03427,0
ID03428,0
ID03429,0
ID03430,0
ID03431,0
ID03432,0
ID03433,0
ID03434,0
ID03435,0
ID03436,0
ID03437,0
ID03438,0
ID03439,0
ID03440,1
ID03441,0
ID03442,0
ID03443,0
ID03444,0
ID03445,1
ID03446,0
ID03447,0
ID03448,0
ID03449,1
ID03450,0
ID03451,0
ID03452,0
ID03453,0
ID03454,0
ID03455,0
ID03456,0
ID03457,0
ID03458,1
ID03459,0
ID03460,0
ID03461,0
ID03462,0
ID03463,0
ID03464,0
ID03465,0
ID03466,0
ID03467,0
ID03468,1
ID03469,0
ID03470,0
ID03471,0
ID03472,0
ID03473,0
ID03474,0
ID03475,0
ID03476,0
ID03477,0
ID03478,0
ID03479,0
ID03480,0
ID03481,0
ID03482,0
ID03483,0
ID03484,1
ID03485,0
ID03486,0
ID03487,0
ID03488,0
ID03489,0
ID03490,0
ID03491,0
ID03492,0
ID03493,0
ID03494,0
ID03495,0
ID03496,1
ID03497,0
ID03498,0
ID03499,0
ID03500,0
ID03501,0
ID03502,0
ID03503,0
ID03504,0
ID03505,0
ID03506,0
ID03507,1
ID03508,0
ID03509,0
ID03510,0
ID03511,0
ID03512,0
ID03513,0
ID03514,1
ID03515,0
ID03516,0
ID03517,0
ID03518,0
ID03519,0
ID03520,0
ID03521,0
ID03522,0
ID03523,0
ID03524,0
ID03525,0
ID03526,0
ID03527,0
ID03528,0
ID03529,0
ID03530,0
ID03531,0
ID03532,0
ID03533,0
ID03534,0
ID03535,0
ID03536,0
ID03537,0
ID03538,0
ID03539,0
ID03540,0
ID03541,0
ID03542,0
ID03543,0
ID03544,0
ID03545,0
ID03546,0
ID03547,0
ID03548,0
ID03549,0
ID03550,0
ID03551,0
ID03552,0
ID03553,0
ID03554,0
ID03555,0
ID03556,0
ID03557,0
ID03558,0
ID03559,0
ID03560,0
ID03561,1
ID03562,0
ID03563,0
ID03564,0
ID03565,0
ID03566,0
ID03567,0
ID03568,0
ID03569,0
ID03570,0
ID03571,0
ID03572,1
ID03573,0
ID03574,0
ID03575,0
ID03576,0
ID03577,0
ID03578,0
ID03579,0
ID03580,0
ID03581,0
ID03582,0
ID03583,0
ID03584,0
ID03585,0
ID03586,0
ID03587,0
ID03588,0
ID03589,0
ID03590,0
ID03591,0
ID03592,0
ID03593,0
ID03594,0
ID03595,0
ID03596,0
ID03597,0
ID03598,0
ID03599,0
ID03600,0
ID03601,0
ID03602,0
ID03603,0
ID03604,1
ID03605,0
ID03606,0
ID03607,0
ID03608,0
ID03609,0
ID03610,0
ID03611,0
ID03612,0
ID03613,0
ID03614,0
ID03615,0
ID03616,0
ID03617,0
ID03618,0
ID03619,1
ID03620,0
ID03621,0
ID03622,0
ID03623,1
ID03624,0
ID03625,0
ID03626,0
ID03627,0
ID03628,0
ID03629,0
ID03630,0
ID03631,1
ID03632,0
ID03633,0
ID03634,0
ID03635,0
ID03636,0
ID03637,0
ID03638,0
ID03639,0
ID03640,0
ID03641,0
ID03642,0
ID03643,0
ID03644,1
ID03645,0
ID03646,0
ID03647,1
ID03648,0
ID03649,0
ID03650,1
ID03651,0
ID03652,1
ID03653,0
ID03654,0
ID03655,0
ID03656,1
ID03657,0
ID03658,0
ID03659,0
ID03660,0
ID03661,0
ID03662,0
ID03663,0
ID03664,1
ID03665,0
ID03666,0
ID03667,0
ID03668,0
ID03669,0
ID03670,0
ID03671,0
ID03672,0
ID03673,0
ID03674,0
ID03675,0
ID03676,0
ID03677,0
ID03678,0
ID03679,0
ID03680,0
ID03681,0
ID03682,0
ID03683,0
ID03684,0
ID03685,0
ID03686,0
ID03687,0
ID03688,0
ID03689,0
ID03690,0
ID03691,0
ID03692,0
ID03693,0
ID03694,0
ID03695,0
ID03696,0
ID03697,0
ID03698,0
ID03699,0
ID03700,0
ID03701,0
ID03702,0
ID03703,0
ID03704,0
ID03705,0
ID03706,0
ID03707,0
ID03708,1
ID03709,0
ID03710,0
ID03711,0
ID03712,0
ID03713,0
ID03714,0
ID03715,0
ID03716,0
ID03717,0
ID03718,0
ID03719,0
ID03720,0
ID03721,0
ID03722,0
ID03723,0
ID03724,0
ID03725,0
ID03726,0
ID03727,0
ID03728,0
ID03729,0
ID03730,0
ID03731,0
ID03732,0
ID03733,0
ID03734,0
ID03735,0
ID03736,1
ID03737,1
ID03738,0
ID03739,0
ID03740,1
ID03741,0
ID03742,0
ID03743,0
ID03744,0
ID03745,0
ID03746,0
ID03747,0
ID03748,0
ID03749,0
ID03750,0
ID03751,0
ID03752,0
ID03753,0
ID03754,0
ID03755,0
ID03756,0
ID03757,0
ID03758,0
ID03759,0
ID03760,0
ID03761,0
ID03762,0
ID03763,0
ID03764,0
ID03765,0
ID03766,0
ID03767,1
ID03768,0
ID03769,0
ID03770,0
ID03771,0
ID03772,0
ID03773,1
ID03774,0
ID03775,0
ID03776,0
ID03777,1
ID03778,0
ID03779,0
ID03780,0
ID03781,0
ID03782,0
ID03783,0
ID03784,0
ID03785,0
ID03786,0
ID03787,0
ID03788,0
ID03789,0
ID03790,0
ID03791,1
ID03792,0
ID03793,0
ID03794,0
ID03795,1
ID03796,0
ID03797,0
ID03798,0
ID03799,0
ID03800,0
ID03801,0
ID03802,0
ID03803,0
ID03804,0
ID03805,0
ID03806,0
ID03807,1
ID03808,0
ID03809,0
ID03810,0
ID03811,0
ID03812,0
ID03813,0
ID03814,0
ID03815,0
ID03816,0
ID03817,0
ID03818,0
ID03819,0
ID03820,0
ID03821,0
ID03822,0
ID03823,0
ID03824,0
ID03825,0
ID03826,0
ID03827,0
ID03828,0
ID03829,0
ID03830,0
ID03831,0
ID03832,0
ID03833,1
ID03834,0
ID03835,0
ID03836,0
ID03837,0
ID03838,0
ID03839,0
ID03840,0
ID03841,0
ID03842,0
ID03843,0
ID03844,0
ID03845,0
ID03846,0
ID03847,0
ID03848,0
ID03849,0
ID03850,0
ID03851,0
ID03852,0
ID03853,0
ID03854,0
ID03855,0
ID03856,0
ID03857,0
ID03858,0
ID03859,0
ID03860,0
ID03861,0
ID03862,1
ID03863,0
ID03864,0
ID03865,0
ID03866,0
ID03867,0
ID03868,0
ID03869,0
ID03870,0
ID03871,0
ID03872,0
ID03873,0
ID03874,0
ID03875,0
ID03876,0
ID03877,0
ID03878,0
ID03879,0
ID03880,0
ID03881,0
ID03882,0
ID03883,0
ID03884,0
ID03885,0
ID03886,0
ID03887,0
ID03888,0
ID03889,1
ID03890,0
ID03891,0
ID03892,0
ID03893,0
ID03894,0
ID03895,0
ID03896,0
ID03897,0
ID03898,0
ID03899,0
ID03900,0
ID03901,0
ID03902,0
ID03903,1
ID03904,1
ID03905,0
ID03906,0
ID03907,0
ID03908,0
ID03909,0
ID03910,0
ID03911,0
ID03912,0
ID03913,0
ID03914,0
ID03915,0
ID03916,0
ID03917,0
ID03918,0
ID03919,0
ID03920,0
ID03921,0
ID03922,0
ID03923,0
ID03924,0
ID03925,0
ID03926,1
ID03927,1
ID03928,0
ID03929,0
ID03930,0
ID03931,0
ID03932,0
ID03933,0
ID03934,0
ID03935,0
ID03936,0
ID03937,0
ID03938,0
ID03939,0
ID03940,0
ID03941,0
ID03942,0
ID03943,0
ID03944,0
ID03945,0
ID03946,0
ID03947,0
ID03948,0
ID03949,0
ID03950,0
ID03951,0
ID03952,0
ID03953,0
ID03954,0
ID03955,0
ID03956,0
ID03957,0
ID03958,0
ID03959,1
ID03960,0
ID03961,0
ID03962,0
ID03963,0
ID03964,0
ID03965,0
ID03966,0
ID03967,0
ID03968,0
ID03969,0
ID03970,0
ID03971,0
ID03972,0
ID03973,0
ID03974,0
ID03975,0
ID03976,0
ID03977,0
ID03978,1
ID03979,0
ID03980,0
ID03981,0
ID03982,0
ID03983,0
ID03984,1
ID03985,0
ID03986,0
ID03987,0
ID03988,0
ID03989,0
ID03990,0
ID03991,0
ID03992,0
ID03993,0
ID03994,0
ID03995,0
ID03996,0
ID03997,0
ID03998,0
ID03999,0
ID04000,0
ID04001,0
ID04002,0
ID04003,1
ID04004,0
ID04005,0
ID04006,1
ID04007,0
ID04008,0
ID04009,0
ID04010,0
ID04011,0
ID04012,0
ID04013,1
ID04014,0
ID04015,0
ID04016,0
ID04017,0
ID04018,0
ID04019,1
ID04020,0
ID04021,0
ID04022,0
ID04023,0
ID04024,0
ID04025,0
ID04026,0
ID04027,0
ID04028,0
ID04029,0
ID04030,0
ID04031,0
ID04032,0
ID04033,0
ID04034,0
ID04035,0
ID04036,0
ID04037,0
ID04038,0
ID04039,0
ID04040,0
ID04041,0
ID04042,0
ID04043,0
ID04044,0
ID04045,0
ID04046,0
ID04047,0
ID04048,0
ID04049,1
ID04050,0
ID04051,0
ID04052,0
ID04053,0
ID04054,0
ID04055,0
ID04056,1
ID04057,0
ID04058,0
ID04059,0
ID04060,0
ID04061,1
ID04062,0
ID04063,0
ID04064,0
ID04065,0
ID04066,0
ID04067,0
ID04068,0
ID04069,1
ID04070,0
ID04071,0
ID04072,0
ID04073,1
ID04074,0
ID04075,0
ID04076,0
ID04077,0
ID04078,0
ID04079,0
ID04080,0
ID04081,0
ID04082,0
ID04083,0
ID04084,0
ID04085,0
ID04086,0
ID04087,0
ID04088,0
ID04089,0
ID04090,0
ID04091,0
ID04092,1
ID04093,0
ID04094,0
ID04095,0
ID04096,0
ID04097,0
ID04098,0
ID04099,0
ID04100,0
ID04101,0
ID04102,0
ID04103,0
ID04104,0
ID04105,0
ID04106,0
ID04107,1
ID04108,1
ID04109,0
ID04110,0
ID04111,0
ID04112,0
ID04113,0
ID04114,0
ID04115,0
ID04116,0
ID04117,1
ID04118,0
ID04119,0
ID04120,0
ID04121,0
ID04122,0
ID04123,0
ID04124,0
ID04125,0
ID04126,0
ID04127,0
ID04128,0
ID04129,0
ID04130,0
ID04131,0
ID04132,0
ID04133,0
ID04134,0
ID04135,0
ID04136,0
ID04137,0
ID04138,0
ID04139,0
ID04140,0
ID04141,0
ID04142,0
ID04143,0
ID04144,0
ID04145,0
ID04146,0
ID04147,0
ID04148,0
ID04149,0
ID04150,0
ID04151,0
ID04152,0
ID04153,0
ID04154,1
ID04155,0
ID04156,0
ID04157,0
ID04158,0
ID04159,0
ID04160,0
ID04161,0
ID04162,0
ID04163,0
ID04164,0
ID04165,0
ID04166,0
ID04167,0
ID04168,0
ID04169,0
ID04170,0
ID04171,0
ID04172,0
ID04173,0
ID04174,0
ID04175,0
ID04176,0
ID04177,1
ID04178,0
ID04179,0
ID04180,1
ID04181,0
ID04182,0
ID04183,0
ID04184,0
ID04185,0
ID04186,0
ID04187,0
ID04188,0
ID04189,0
ID04190,0
ID04191,0
ID04192,0
ID04193,0
ID04194,0
ID04195,0
ID04196,0
ID04197,0
ID04198,0
ID04199,0
ID04200,0
ID04201,0
ID04202,0
ID04203,0
ID04204,0
ID04205,0
ID04206,0
ID04207,0
ID04208,0
ID04209,0
ID04210,0
ID04211,0
ID04212,0
ID04213,0
ID04214,0
ID04215,0
ID04216,0
ID04217,0
ID04218,0
ID04219,0
ID04220,0
ID04221,0
ID04222,1
ID04223,0
ID04224,0
ID04225,0
ID04226,0
ID04227,0
ID04228,0
ID04229,0
ID04230,0
ID04231,0
ID04232,0
ID04233,0
ID04234,0
ID04235,1
ID04236,0
ID04237,1
ID04238,0
ID04239,0
ID04240,0
ID04241,0
ID04242,0
ID04243,0
ID04244,0
ID04245,0
ID04246,0
ID04247,0
ID04248,0
ID04249,0
ID04250,0
ID04251,0
ID04252,0
ID04253,0
ID04254,0
ID04255,0
ID04256,0
ID04257,0
ID04258,0
ID04259,0
ID04260,0
ID04261,0
ID04262,0
ID04263,0
ID04264,0
ID04265,0
ID04266,0
ID04267,1
ID04268,0
ID04269,0
ID04270,0
ID04271,0
ID04272,0
ID04273,0
ID04274,0
ID04275,0
ID04276,0
ID04277,0
ID04278,1
ID04279,1
ID04280,1
ID04281,0
ID04282,1
ID04283,0
ID04284,1
ID04285,0
ID04286,1
ID04287,0
ID04288,0
ID04289,0
ID04290,0
ID04291,0
ID04292,0
ID04293,0
ID04294,0
ID04295,1
ID04296,0
ID04297,0
ID04298,0
ID04299,0
ID04300,0
ID04301,0
ID04302,0
ID04303,0
ID04304,0
ID04305,0
ID04306,0
ID04307,0
ID04308,0
ID04309,0
ID04310,0
ID04311,0
ID04312,0
ID04313,0
ID04314,0
ID04315,0
ID04316,0
ID04317,0
ID04318,0
ID04319,0
ID04320,0
ID04321,0
ID04322,0
ID04323,0
ID04324,0
ID04325,0
ID04326,0
ID04327,0
ID04328,0
ID04329,0
ID04330,0
ID04331,0
ID04332,0
ID04333,0
ID04334,0
ID04335,0
ID04336,0
ID04337,0
ID04338,0
ID04339,0
ID04340,0
ID04341,0
ID04342,0
ID04343,0
ID04344,0
ID04345,0
ID04346,0
ID04347,0
ID04348,0
ID04349,0
ID04350,0
ID04351,0
ID04352,0
ID04353,0
ID04354,0
ID04355,0
ID04356,0
ID04357,1
ID04358,0
ID04359,0
ID04360,0
ID04361,0
ID04362,0
ID04363,0
ID04364,0
ID04365,0
ID04366,0
ID04367,0
ID04368,0
ID04369,0
ID04370,0
ID04371,0
ID04372,0
ID04373,1
ID04374,1
ID04375,0
ID04376,0
ID04377,0
ID04378,0
ID04379,0
ID04380,0
ID04381,0
ID04382,0
ID04383,0
ID04384,0
ID04385,0
ID04386,0
ID04387,0
ID04388,1
ID04389,0
ID04390,0
ID04391,0
ID04392,0
ID04393,0
ID04394,0
ID04395,0
ID04396,0
ID04397,0
ID04398,0
ID04399,0
ID04400,0
ID04401,0
ID04402,0
ID04403,0
ID04404,0
ID04405,0
ID04406,0
ID04407,0
ID04408,0
ID04409,0
ID04410,0
ID04411,0
ID04412,0
ID04413,0
ID04414,0
ID04415,0
ID04416,1
ID04417,0
ID04418,0
ID04419,0
ID04420,0
ID04421,0
ID04422,0
ID04423,0
ID04424,0
ID04425,0
ID04426,0
ID04427,0
ID04428,0
ID04429,0
ID04430,0
ID04431,0
ID04432,0
ID04433,0
ID04434,0
ID04435,0
ID04436,0
ID04437,0
ID04438,0
ID04439,0
ID04440,0
ID04441,0
ID04442,0
ID04443,0
ID04444,0
ID04445,0
ID04446,1
ID04447,0
ID04448,0
ID04449,0
ID04450,0
ID04451,0
ID04452,0
ID04453,0
ID04454,0
ID04455,0
ID04456,0
ID04457,0
ID04458,0
ID04459,0
ID04460,0
ID04461,0
ID04462,0
ID04463,0
ID04464,0
ID04465,0
ID04466,0
ID04467,0
ID04468,0
ID04469,0
ID04470,0
ID04471,0
ID04472,0
ID04473,0
ID04474,0
ID04475,0
ID04476,0
ID04477,0
ID04478,0
ID04479,0
ID04480,0
ID04481,0
ID04482,0
ID04483,0
ID04484,0
ID04485,0
ID04486,0
ID04487,0
ID04488,0
ID04489,0
ID04490,0
ID04491,0
ID04492,0
ID04493,0
ID04494,0
ID04495,0
ID04496,1
ID04497,0
ID04498,0
ID04499,0
ID04500,1
ID04501,0
ID04502,0
ID04503,0
ID04504,0
ID04505,0
ID04506,1
ID04507,0
ID04508,0
ID04509,0
ID04510,0
ID04511,0
ID04512,0
ID04513,0
ID04514,0
ID04515,0
ID04516,0
ID04517,0
ID04518,0
ID04519,0
ID04520,0
ID04521,0
ID04522,0
ID04523,0
ID04524,0
ID04525,0
ID04526,1
ID04527,0
ID04528,0
ID04529,1
ID04530,0
ID04531,0
ID04532,0
ID04533,0
ID04534,0
ID04535,0
ID04536,0
ID04537,0
ID04538,0
ID04539,0
ID04540,0
ID04541,0
ID04542,0
ID04543,0
ID04544,0
ID04545,0
ID04546,0
ID04547,0
ID04548,0
ID04549,0
ID04550,0
ID04551,0
ID04552,0
ID04553,0
ID04554,0
ID04555,0
ID04556,0
ID04557,0
ID04558,0
ID04559,0
ID04560,0
ID04561,0
ID04562,0
ID04563,0
ID04564,0
ID04565,0
ID04566,0
ID04567,0
ID04568,0
ID04569,0
ID04570,0
ID04571,0
ID04572,0
ID04573,0
ID04574,0
ID04575,1
ID04576,0
ID04577,0
ID04578,1
ID04579,0
ID04580,0
ID04581,0
ID04582,0
ID04583,1
ID04584,0
ID04585,0
ID04586,0
ID04587,0
ID04588,0
ID04589,0
ID04590,0
ID04591,0
ID04592,1
ID04593,0
ID04594,0
ID04595,0
ID04596,0
ID04597,0
ID04598,0
ID04599,0
ID04600,0
ID04601,0
ID04602,0
ID04603,1
ID04604,0
ID04605,0
ID04606,0
ID04607,0
ID04608,0
ID04609,0
ID04610,0
ID04611,0
ID04612,0
ID04613,0
ID04614,0
ID04615,0
ID04616,0
ID04617,0
ID04618,0
ID04619,1
ID04620,0
ID04621,0
ID04622,0
ID04623,0
ID04624,1
ID04625,0
ID04626,0
ID04627,0
ID04628,0
ID04629,0
ID04630,0
ID04631,0
ID04632,0
ID04633,0
ID04634,0
ID04635,0
ID04636,0
ID04637,0
ID04638,0
ID04639,0
ID04640,0
ID04641,1
ID04642,0
ID04643,0
ID04644,0
ID04645,0
ID04646,0
ID04647,0
ID04648,0
ID04649,0
ID04650,0
ID04651,0
ID04652,0
ID04653,0
ID04654,0
ID04655,0
ID04656,0
ID04657,0
ID04658,0
ID04659,0
ID04660,0
ID04661,0
ID04662,1
ID04663,0
ID04664,0
ID04665,0
ID04666,0
ID04667,0
ID04668,0
ID04669,0
ID04670,0
ID04671,0
ID04672,0
ID04673,0
ID04674,0
ID04675,0
ID04676,0
ID04677,0
ID04678,0
ID04679,0
ID04680,0
ID04681,0
ID04682,0
ID04683,0
ID04684,0
ID04685,0
ID04686,1
ID04687,0
ID04688,0
ID04689,0
ID04690,0
ID04691,0
ID04692,0
ID04693,0
ID04694,0
ID04695,0
ID04696,0
ID04697,0
ID04698,0
ID04699,0
ID04700,0
ID04701,0
ID04702,0
ID04703,0
ID04704,0
ID04705,0
ID04706,0
ID04707,0
ID04708,0
ID04709,0
ID04710,0
ID04711,0
ID04712,0
ID04713,0
ID04714,0
ID04715,0
ID04716,0
ID04717,0
ID04718,0
ID04719,0
ID04720,0
ID04721,0
ID04722,0
ID04723,0
ID04724,1
ID04725,0
ID04726,0
ID04727,0
ID04728,0
ID04729,0
ID04730,0
ID04731,0
ID04732,0
ID04733,1
ID04734,0
ID04735,0
ID04736,0
ID04737,1
ID04738,1
ID04739,0
ID04740,0
ID04741,0
ID04742,0
ID04743,0
ID04744,0
ID04745,0
ID04746,0
ID04747,0
ID04748,0
ID04749,0
ID04750,0
ID04751,0
ID04752,0
ID04753,0
ID04754,0
ID04755,0
ID04756,0
ID04757,0
ID04758,0
ID04759,0
ID04760,0
ID04761,0
ID04762,0
ID04763,0
ID04764,0
ID04765,0
ID04766,0
ID04767,0
ID04768,0
ID04769,0
ID04770,0
ID04771,0
ID04772,0
ID04773,0
ID04774,0
ID04775,0
ID04776,0
ID04777,0
ID04778,0
ID04779,0
ID04780,0
ID04781,0
ID04782,0
ID04783,1
ID04784,0
ID04785,0
ID04786,0
ID04787,0
ID04788,0
ID04789,0
ID04790,0
ID04791,0
ID04792,0
ID04793,0
ID04794,0
ID04795,0
ID04796,0
ID04797,0
ID04798,0
ID04799,0
ID04800,0
ID04801,0
ID04802,0
ID04803,0
ID04804,0
ID04805,0
ID04806,0
ID04807,0
ID04808,0
ID04809,0
ID04810,0
ID04811,0
ID04812,0
ID04813,0
ID04814,1
ID04815,0
ID04816,0
ID04817,0
ID04818,0
ID04819,0
ID04820,0
ID04821,0
ID04822,0
ID04823,0
ID04824,0
ID04825,0
ID04826,0
ID04827,0
ID04828,0
ID04829,0
ID04830,0
ID04831,0
ID04832,0
ID04833,0
ID04834,0
ID04835,0
ID04836,0
ID04837,0
ID04838,0
ID04839,0
ID04840,0
ID04841,0
ID04842,0
ID04843,0
ID04844,0
ID04845,0
ID04846,0
ID04847,0
ID04848,0
ID04849,0
ID04850,1
ID04851,0
ID04852,0
ID04853,0
ID04854,0
ID04855,0
ID04856,0
ID04857,0
ID04858,1
ID04859,0
ID04860,0
ID04861,1
ID04862,0
ID04863,0
ID04864,0
ID04865,0
ID04866,0
ID04867,0
ID04868,0
ID04869,0
ID04870,0
ID04871,1
ID04872,0
ID04873,0
ID04874,0
ID04875,0
ID04876,0
ID04877,0
ID04878,0
ID04879,0
ID04880,0
ID04881,0
ID04882,0
ID04883,0
ID04884,0
ID04885,0
ID04886,1
ID04887,0
ID04888,0
ID04889,0
ID04890,0
ID04891,0
ID04892,0
ID04893,0
ID04894,0
ID04895,0
ID04896,0
ID04897,0
ID04898,0
ID04899,0
ID04900,0
ID04901,0
ID04902,0
ID04903,0
ID04904,0
ID04905,0
ID04906,0
ID04907,0
ID04908,0
ID04909,0
ID04910,0
ID04911,0
ID04912,0
ID04913,0
ID04914,0
ID04915,0
ID04916,0
ID04917,0
ID04918,0
ID04919,0
ID04920,0
ID04921,0
ID04922,0
ID04923,0
ID04924,0
ID04925,0
ID04926,0
ID04927,0
ID04928,0
ID04929,0
ID04930,0
ID04931,0
ID04932,0
ID04933,0
ID04934,1
ID04935,0
ID04936,0
ID04937,0
ID04938,0
ID04939,0
ID04940,1
ID04941,0
ID04942,0
ID04943,0
ID04944,0
ID04945,0
ID04946,0
ID04947,0
ID04948,0
ID04949,0
ID04950,0
ID04951,0
ID04952,0
ID04953,0
ID04954,0
ID04955,0
ID04956,0
ID04957,0
ID04958,0
ID04959,0
ID04960,0
ID04961,0
ID04962,0
ID04963,0
ID04964,0
ID04965,0
ID04966,0
ID04967,0
ID04968,0
ID04969,0
ID04970,0
ID04971,0
ID04972,0
ID04973,1
ID04974,0
ID04975,0
ID04976,0
ID04977,0
ID04978,0
ID04979,0
ID04980,0
ID04981,0
ID04982,0
ID04983,1
ID04984,0
ID04985,0
ID04986,0
ID04987,0
ID04988,0
ID04989,0
ID04990,0
ID04991,0
ID04992,0
ID04993,0
ID04994,0
ID04995,1
ID04996,0
ID04997,0
ID04998,0
ID04999,0
ID05000,0
ID05001,1
ID05002,0
ID05003,0
ID05004,0
ID05005,0
ID05006,0
ID05007,0
ID05008,0
ID05009,0
ID05010,1
ID05011,0
ID05012,0
ID05013,0
ID05014,0
ID05015,0
ID05016,0
ID05017,0
ID05018,0
ID05019,0
ID05020,0
ID05021,0
ID05022,0
ID05023,0
ID05024,0
ID05025,0
ID05026,0
ID05027,0
ID05028,0
ID05029,0
ID05030,0
ID05031,0
ID05032,0
ID05033,0
ID05034,0
ID05035,0
ID05036,0
ID05037,0
ID05038,0
ID05039,0
ID05040,0
ID05041,0
ID05042,0
ID05043,0
ID05044,1
ID05045,0
ID05046,0
ID05047,0
ID05048,0
ID05049,0
ID05050,0
ID05051,0
ID05052,0
ID05053,0
ID05054,0
ID05055,0
ID05056,0
ID05057,0
ID05058,0
ID05059,0
ID05060,0
ID05061,0
ID05062,0
ID05063,0
ID05064,0
ID05065,0
ID05066,0
ID05067,0
ID05068,0
ID05069,0
ID05070,0
ID05071,0
ID05072,0
ID05073,0
ID05074,0
ID05075,0
ID05076,0
ID05077,0
ID05078,0
ID05079,0
ID05080,0
ID05081,0
ID05082,0
ID05083,0
ID05084,0
ID05085,0
ID05086,0
ID05087,0
ID05088,0
ID05089,0
ID05090,0
ID05091,0
ID05092,0
ID05093,0
ID05094,0
ID05095,1
ID05096,0
ID05097,0
ID05098,0
ID05099,0
ID05100,0
ID05101,0
ID05102,0
ID05103,1
ID05104,0
ID05105,0
ID05106,0
ID05107,0
ID05108,0
ID05109,0
ID05110,0
ID05111,0
ID05112,0
ID05113,0
ID05114,0
ID05115,0
ID05116,0
ID05117,0
ID05118,0
ID05119,0
ID05120,0
ID05121,0
ID05122,0
ID05123,0
ID05124,0
ID05125,0
ID05126,0
ID05127,0
ID05128,0
ID05129,0
ID05130,0
ID05131,0
ID05132,1
ID05133,0
ID05134,0
ID05135,0
ID05136,0
ID05137,0
ID05138,1
ID05139,0
ID05140,0
ID05141,0
ID05142,0
ID05143,0
ID05144,0
ID05145,0
ID05146,0
ID05147,0
ID05148,0
ID05149,0
ID05150,1
ID05151,0
ID05152,0
ID05153,0
ID05154,1
ID05155,0
ID05156,0
ID05157,0
ID05158,0
ID05159,0
ID05160,0
ID05161,0
ID05162,0
ID05163,0
ID05164,0
ID05165,0
ID05166,0
ID05167,0
ID05168,0
ID05169,0
ID05170,0
ID05171,0
ID05172,0
ID05173,0
ID05174,0
ID05175,0
ID05176,0
ID05177,0
ID05178,0
ID05179,0
ID05180,0
ID05181,0
ID05182,0
ID05183,0
ID05184,0
ID05185,0
ID05186,0
ID05187,1
ID05188,0
ID05189,0
ID05190,0
ID05191,0
ID05192,0
ID05193,0
ID05194,0
ID05195,0
ID05196,0
ID05197,0
ID05198,0
ID05199,0
ID05200,0
ID05201,0
ID05202,0
ID05203,1
ID05204,0
ID05205,0
ID05206,0
ID05207,0
ID05208,0
ID05209,0
ID05210,0
ID05211,0
ID05212,0
ID05213,0
ID05214,0
ID05215,0
ID05216,0
ID05217,0
ID05218,0
ID05219,0
ID05220,0
ID05221,0
ID05222,0
ID05223,1
ID05224,0
ID05225,0
ID05226,0
ID05227,0
ID05228,0
ID05229,0
ID05230,0
ID05231,0
ID05232,0
ID05233,0
ID05234,0
ID05235,0
ID05236,0
ID05237,0
ID05238,0
ID05239,0
ID05240,0
ID05241,0
ID05242,0
ID05243,0
ID05244,1
ID05245,0
ID05246,0
ID05247,0
ID05248,0
ID05249,0
ID05250,0
ID05251,0
ID05252,0
ID05253,0
ID05254,0
ID05255,0
ID05256,0
ID05257,0
ID05258,0
ID05259,0
ID05260,0
ID05261,1
ID05262,0
ID05263,0
ID05264,0
ID05265,0
ID05266,0
ID05267,0
ID05268,0
ID05269,1
ID05270,0
ID05271,0
ID05272,0
ID05273,0
ID05274,0
ID05275,0
ID05276,1
ID05277,0
ID05278,1
ID05279,0
ID05280,0
ID05281,0
ID05282,0
ID05283,0
ID05284,0
ID05285,0
ID05286,0
ID05287,0
ID05288,0
ID05289,0
ID05290,0
ID05291,1
ID05292,0
ID05293,0
ID05294,0
ID05295,1
ID05296,0
ID05297,0
ID05298,0
ID05299,0
ID05300,0
ID05301,0
ID05302,0
ID05303,0
ID05304,0
ID05305,0
ID05306,0
ID05307,0
ID05308,0
ID05309,1
ID05310,0
ID05311,0
ID05312,0
ID05313,0
ID05314,0
ID05315,0
ID05316,0
ID05317,0
ID05318,0
ID05319,0
ID05320,0
ID05321,0
ID05322,0
ID05323,1
ID05324,0
ID05325,0
ID05326,0
ID05327,1
ID05328,0
ID05329,0
ID05330,0
ID05331,0
ID05332,0
ID05333,0
ID05334,0
ID05335,0
ID05336,0
ID05337,0
ID05338,0
ID05339,0
ID05340,0
ID05341,0
ID05342,0
ID05343,0
ID05344,0
ID05345,0
ID05346,0
ID05347,0
ID05348,0
ID05349,0
ID05350,0
ID05351,0
ID05352,0
ID05353,0
ID05354,0
ID05355,0
ID05356,0
ID05357,0
ID05358,0
ID05359,0
ID05360,0
ID05361,0
ID05362,0
ID05363,0
ID05364,0
ID05365,0
ID05366,0
ID05367,0
ID05368,0
ID05369,0
ID05370,0
ID05371,0
ID05372,0
ID05373,0
ID05374,0
ID05375,0
ID05376,0
ID05377,0
ID05378,0
ID05379,0
ID05380,0
ID05381,0
ID05382,0
ID05383,0
ID05384,1
ID05385,0
ID05386,0
ID05387,0
ID05388,0
ID05389,0
ID05390,0
ID05391,0
ID05392,0
ID05393,0
ID05394,0
ID05395,0
ID05396,0
ID05397,0
ID05398,0
ID05399,0
ID05400,0
ID05401,0
ID05402,0
ID05403,0
ID05404,0
ID05405,0
ID05406,0
ID05407,0
ID05408,0
ID05409,0
ID05410,0
ID05411,0
ID05412,0
ID05413,0
ID05414,0
ID05415,0
ID05416,0
ID05417,1
ID05418,0
ID05419,0
ID05420,0
ID05421,0
ID05422,0
ID05423,0
ID05424,1
ID05425,0
ID05426,0
ID05427,0
ID05428,0
ID05429,0
ID05430,0
ID05431,0
ID05432,0
ID05433,0
ID05434,0
ID05435,0
ID05436,0
ID05437,0
ID05438,0
ID05439,0
ID05440,0
ID05441,0
ID05442,0
ID05443,0
ID05444,0
ID05445,0
ID05446,0
ID05447,0
ID05448,0
ID05449,1
ID05450,0
ID05451,0
ID05452,0
ID05453,0
ID05454,0
ID05455,0
ID05456,0
ID05457,0
ID05458,1
ID05459,0
ID05460,0
ID05461,0
ID05462,1
ID05463,0
ID05464,0
ID05465,0
ID05466,0
ID05467,0
ID05468,0
ID05469,0
ID05470,0
ID05471,0
ID05472,0
ID05473,0
ID05474,0
ID05475,0
ID05476,0
ID05477,0
ID05478,1
ID05479,0
ID05480,0
ID05481,0
ID05482,0
ID05483,0
ID05484,0
ID05485,0
ID05486,0
ID05487,0
ID05488,0
ID05489,0
ID05490,0
ID05491,0
ID05492,0
ID05493,0
ID05494,0
ID05495,0
ID05496,0
ID05497,0
ID05498,0
ID05499,0
ID05500,0
ID05501,0
ID05502,0
ID05503,0
ID05504,0
ID05505,0
ID05506,0
ID05507,0
ID05508,0
ID05509,0
ID05510,1
ID05511,0
ID05512,0
ID05513,0
ID05514,0
ID05515,0
ID05516,0
ID05517,0
ID05518,0
ID05519,0
ID05520,0
ID05521,0
ID05522,0
ID05523,0
ID05524,0
ID05525,0
ID05526,0
ID05527,0
ID05528,1
ID05529,0
ID05530,0
ID05531,0
ID05532,0
ID05533,0
ID05534,0
ID05535,0
ID05536,0
ID05537,0
ID05538,0
ID05539,0
ID05540,0
ID05541,0
ID05542,0
ID05543,0
ID05544,0
ID05545,0
ID05546,0
ID05547,0
ID05548,0
ID05549,0
ID05550,0
ID05551,0
ID05552,0
ID05553,0
ID05554,0
ID05555,0
ID05556,0
ID05557,0
ID05558,0
ID05559,0
ID05560,0
ID05561,0
ID05562,0
ID05563,0
ID05564,0
ID05565,0
ID05566,0
ID05567,0
ID05568,0
ID05569,0
ID05570,0
ID05571,0
ID05572,0
ID05573,0
ID05574,0
ID05575,0
ID05576,0
ID05577,1
ID05578,0
ID05579,1
ID05580,0
ID05581,0
ID05582,0
ID05583,0
ID05584,0
ID05585,0
ID05586,0
ID05587,0
ID05588,0
ID05589,1
ID05590,0
ID05591,0
ID05592,0
ID05593,0
ID05594,0
ID05595,0
ID05596,0
ID05597,0
ID05598,1
ID05599,0
ID05600,0
ID05601,0
ID05602,0
ID05603,0
ID05604,0
ID05605,0
ID05606,0
ID05607,0
ID05608,0
ID05609,0
ID05610,0
ID05611,0
ID05612,0
ID05613,0
ID05614,0
ID05615,0
ID05616,0
ID05617,0
ID05618,0
ID05619,0
ID05620,0
ID05621,0
ID05622,1
ID05623,1
ID05624,0
ID05625,0
ID05626,0
ID05627,0
ID05628,0
ID05629,1
ID05630,0
ID05631,0
ID05632,0
ID05633,0
ID05634,0
ID05635,0
ID05636,0
ID05637,0
ID05638,0
ID05639,0
ID05640,0
ID05641,0
ID05642,0
ID05643,0
ID05644,0
ID05645,0
ID05646,0
ID05647,0
ID05648,0
ID05649,0
ID05650,0
ID05651,0
ID05652,0
ID05653,0
ID05654,0
ID05655,0
ID05656,0
ID05657,0
ID05658,0
ID05659,0
ID05660,0
ID05661,0
ID05662,0
ID05663,0
ID05664,0
ID05665,0
ID05666,0
ID05667,0
ID05668,0
ID05669,0
ID05670,0
ID05671,0
ID05672,0
ID05673,0
ID05674,0
ID05675,0
ID05676,0
ID05677,0
ID05678,0
ID05679,0
ID05680,0
ID05681,1
ID05682,0
ID05683,0
ID05684,0
ID05685,1
ID05686,0
ID05687,0
ID05688,0
ID05689,0
ID05690,1
ID05691,0
ID05692,0
ID05693,0
ID05694,0
ID05695,1
ID05696,0
ID05697,0
ID05698,0
ID05699,0
ID05700,0
ID05701,0
ID05702,0
ID05703,0
ID05704,1
ID05705,0
ID05706,0
ID05707,0
ID05708,1
ID05709,0
ID05710,0
ID05711,0
ID05712,0
ID05713,0
ID05714,0
ID05715,0
ID05716,0
ID05717,1
ID05718,0
ID05719,0
ID05720,0
ID05721,0
ID05722,1
ID05723,0
ID05724,0
ID05725,0
ID05726,0
ID05727,0
ID05728,0
ID05729,0
ID05730,0
ID05731,0
ID05732,0
ID05733,0
ID05734,0
ID05735,0
ID05736,0
ID05737,0
ID05738,0
ID05739,0
ID05740,0
ID05741,0
ID05742,1
ID05743,0
ID05744,0
ID05745,0
ID05746,0
ID05747,0
ID05748,0
ID05749,0
ID05750,0
ID05751,0
ID05752,0
ID05753,0
ID05754,0
ID05755,0
ID05756,0
ID05757,0
ID05758,0
ID05759,0
ID05760,1
ID05761,0
ID05762,0
ID05763,0
ID05764,1
ID05765,0
ID05766,0
ID05767,0
ID05768,0
ID05769,0
ID05770,0
ID05771,0
ID05772,0
ID05773,0
ID05774,0
ID05775,0
ID05776,0
ID05777,0
ID05778,0
ID05779,1
ID05780,0
ID05781,0
ID05782,1
ID05783,0
ID05784,0
ID05785,0
ID05786,0
ID05787,0
ID05788,0
ID05789,0
ID05790,0
ID05791,0
ID05792,0
ID05793,0
ID05794,0
ID05795,0
ID05796,0
ID05797,0
ID05798,0
ID05799,0
ID05800,0
ID05801,0
ID05802,0
ID05803,1
ID05804,1
ID05805,0
ID05806,0
ID05807,0
ID05808,0
ID05809,0
ID05810,0
ID05811,0
ID05812,0
ID05813,0
ID05814,0
ID05815,0
ID05816,0
ID05817,0
ID05818,0
ID05819,0
ID05820,0
ID05821,0
ID05822,0
ID05823,0
ID05824,0
ID05825,0
ID05826,0
ID05827,0
ID05828,0
ID05829,0
ID05830,0
ID05831,0
ID05832,0
ID05833,0
ID05834,0
ID05835,0
ID05836,0
ID05837,0
ID05838,1
ID05839,0
ID05840,0
ID05841,1
ID05842,0
ID05843,0
ID05844,0
ID05845,1
ID05846,0
ID05847,0
ID05848,0
ID05849,0
ID05850,0
ID05851,0
ID05852,0
ID05853,0
ID05854,0
ID05855,0
ID05856,0
ID05857,0
ID05858,1
ID05859,0
ID05860,0
ID05861,0
ID05862,0
ID05863,0
ID05864,0
ID05865,1
ID05866,0
ID05867,0
ID05868,0
ID05869,0
ID05870,1
ID05871,0
ID05872,0
ID05873,0
ID05874,0
ID05875,0
ID05876,0
ID05877,0
ID05878,0
ID05879,0
ID05880,0
ID05881,0
ID05882,0
ID05883,0
ID05884,0
ID05885,0
ID05886,0
ID05887,0
ID05888,0
ID05889,1
ID05890,0
ID05891,0
ID05892,0
ID05893,0
ID05894,0
ID05895,0
ID05896,0
ID05897,0
ID05898,0
ID05899,0
ID05900,0
ID05901,0
ID05902,1
ID05903,0
ID05904,0
ID05905,0
ID05906,0
ID05907,0
ID05908,0
ID05909,0
ID05910,0
ID05911,0
ID05912,0
ID05913,0
ID05914,0
ID05915,1
ID05916,0
ID05917,0
ID05918,1
ID05919,0
ID05920,0
ID05921,1
ID05922,0
ID05923,0
ID05924,0
ID05925,0
ID05926,0
ID05927,0
ID05928,0
ID05929,0
ID05930,0
ID05931,0
ID05932,0
ID05933,0
ID05934,0
ID05935,0
ID05936,0
ID05937,0
ID05938,0
ID05939,0
ID05940,0
ID05941,0
ID05942,0
ID05943,0
ID05944,0
ID05945,0
ID05946,0
ID05947,0
ID05948,0
ID05949,0
ID05950,0
ID05951,0
ID05952,0
ID05953,0
ID05954,0
ID05955,0
ID05956,0
ID05957,0
ID05958,0
ID05959,0
ID05960,0
ID05961,0
ID05962,0
ID05963,0
ID05964,0
ID05965,0
ID05966,0
ID05967,0
ID05968,0
ID05969,0
ID05970,1
ID05971,1
ID05972,0
ID05973,0
ID05974,0
ID05975,0
ID05976,0
ID05977,0
ID05978,0
ID05979,0
ID05980,0
ID05981,0
ID05982,0
ID05983,0
ID05984,0
ID05985,1
ID05986,1
ID05987,0
ID05988,0
ID05989,0
ID05990,0
ID05991,0
ID05992,0
ID05993,0
ID05994,0
ID05995,0
ID05996,0
ID05997,0
ID05998,0
ID05999,0
ID06000,0
ID06001,0
ID06002,0
ID06003,0
ID06004,0
ID06005,0
ID06006,0
ID06007,0
ID06008,0
ID06009,0
ID06010,0
ID06011,0
ID06012,0
ID06013,0
ID06014,0
ID06015,0
ID06016,0
ID06017,0
ID06018,0
ID06019,0
ID06020,0
ID06021,0
ID06022,0
ID06023,0
ID06024,0
ID06025,0
ID06026,0
ID06027,0
ID06028,0
ID06029,1
ID06030,0
ID06031,0
ID06032,0
ID06033,0
ID06034,0
ID06035,0
ID06036,0
ID06037,0
ID06038,0
ID06039,0
ID06040,0
ID06041,0
ID06042,0
ID06043,0
ID06044,0
ID06045,0
ID06046,0
ID06047,0
ID06048,0
ID06049,0
ID06050,0
ID06051,0
ID06052,0
ID06053,1
ID06054,0
ID06055,0
ID06056,0
ID06057,0
ID06058,0
ID06059,0
ID06060,0
ID06061,0
ID06062,0
ID06063,0
ID06064,0
ID06065,0
ID06066,0
ID06067,0
ID06068,0
ID06069,0
ID06070,0
ID06071,0
ID06072,0
ID06073,0
ID06074,0
ID06075,0
ID06076,0
ID06077,0
ID06078,0
ID06079,0
ID06080,0
ID06081,0
ID06082,0
ID06083,0
ID06084,0
ID06085,0
ID06086,0
ID06087,0
ID06088,1
ID06089,0
ID06090,0
ID06091,0
ID06092,0
ID06093,0
ID06094,0
ID06095,0
ID06096,0
ID06097,0
ID06098,0
ID06099,0
ID06100,0
ID06101,0
ID06102,0
ID06103,0
ID06104,0
ID06105,0
ID06106,0
ID06107,0
ID06108,0
ID06109,0
ID06110,0
ID06111,0
ID06112,0
ID06113,0
ID06114,0
ID06115,0
ID06116,0
ID06117,0
ID06118,0
ID06119,0
ID06120,0
ID06121,0
ID06122,1
ID06123,0
ID06124,1
ID06125,0
ID06126,0
ID06127,0
ID06128,0
ID06129,0
ID06130,0
ID06131,0
ID06132,0
ID06133,0
ID06134,0
ID06135,0
ID06136,1
ID06137,0
ID06138,0
ID06139,0
ID06140,0
ID06141,0
ID06142,0
ID06143,0
ID06144,0
ID06145,0
ID06146,0
ID06147,0
ID06148,0
ID06149,0
ID06150,0
ID06151,0
ID06152,0
ID06153,0
ID06154,0
ID06155,0
ID06156,0
ID06157,0
ID06158,0
ID06159,0
ID06160,0
ID06161,0
ID06162,0
ID06163,0
ID06164,0
ID06165,0
ID06166,0
ID06167,0
ID06168,0
ID06169,0
ID06170,1
ID06171,0
ID06172,0
ID06173,0
ID06174,0
ID06175,0
ID06176,0
ID06177,1
ID06178,0
ID06179,1
ID06180,0
ID06181,1
ID06182,0
ID06183,0
ID06184,0
ID06185,0
ID06186,0
ID06187,0
ID06188,0
ID06189,0
ID06190,0
ID06191,0
ID06192,0
ID06193,0
ID06194,0
ID06195,0
ID06196,0
ID06197,1
ID06198,0
ID06199,0
ID06200,0
ID06201,0
ID06202,0
ID06203,0
ID06204,0
ID06205,0
ID06206,0
ID06207,0
ID06208,0
ID06209,0
ID06210,0
ID06211,0
ID06212,0
ID06213,0
ID06214,0
ID06215,0
ID06216,0
ID06217,0
ID06218,0
ID06219,0
ID06220,0
ID06221,0
ID06222,0
ID06223,0
ID06224,0
ID06225,0
ID06226,0
ID06227,0
ID06228,0
ID06229,0
ID06230,0
ID06231,0
ID06232,0
ID06233,0
ID06234,0
ID06235,0
ID06236,0
ID06237,0
ID06238,0
ID06239,0
ID06240,0
ID06241,0
ID06242,0
ID06243,0
ID06244,0
ID06245,0
ID06246,0
ID06247,0
ID06248,0
ID06249,0
ID06250,0
ID06251,0
ID06252,0
ID06253,0
ID06254,0
ID06255,0
ID06256,0
ID06257,0
ID06258,0
ID06259,0
ID06260,0
ID06261,0
ID06262,0
ID06263,0
ID06264,0
ID06265,0
ID06266,0
ID06267,0
ID06268,0
ID06269,0
ID06270,0
ID06271,0
ID06272,0
ID06273,0
ID06274,0
ID06275,0
ID06276,0
ID06277,0
ID06278,1
ID06279,0
ID06280,0
ID06281,0
ID06282,0
ID06283,0
ID06284,0
ID06285,0
ID06286,0
ID06287,0
ID06288,0
ID06289,0
ID06290,0
ID06291,0
ID06292,0
ID06293,0
ID06294,0
ID06295,0
ID06296,0
ID06297,0
ID06298,0
ID06299,0
ID06300,0
ID06301,0
ID06302,0
ID06303,0
ID06304,0
ID06305,0
ID06306,0
ID06307,0
ID06308,0
ID06309,0
ID06310,0
ID06311,0
ID06312,0
ID06313,0
ID06314,0
ID06315,0
ID06316,0
ID06317,0
ID06318,0
ID06319,0
ID06320,0
ID06321,1
ID06322,0
ID06323,0
ID06324,0
ID06325,0
ID06326,0
ID06327,0
ID06328,0
ID06329,0
ID06330,0
ID06331,0
ID06332,1
ID06333,0
ID06334,0
ID06335,0
ID06336,0
ID06337,0
ID06338,0
ID06339,0
ID06340,0
ID06341,0
ID06342,0
ID06343,0
ID06344,0
ID06345,0
ID06346,0
ID06347,0
ID06348,0
ID06349,0
ID06350,0
ID06351,0
ID06352,0
ID06353,0
ID06354,0
ID06355,0
ID06356,1
ID06357,0
ID06358,1
ID06359,0
ID06360,0
ID06361,0
ID06362,0
ID06363,0
ID06364,0
ID06365,0
ID06366,0
ID06367,0
ID06368,0
ID06369,0
ID06370,0
ID06371,0
ID06372,0
ID06373,0
ID06374,0
ID06375,0
ID06376,0
ID06377,0
ID06378,0
ID06379,0
ID06380,0
ID06381,0
ID06382,0
ID06383,0
ID06384,1
ID06385,0
ID06386,0
ID06387,0
ID06388,0
ID06389,0
ID06390,0
ID06391,0
ID06392,0
ID06393,0
ID06394,0
ID06395,0
ID06396,0
ID06397,0
ID06398,0
ID06399,1
ID06400,0
ID06401,0
ID06402,0
ID06403,0
ID06404,0
ID06405,0
ID06406,0
ID06407,0
ID06408,0
ID06409,0
ID06410,0
ID06411,0
ID06412,0
ID06413,0
ID06414,0
ID06415,0
ID06416,1
ID06417,1
ID06418,0
ID06419,0
ID06420,0
ID06421,0
ID06422,0
ID06423,0
ID06424,1
ID06425,0
ID06426,0
ID06427,0
ID06428,0
ID06429,0
ID06430,0
ID06431,0
ID06432,0
ID06433,0
ID06434,0
ID06435,0
ID06436,0
ID06437,0
ID06438,0
ID06439,0
ID06440,0
ID06441,0
ID06442,0
ID06443,1
ID06444,0
ID06445,0
ID06446,0
ID06447,0
ID06448,0
ID06449,0
ID06450,0
ID06451,0
ID06452,0
ID06453,0
ID06454,0
ID06455,0
ID06456,0
ID06457,0
ID06458,0
ID06459,0
ID06460,0
ID06461,0
ID06462,0
ID06463,0
ID06464,0
ID06465,0
ID06466,0
ID06467,0
ID06468,0
ID06469,0
ID06470,0
ID06471,0
ID06472,0
ID06473,0
ID06474,0
ID06475,0
ID06476,0
ID06477,0
ID06478,0
ID06479,0
ID06480,0
ID06481,0
ID06482,0
ID06483,0
ID06484,0
ID06485,0
ID06486,0
ID06487,0
ID06488,0
ID06489,0
ID06490,0
ID06491,0
ID06492,0
ID06493,0
ID06494,0
ID06495,0
ID06496,0
ID06497,0
ID06498,0
ID06499,0
ID06500,0
ID06501,0
ID06502,0
ID06503,0
ID06504,1
ID06505,0
ID06506,0
ID06507,0
ID06508,0
ID06509,0
ID06510,0
ID06511,0
ID06512,0
ID06513,0
ID06514,0
ID06515,0
ID06516,0
ID06517,0
ID06518,1
ID06519,0
ID06520,0
ID06521,0
ID06522,0
ID06523,0
ID06524,0
ID06525,0
ID06526,0
ID06527,1
ID06528,0
ID06529,1
ID06530,0
ID06531,0
ID06532,0
ID06533,0
ID06534,0
ID06535,0
ID06536,0
ID06537,0
ID06538,0
ID06539,0
ID06540,0
ID06541,0
ID06542,0
ID06543,0
ID06544,0
ID06545,0
ID06546,0
ID06547,0
ID06548,0
ID06549,0
ID06550,0
ID06551,0
ID06552,0
ID06553,0
ID06554,0
ID06555,0
ID06556,0
ID06557,0
ID06558,0
ID06559,0
ID06560,0
ID06561,0
ID06562,0
ID06563,0
ID06564,0
ID06565,0
ID06566,0
ID06567,0
ID06568,0
ID06569,0
ID06570,0
ID06571,1
ID06572,0
ID06573,0
ID06574,0
ID06575,0
ID06576,0
ID06577,0
ID06578,0
ID06579,0
ID06580,0
ID06581,0
ID06582,1
ID06583,0
ID06584,0
ID06585,0
ID06586,0
ID06587,0
ID06588,0
ID06589,0
ID06590,0
ID06591,0
ID06592,0
ID06593,0
ID06594,0
ID06595,0
ID06596,0
ID06597,0
ID06598,0
ID06599,0
ID06600,0
ID06601,0
ID06602,1
ID06603,0
ID06604,0
ID06605,0
ID06606,0
ID06607,0
ID06608,0
ID06609,0
ID06610,0
ID06611,1
ID06612,0
ID06613,0
ID06614,0
ID06615,0
ID06616,0
ID06617,1
ID06618,0
ID06619,0
ID06620,0
ID06621,0
ID06622,0
ID06623,0
ID06624,0
ID06625,0
ID06626,0
ID06627,0
ID06628,0
ID06629,0
ID06630,0
ID06631,0
ID06632,0
ID06633,0
ID06634,0
ID06635,0
ID06636,0
ID06637,0
ID06638,0
ID06639,0
ID06640,0
ID06641,0
ID06642,0
ID06643,0
ID06644,0
ID06645,0
ID06646,0
ID06647,1
ID06648,0
ID06649,0
ID06650,0
ID06651,0
ID06652,0
ID06653,0
ID06654,0
ID06655,0
ID06656,1
ID06657,0
ID06658,0
ID06659,0
ID06660,0
ID06661,0
ID06662,0
ID06663,1
ID06664,0
ID06665,0
ID06666,0
ID06667,0
ID06668,0
ID06669,0
ID06670,0
ID06671,0
ID06672,0
ID06673,0
ID06674,0
ID06675,0
ID06676,0
ID06677,0
ID06678,0
ID06679,0
ID06680,0
ID06681,0
ID06682,0
ID06683,0
ID06684,0
ID06685,0
ID06686,0
ID06687,0
ID06688,0
ID06689,0
ID06690,0
ID06691,0
ID06692,0
ID06693,0
ID06694,0
ID06695,0
ID06696,1
ID06697,0
ID06698,0
ID06699,0
ID06700,0
ID06701,0
ID06702,0
ID06703,0
ID06704,0
ID06705,0
ID06706,0
ID06707,0
ID06708,0
ID06709,1
ID06710,0
ID06711,0
ID06712,1
ID06713,0
ID06714,0
ID06715,0
ID06716,0
ID06717,0
ID06718,0
ID06719,0
ID06720,0
ID06721,1
ID06722,0
ID06723,0
ID06724,1
ID06725,0
ID06726,0
ID06727,1
ID06728,0
ID06729,0
ID06730,0
ID06731,0
ID06732,0
ID06733,0
ID06734,0
ID06735,1
ID06736,0
ID06737,0
ID06738,0
ID06739,0
ID06740,0
ID06741,0
ID06742,0
ID06743,0
ID06744,0
ID06745,0
ID06746,0
ID06747,0
ID06748,0
ID06749,0
ID06750,0
ID06751,0
ID06752,0
ID06753,0
ID06754,0
ID06755,0
ID06756,0
ID06757,0
ID06758,0
ID06759,0
ID06760,0
ID06761,0
ID06762,0
ID06763,0
ID06764,0
ID06765,0
ID06766,0
ID06767,0
ID06768,0
ID06769,1
ID06770,0
ID06771,0
ID06772,0
ID06773,0
ID06774,0
ID06775,0
ID06776,0
ID06777,0
ID06778,0
ID06779,0
ID06780,0
ID06781,0
ID06782,0
ID06783,0
ID06784,0
ID06785,0
ID06786,0
ID06787,0
ID06788,0
ID06789,0
ID06790,0
ID06791,0
ID06792,0
ID06793,0
ID06794,0
ID06795,0
ID06796,0
ID06797,0
ID06798,0
ID06799,0
ID06800,0
ID06801,0
ID06802,0
ID06803,0
ID06804,1
ID06805,0
ID06806,0
ID06807,0
ID06808,0
ID06809,1
ID06810,0
ID06811,0
ID06812,0
ID06813,0
ID06814,0
ID06815,0
ID06816,0
ID06817,0
ID06818,0
ID06819,0
ID06820,0
ID06821,0
ID06822,0
ID06823,0
ID06824,0
ID06825,0
ID06826,1
ID06827,0
ID06828,0
ID06829,0
ID06830,0
ID06831,0
ID06832,0
ID06833,0
ID06834,0
ID06835,0
ID06836,0
ID06837,0
ID06838,0
ID06839,0
ID06840,0
ID06841,0
ID06842,0
ID06843,0
ID06844,1
ID06845,0
ID06846,0
ID06847,0
ID06848,0
ID06849,0
ID06850,0
ID06851,0
ID06852,0
ID06853,0
ID06854,0
ID06855,0
ID06856,1
ID06857,0
ID06858,0
ID06859,0
ID06860,0
ID06861,1
ID06862,0
ID06863,0
ID06864,0
ID06865,0
ID06866,0
ID06867,0
ID06868,0
ID06869,0
ID06870,0
ID06871,0
ID06872,0
ID06873,0
ID06874,0
ID06875,0
ID06876,0
ID06877,0
ID06878,0
ID06879,1
ID06880,0
ID06881,0
ID06882,1
ID06883,0
ID06884,0
ID06885,0
ID06886,0
ID06887,0
ID06888,0
ID06889,0
ID06890,0
ID06891,0
ID06892,0
ID06893,0
ID06894,0
ID06895,0
ID06896,0
ID06897,0
ID06898,0
ID06899,0
ID06900,0
ID06901,0
ID06902,0
ID06903,0
ID06904,0
ID06905,0
ID06906,0
ID06907,0
ID06908,0
ID06909,0
ID06910,0
ID06911,0
ID06912,0
ID06913,0
ID06914,0
ID06915,0
ID06916,0
ID06917,0
ID06918,0
ID06919,1
ID06920,0
ID06921,0
ID06922,0
ID06923,0
ID06924,0
ID06925,0
ID06926,0
ID06927,1
ID06928,0
ID06929,0
ID06930,0
ID06931,0
ID06932,0
ID06933,0
ID06934,0
ID06935,0
ID06936,0
ID06937,1
ID06938,0
ID06939,0
ID06940,0
ID06941,0
ID06942,0
ID06943,0
ID06944,0
ID06945,0
ID06946,1
ID06947,0
ID06948,0
ID06949,0
ID06950,0
ID06951,0
ID06952,1
ID06953,0
ID06954,0
ID06955,0
ID06956,1
ID06957,0
ID06958,0
ID06959,1
ID06960,0
ID06961,0
ID06962,0
ID06963,0
ID06964,0
ID06965,0
ID06966,0
ID06967,0
ID06968,0
ID06969,0
ID06970,0
ID06971,0
ID06972,0
ID06973,0
ID06974,0
ID06975,0
ID06976,0
ID06977,0
ID06978,0
ID06979,0
ID06980,0
ID06981,0
ID06982,0
ID06983,0
ID06984,0
ID06985,0
ID06986,0
ID06987,0
ID06988,0
ID06989,0
ID06990,0
ID06991,0
ID06992,0
ID06993,0
ID06994,0
ID06995,0
ID06996,0
ID06997,0
ID06998,0
ID06999,0
ID07000,0
ID07001,0
ID07002,1
ID07003,0
ID07004,0
ID07005,0
ID07006,0
ID07007,0
ID07008,0
ID07009,0
ID07010,0
ID07011,0
ID07012,0
ID07013,0
ID07014,0
ID07015,0
ID07016,0
ID07017,0
ID07018,0
ID07019,0
ID07020,0
ID07021,0
ID07022,0
ID07023,0
ID07024,1
ID07025,0
ID07026,0
ID07027,0
ID07028,0
ID07029,0
ID07030,0
ID07031,0
ID07032,0
ID07033,0
ID07034,0
ID07035,0
ID07036,0
ID07037,0
ID07038,0
ID07039,0
ID07040,0
ID07041,0
ID07042,0
ID07043,0
ID07044,1
ID07045,0
ID07046,0
ID07047,0
ID07048,0
ID07049,0
ID07050,0
ID07051,0
ID07052,0
ID07053,0
ID07054,0
ID07055,0
ID07056,0
ID07057,0
ID07058,0
ID07059,0
ID07060,0
ID07061,0
ID07062,0
ID07063,1
ID07064,0
ID07065,0
ID07066,0
ID07067,0
ID07068,0
ID07069,0
ID07070,0
ID07071,0
ID07072,0
ID07073,0
ID07074,0
ID07075,0
ID07076,0
ID07077,0
ID07078,0
ID07079,0
ID07080,0
ID07081,0
ID07082,0
ID07083,0
ID07084,0
ID07085,0
ID07086,0
ID07087,0
ID07088,0
ID07089,0
ID07090,0
ID07091,0
ID07092,0
ID07093,0
ID07094,0
ID07095,0
ID07096,0
ID07097,0
ID07098,1
ID07099,0
ID07100,0
ID07101,0
ID07102,0
ID07103,1
ID07104,0
ID07105,0
ID07106,0
ID07107,0
ID07108,0
ID07109,0
ID07110,0
ID07111,0
ID07112,0
ID07113,1
ID07114,0
ID07115,0
ID07116,0
ID07117,0
ID07118,0
ID07119,1
ID07120,1
ID07121,1
ID07122,1
ID07123,0
ID07124,1
ID07125,0
ID07126,0
ID07127,0
ID07128,0
ID07129,1
ID07130,0
ID07131,0
ID07132,0
ID07133,1
ID07134,0
ID07135,0
ID07136,0
ID07137,0
ID07138,0
ID07139,1
ID07140,0
ID07141,0
ID07142,0
ID07143,0
ID07144,0
ID07145,0
ID07146,0
ID07147,0
ID07148,0
ID07149,0
ID07150,0
ID07151,0
ID07152,0
ID07153,0
ID07154,0
ID07155,0
ID07156,0
ID07157,0
ID07158,0
ID07159,1
ID07160,0
ID07161,0
ID07162,0
ID07163,0
ID07164,0
ID07165,0
ID07166,0
ID07167,0
ID07168,0
ID07169,0
ID07170,0
ID07171,0
ID07172,0
ID07173,0
ID07174,0
ID07175,0
ID07176,0
ID07177,0
ID07178,0
ID07179,0
ID07180,0
ID07181,0
ID07182,0
ID07183,0
ID07184,0
ID07185,0
ID07186,0
ID07187,1
ID07188,1
ID07189,0
ID07190,0
ID07191,0
ID07192,0
ID07193,0
ID07194,0
ID07195,0
ID07196,0
ID07197,0
ID07198,0
ID07199,0
ID07200,0
ID07201,1
ID07202,0
ID07203,0
ID07204,0
ID07205,0
ID07206,0
ID07207,0
ID07208,0
ID07209,0
ID07210,0
ID07211,0
ID07212,0
ID07213,0
ID07214,0
ID07215,0
ID07216,0
ID07217,1
ID07218,0
ID07219,0
ID07220,0
ID07221,0
ID07222,0
ID07223,1
ID07224,0
ID07225,1
ID07226,0
ID07227,0
ID07228,0
ID07229,0
ID07230,0
ID07231,0
ID07232,0
ID07233,0
ID07234,0
ID07235,0
ID07236,0
ID07237,0
ID07238,0
ID07239,0
ID07240,0
ID07241,0
ID07242,0
ID07243,0
ID07244,0
ID07245,0
ID07246,0
ID07247,0
ID07248,0
ID07249,0
ID07250,0
ID07251,0
ID07252,0
ID07253,0
ID07254,0
ID07255,0
ID07256,0
ID07257,0
ID07258,0
ID07259,0
ID07260,0
ID07261,0
ID07262,0
ID07263,0
ID07264,0
ID07265,0
ID07266,0
ID07267,0
ID07268,0
ID07269,0
ID07270,0
ID07271,0
ID07272,0
ID07273,0
ID07274,0
ID07275,0
ID07276,0
ID07277,0
ID07278,0
ID07279,0
ID07280,0
ID07281,0
ID07282,0
ID07283,0
ID07284,0
ID07285,0
ID07286,0
ID07287,0
ID07288,0
ID07289,0
ID07290,0
ID07291,0
ID07292,0
ID07293,0
ID07294,0
ID07295,0
ID07296,0
ID07297,0
ID07298,1
ID07299,0
ID07300,0
ID07301,0
ID07302,0
ID07303,0
ID07304,0
ID07305,0
ID07306,0
ID07307,0
ID07308,0
ID07309,0
ID07310,0
ID07311,0
ID07312,0
ID07313,0
ID07314,0
ID07315,0
ID07316,0
ID07317,0
ID07318,0
ID07319,0
ID07320,0
ID07321,0
ID07322,0
ID07323,0
ID07324,0
ID07325,0
ID07326,0
ID07327,0
ID07328,0
ID07329,0
ID07330,0
ID07331,1
ID07332,0
ID07333,0
ID07334,0
ID07335,0
ID07336,0
ID07337,0
ID07338,0
ID07339,0
ID07340,0
ID07341,0
ID07342,0
ID07343,0
ID07344,0
ID07345,0
ID07346,0
ID07347,0
ID07348,0
ID07349,0
ID07350,0
ID07351,0
ID07352,0
ID07353,0
ID07354,0
ID07355,0
ID07356,0
ID07357,1
ID07358,0
ID07359,0
ID07360,0
ID07361,0
ID07362,0
ID07363,0
ID07364,0
ID07365,0
ID07366,0
ID07367,0
ID07368,0
ID07369,0
ID07370,0
ID07371,0
ID07372,1
ID07373,0
ID07374,0
ID07375,0
ID07376,1
ID07377,1
ID07378,0
ID07379,0
ID07380,0
ID07381,0
ID07382,1
ID07383,0
ID07384,0
ID07385,0
ID07386,0
ID07387,0
ID07388,0
ID07389,0
ID07390,0
ID07391,0
ID07392,0
ID07393,0
ID07394,0
ID07395,0
ID07396,0
ID07397,0
ID07398,0
ID07399,0
ID07400,0
ID07401,0
ID07402,0
ID07403,0
ID07404,0
ID07405,0
ID07406,0
ID07407,0
ID07408,0
ID07409,0
ID07410,0
ID07411,0
ID07412,0
ID07413,0
ID07414,1
ID07415,0
ID07416,0
ID07417,0
ID07418,0
ID07419,0
ID07420,0
ID07421,0
ID07422,0
ID07423,0
ID07424,0
ID07425,0
ID07426,0
ID07427,0
ID07428,0
ID07429,0
ID07430,0
ID07431,0
ID07432,0
ID07433,0
ID07434,0
ID07435,0
ID07436,0
ID07437,0
ID07438,0
ID07439,0
ID07440,0
ID07441,0
ID07442,0
ID07443,0
ID07444,0
ID07445,0
ID07446,0
ID07447,0
ID07448,0
ID07449,0
ID07450,0
ID07451,0
ID07452,0
ID07453,0
ID07454,1
ID07455,0
ID07456,0
ID07457,0
ID07458,0
ID07459,0
ID07460,0
ID07461,0
ID07462,0
ID07463,0
ID07464,0
ID07465,0
ID07466,0
ID07467,0
ID07468,1
ID07469,0
ID07470,0
ID07471,0
ID07472,0
ID07473,0
ID07474,0
ID07475,0
ID07476,0
ID07477,0
ID07478,0
ID07479,0
ID07480,0
ID07481,1
ID07482,0
ID07483,1
ID07484,0
ID07485,0
ID07486,0
ID07487,0
ID07488,0
ID07489,0
ID07490,0
ID07491,1
ID07492,0
ID07493,0
ID07494,0
ID07495,0
ID07496,0
ID07497,0
ID07498,0
ID07499,0
ID07500,0
ID07501,0
ID07502,0
ID07503,1
ID07504,0
ID07505,0
ID07506,0
ID07507,0
ID07508,0
ID07509,0
ID07510,0
ID07511,0
ID07512,0
ID07513,1
ID07514,0
ID07515,0
ID07516,0
ID07517,0
ID07518,1
ID07519,0
ID07520,0
ID07521,0
ID07522,0
ID07523,0
ID07524,0
ID07525,0
ID07526,0
ID07527,0
ID07528,1
ID07529,0
ID07530,1
ID07531,0
ID07532,0
ID07533,0
ID07534,0
ID07535,0
ID07536,0
ID07537,0
ID07538,0
ID07539,0
ID07540,1
ID07541,0
ID07542,0
ID07543,0
ID07544,0
ID07545,0
ID07546,0
ID07547,0
ID07548,0
ID07549,0
ID07550,0
ID07551,0
ID07552,0
ID07553,0
ID07554,1
ID07555,0
ID07556,0
ID07557,0
ID07558,0
ID07559,0
ID07560,0
ID07561,0
ID07562,1
ID07563,0
ID07564,0
ID07565,0
ID07566,0
ID07567,0
ID07568,0
ID07569,0
ID07570,0
ID07571,0
ID07572,0
ID07573,0
ID07574,0
ID07575,0
ID07576,0
ID07577,0
ID07578,0
ID07579,0
ID07580,0
ID07581,0
ID07582,0
ID07583,0
ID07584,0
ID07585,0
ID07586,0
ID07587,0
ID07588,0
ID07589,1
ID07590,0
ID07591,0
ID07592,0
ID07593,0
ID07594,0
ID07595,0
ID07596,0
ID07597,0
ID07598,1
ID07599,0
ID07600,0
ID07601,0
ID07602,0
ID07603,0
ID07604,0
ID07605,0
ID07606,0
ID07607,0
ID07608,0
ID07609,0
ID07610,0
ID07611,0
ID07612,0
ID07613,0
ID07614,0
ID07615,0
ID07616,0
ID07617,0
ID07618,0
ID07619,0
ID07620,0
ID07621,0
ID07622,0
ID07623,0
ID07624,0
ID07625,0
ID07626,0
ID07627,0
ID07628,1
ID07629,0
ID07630,0
ID07631,0
ID07632,0
ID07633,0
ID07634,0
ID07635,0
ID07636,0
ID07637,0
ID07638,0
ID07639,0
ID07640,0
ID07641,1
ID07642,0
ID07643,0
ID07644,0
ID07645,0
ID07646,0
ID07647,0
ID07648,0
ID07649,0
ID07650,0
ID07651,1
ID07652,0
ID07653,0
ID07654,0
ID07655,0
ID07656,0
ID07657,0
ID07658,0
ID07659,0
ID07660,1
ID07661,0
ID07662,0
ID07663,0
ID07664,0
ID07665,0
ID07666,0
ID07667,0
ID07668,0
ID07669,0
ID07670,0
ID07671,0
ID07672,0
ID07673,0
ID07674,0
ID07675,1
ID07676,0
ID07677,0
ID07678,1
ID07679,1
ID07680,0
ID07681,0
ID07682,0
ID07683,0
ID07684,0
ID07685,0
ID07686,0
ID07687,0
ID07688,0
ID07689,0
ID07690,1
ID07691,0
ID07692,0
ID07693,0
ID07694,0
ID07695,0
ID07696,0
ID07697,0
ID07698,0
ID07699,0
ID07700,0
ID07701,0
ID07702,0
ID07703,0
ID07704,0
ID07705,0
ID07706,1
ID07707,0
ID07708,0
ID07709,0
ID07710,0
ID07711,0
ID07712,0
ID07713,0
ID07714,0
ID07715,0
ID07716,0
ID07717,0
ID07718,0
ID07719,0
ID07720,0
ID07721,0
ID07722,0
ID07723,0
ID07724,1
ID07725,1
ID07726,0
ID07727,0
ID07728,0
ID07729,0
ID07730,0
ID07731,0
ID07732,0
ID07733,0
ID07734,0
ID07735,0
ID07736,0
ID07737,0
ID07738,0
ID07739,0
ID07740,0
ID07741,0
ID07742,0
ID07743,0
ID07744,0
ID07745,0
ID07746,0
ID07747,0
ID07748,0
ID07749,0
ID07750,0
ID07751,0
ID07752,0
ID07753,0
ID07754,0
ID07755,0
ID07756,0
ID07757,0
ID07758,0
ID07759,0
ID07760,0
ID07761,0
ID07762,1
ID07763,0
ID07764,0
ID07765,0
ID07766,0
ID07767,0
ID07768,0
ID07769,0
ID07770,1
ID07771,0
ID07772,0
ID07773,0
ID07774,0
ID07775,0
ID07776,0
ID07777,0
ID07778,0
ID07779,0
ID07780,0
ID07781,0
ID07782,0
ID07783,0
ID07784,0
ID07785,0
ID07786,0
ID07787,1
ID07788,0
ID07789,0
ID07790,0
ID07791,0
ID07792,0
ID07793,0
ID07794,0
ID07795,0
ID07796,0
ID07797,0
ID07798,0
ID07799,0
ID07800,0
ID07801,0
ID07802,0
ID07803,0
ID07804,0
ID07805,0
ID07806,0
ID07807,0
ID07808,0
ID07809,0
ID07810,0
ID07811,1
ID07812,1
ID07813,0
ID07814,0
ID07815,1
ID07816,1
ID07817,0
ID07818,0
ID07819,0
ID07820,0
ID07821,0
ID07822,0
ID07823,0
ID07824,0
ID07825,0
ID07826,0
ID07827,0
ID07828,1
ID07829,1
ID07830,0
ID07831,0
ID07832,0
ID07833,0
ID07834,0
ID07835,0
ID07836,0
ID07837,0
ID07838,1
ID07839,0
ID07840,0
ID07841,0
ID07842,0
ID07843,0
ID07844,0
ID07845,0
ID07846,0
ID07847,0
ID07848,0
ID07849,0
ID07850,0
ID07851,0
ID07852,0
ID07853,0
ID07854,0
ID07855,0
ID07856,0
ID07857,0
ID07858,1
ID07859,0
ID07860,0
ID07861,1
ID07862,0
ID07863,0
ID07864,0
ID07865,0
ID07866,0
ID07867,0
ID07868,0
ID07869,0
ID07870,0
ID07871,0
ID07872,0
ID07873,0
ID07874,0
ID07875,0
ID07876,0
ID07877,0
ID07878,0
ID07879,1
ID07880,1
ID07881,0
ID07882,0
ID07883,0
ID07884,0
ID07885,0
ID07886,0
ID07887,0
ID07888,0
ID07889,0
ID07890,1
ID07891,0
ID07892,0
ID07893,1
ID07894,0
ID07895,1
ID07896,0
ID07897,0
ID07898,1
ID07899,0
ID07900,0
ID07901,0
ID07902,0
ID07903,0
ID07904,1
ID07905,0
ID07906,0
ID07907,0
ID07908,0
ID07909,0
ID07910,0
ID07911,0
ID07912,0
ID07913,0
ID07914,0
ID07915,0
ID07916,0
ID07917,0
ID07918,0
ID07919,0
ID07920,0
ID07921,0
ID07922,0
ID07923,0
ID07924,0
ID07925,0
ID07926,0
ID07927,0
ID07928,0
ID07929,0
ID07930,1
ID07931,0
ID07932,0
ID07933,0
ID07934,0
ID07935,0
ID07936,0
ID07937,0
ID07938,0
ID07939,0
ID07940,0
ID07941,1
ID07942,0
ID07943,0
ID07944,0
ID07945,0
ID07946,0
ID07947,0
ID07948,0
ID07949,0
ID07950,0
ID07951,0
ID07952,0
ID07953,0
ID07954,0
ID07955,0
ID07956,0
ID07957,0
ID07958,0
ID07959,0
ID07960,0
ID07961,0
ID07962,0
ID07963,0
ID07964,0
ID07965,0
ID07966,0
ID07967,0
ID07968,0
ID07969,0
ID07970,0
ID07971,0
ID07972,0
ID07973,0
ID07974,0
ID07975,0
ID07976,0
ID07977,0
ID07978,0
ID07979,0
ID07980,0
ID07981,0
ID07982,0
ID07983,0
ID07984,0
ID07985,0
ID07986,0
ID07987,0
ID07988,0
ID07989,0
ID07990,0
ID07991,0
ID07992,0
ID07993,0
ID07994,1
ID07995,0
ID07996,1
ID07997,0
ID07998,0
ID07999,0
ID08000,0
ID08001,0
ID08002,0
ID08003,0
ID08004,0
ID08005,0
ID08006,0
ID08007,0
ID08008,0
ID08009,0
ID08010,0
ID08011,0
ID08012,0
ID08013,0
ID08014,0
ID08015,0
ID08016,0
ID08017,0
ID08018,0
ID08019,0
ID08020,0
ID08021,0
ID08022,0
ID08023,0
ID08024,0
ID08025,0
ID08026,0
ID08027,0
ID08028,0
ID08029,0
ID08030,0
ID08031,0
ID08032,0
ID08033,0
ID08034,0
ID08035,0
ID08036,0
ID08037,0
ID08038,0
ID08039,0
ID08040,0
ID08041,1
ID08042,0
ID08043,0
ID08044,0
ID08045,0
ID08046,0
ID08047,0
ID08048,0
ID08049,0
ID08050,0
ID08051,0
ID08052,0
ID08053,0
ID08054,0
ID08055,0
ID08056,0
ID08057,0
ID08058,0
ID08059,0
ID08060,0
ID08061,0
ID08062,0
ID08063,0
ID08064,0
ID08065,0
ID08066,0
ID08067,0
ID08068,0
ID08069,0
ID08070,0
ID08071,0
ID08072,0
ID08073,0
ID08074,0
ID08075,0
ID08076,0
ID08077,0
ID08078,0
ID08079,0
ID08080,0
ID08081,0
ID08082,0
ID08083,0
ID08084,0
ID08085,0
ID08086,0
ID08087,0
ID08088,0
ID08089,0
ID08090,0
ID08091,0
ID08092,0
ID08093,0
ID08094,0
ID08095,0
ID08096,0
ID08097,0
ID08098,0
ID08099,1
ID08100,1
ID08101,0
ID08102,0
ID08103,0
ID08104,0
ID08105,0
ID08106,0
ID08107,0
ID08108,0
ID08109,0
ID08110,0
ID08111,0
ID08112,0
ID08113,0
ID08114,0
ID08115,0
ID08116,0
ID08117,0
ID08118,0
ID08119,0
ID08120,0
ID08121,0
ID08122,0
ID08123,0
ID08124,0
ID08125,0
ID08126,0
ID08127,0
ID08128,0
ID08129,0
ID08130,0
ID08131,0
ID08132,0
ID08133,0
ID08134,0
ID08135,0
ID08136,1
ID08137,0
ID08138,0
ID08139,0
ID08140,0
ID08141,0
ID08142,0
ID08143,0
ID08144,1
ID08145,0
ID08146,0
ID08147,0
ID08148,0
ID08149,0
ID08150,0
ID08151,0
ID08152,0
ID08153,0
ID08154,0
ID08155,0
ID08156,0
ID08157,0
ID08158,0
ID08159,0
ID08160,0
ID08161,0
ID08162,0
ID08163,0
ID08164,0
ID08165,0
ID08166,0
ID08167,0
ID08168,0
ID08169,0
ID08170,0
ID08171,0
ID08172,0
ID08173,0
ID08174,0
ID08175,0
ID08176,0
ID08177,0
ID08178,0
ID08179,0
ID08180,0
ID08181,0
ID08182,0
ID08183,0
ID08184,0
ID08185,0
ID08186,0
ID08187,0
ID08188,0
ID08189,0
ID08190,0
ID08191,0
ID08192,0
ID08193,0
ID08194,1
ID08195,0
ID08196,0
ID08197,1
ID08198,0
ID08199,0
ID08200,0
ID08201,0
ID08202,0
ID08203,0
ID08204,0
ID08205,0
ID08206,0
ID08207,0
ID08208,0
ID08209,0
ID08210,0
ID08211,0
ID08212,0
ID08213,1
ID08214,0
ID08215,0
ID08216,0
ID08217,0
ID08218,0
ID08219,0
ID08220,0
ID08221,0
ID08222,0
ID08223,0
ID08224,0
ID08225,0
ID08226,0
ID08227,0
ID08228,0
ID08229,0
ID08230,0
ID08231,0
ID08232,0
ID08233,0
ID08234,0
ID08235,0
ID08236,0
ID08237,1
ID08238,0
ID08239,0
ID08240,1
ID08241,0
ID08242,0
ID08243,0
ID08244,0
ID08245,0
ID08246,0
ID08247,0
ID08248,1
ID08249,0
ID08250,0
ID08251,0
ID08252,0
ID08253,0
ID08254,0
ID08255,0
ID08256,0
ID08257,0
ID08258,0
ID08259,0
ID08260,1
ID08261,1
ID08262,0
ID08263,0
ID08264,0
ID08265,1
ID08266,0
ID08267,0
ID08268,0
ID08269,0
ID08270,0
ID08271,0
ID08272,0
ID08273,0
ID08274,0
ID08275,0
ID08276,0
ID08277,0
ID08278,0
ID08279,0
ID08280,0
ID08281,0
ID08282,0
ID08283,0
ID08284,0
ID08285,0
ID08286,0
ID08287,0
ID08288,0
ID08289,0
ID08290,0
ID08291,0
ID08292,0
ID08293,0
ID08294,0
ID08295,0
ID08296,0
ID08297,0
ID08298,0
ID08299,0
ID08300,0
ID08301,0
ID08302,0
ID08303,0
ID08304,0
ID08305,0
ID08306,0
ID08307,0
ID08308,0
ID08309,0
ID08310,0
ID08311,0
ID08312,0
ID08313,0
ID08314,0
ID08315,0
ID08316,1
ID08317,0
ID08318,0
ID08319,0
ID08320,0
ID08321,0
ID08322,0
ID08323,1
ID08324,0
ID08325,0
ID08326,0
ID08327,0
ID08328,0
ID08329,0
ID08330,0
ID08331,0
ID08332,0
ID08333,0
ID08334,0
ID08335,0
ID08336,0
ID08337,0
ID08338,0
ID08339,0
ID08340,1
ID08341,0
ID08342,0
ID08343,0
ID08344,0
ID08345,1
ID08346,0
ID08347,0
ID08348,0
ID08349,0
ID08350,0
ID08351,0
ID08352,0
ID08353,0
ID08354,0
ID08355,0
ID08356,0
ID08357,0
ID08358,1
ID08359,1
ID08360,0
ID08361,0
ID08362,0
ID08363,0
ID08364,0
ID08365,0
ID08366,0
ID08367,0
ID08368,0
ID08369,1
ID08370,0
ID08371,0
ID08372,0
ID08373,0
ID08374,0
ID08375,0
ID08376,0
ID08377,1
ID08378,0
ID08379,0
ID08380,0
ID08381,0
ID08382,0
ID08383,0
ID08384,0
ID08385,0
ID08386,0
ID08387,0
ID08388,0
ID08389,0
ID08390,0
ID08391,1
ID08392,0
ID08393,1
ID08394,0
ID08395,0
ID08396,0
ID08397,0
ID08398,0
ID08399,0
ID08400,0
ID08401,0
ID08402,0
ID08403,0
ID08404,0
ID08405,0
ID08406,0
ID08407,0
ID08408,0
ID08409,0
ID08410,0
ID08411,0
ID08412,0
ID08413,0
ID08414,0
ID08415,0
ID08416,0
ID08417,0
ID08418,0
ID08419,1
ID08420,0
ID08421,0
ID08422,0
ID08423,0
ID08424,0
ID08425,0
ID08426,0
ID08427,0
ID08428,0
ID08429,0
ID08430,0
ID08431,0
ID08432,0
ID08433,0
ID08434,0
ID08435,0
ID08436,0
ID08437,0
ID08438,0
ID08439,0
ID08440,0
ID08441,0
ID08442,1
ID08443,1
ID08444,0
ID08445,0
ID08446,0
ID08447,0
ID08448,0
ID08449,0
ID08450,0
ID08451,0
ID08452,0
ID08453,0
ID08454,1
ID08455,0
ID08456,0
ID08457,0
ID08458,0
ID08459,0
ID08460,0
ID08461,0
ID08462,0
ID08463,1
ID08464,0
ID08465,0
ID08466,0
ID08467,0
ID08468,0
ID08469,0
ID08470,0
ID08471,0
ID08472,0
ID08473,0
ID08474,0
ID08475,0
ID08476,0
ID08477,0
ID08478,0
ID08479,0
ID08480,0
ID08481,0
ID08482,0
ID08483,0
ID08484,0
ID08485,0
ID08486,0
ID08487,0
ID08488,0
ID08489,0
ID08490,0
ID08491,0
ID08492,0
ID08493,0
ID08494,0
ID08495,0
ID08496,0
ID08497,0
ID08498,0
ID08499,0
ID08500,0
ID08501,0
ID08502,0
ID08503,0
ID08504,0
ID08505,0
ID08506,0
ID08507,0
ID08508,1
ID08509,0
ID08510,0
ID08511,0
ID08512,0
ID08513,0
ID08514,0
ID08515,0
ID08516,0
ID08517,0
ID08518,0
ID08519,0
ID08520,0
ID08521,0
ID08522,0
ID08523,0
ID08524,0
ID08525,0
ID08526,0
ID08527,0
ID08528,0
ID08529,1
ID08530,0
ID08531,0
ID08532,0
ID08533,0
ID08534,0
ID08535,0
ID08536,0
ID08537,0
ID08538,0
ID08539,0
ID08540,0
ID08541,0
ID08542,0
ID08543,0
ID08544,0
ID08545,0
ID08546,0
ID08547,0
ID08548,0
ID08549,0
ID08550,0
ID08551,0
ID08552,0
ID08553,0
ID08554,0
ID08555,0
ID08556,0
ID08557,0
ID08558,0
ID08559,1
ID08560,0
ID08561,1
ID08562,1
ID08563,1
ID08564,0
ID08565,0
ID08566,0
ID08567,0
ID08568,0
ID08569,0
ID08570,0
ID08571,0
ID08572,0
ID08573,1
ID08574,0
ID08575,0
ID08576,0
ID08577,0
ID08578,0
ID08579,0
ID08580,0
ID08581,0
ID08582,0
ID08583,0
ID08584,0
ID08585,0
ID08586,0
ID08587,0
ID08588,0
ID08589,0
ID08590,0
ID08591,0
ID08592,0
ID08593,0
ID08594,0
ID08595,0
ID08596,0
ID08597,0
ID08598,0
ID08599,0
ID08600,0
ID08601,1
ID08602,0
ID08603,0
ID08604,0
ID08605,0
ID08606,0
ID08607,0
ID08608,0
ID08609,0
ID08610,0
ID08611,0
ID08612,0
ID08613,0
ID08614,1
ID08615,0
ID08616,0
ID08617,0
ID08618,0
ID08619,1
ID08620,1
ID08621,0
ID08622,0
ID08623,0
ID08624,0
ID08625,0
ID08626,0
ID08627,0
ID08628,0
ID08629,0
ID08630,0
ID08631,0
ID08632,0
ID08633,0
ID08634,0
ID08635,0
ID08636,0
ID08637,0
ID08638,0
ID08639,0
ID08640,0
ID08641,0
ID08642,0
ID08643,0
ID08644,0
ID08645,0
ID08646,0
ID08647,0
ID08648,0
ID08649,0
ID08650,0
ID08651,0
ID08652,0
ID08653,1
ID08654,0
ID08655,0
ID08656,0
ID08657,0
ID08658,0
ID08659,0
ID08660,1
ID08661,0
ID08662,0
ID08663,0
ID08664,0
ID08665,0
ID08666,0
ID08667,0
ID08668,0
ID08669,0
ID08670,0
ID08671,0
ID08672,0
ID08673,1
ID08674,0
ID08675,0
ID08676,0
ID08677,0
ID08678,0
ID08679,0
ID08680,0
ID08681,0
ID08682,0
ID08683,0
ID08684,0
ID08685,0
ID08686,0
ID08687,0
ID08688,0
ID08689,0
ID08690,1
ID08691,0
ID08692,0
ID08693,0
ID08694,0
ID08695,0
ID08696,0
ID08697,0
ID08698,0
ID08699,0
ID08700,0
ID08701,0
ID08702,0
ID08703,0
ID08704,0
ID08705,0
ID08706,0
ID08707,0
ID08708,0
ID08709,0
ID08710,0
ID08711,1
ID08712,0
ID08713,0
ID08714,1
ID08715,0
ID08716,0
ID08717,0
ID08718,1
ID08719,0
ID08720,0
ID08721,0
ID08722,0
ID08723,0
ID08724,0
ID08725,0
ID08726,0
ID08727,0
ID08728,0
ID08729,0
ID08730,1
ID08731,0
ID08732,0
ID08733,0
ID08734,0
ID08735,0
ID08736,0
ID08737,0
ID08738,0
ID08739,0
ID08740,0
ID08741,0
ID08742,0
ID08743,0
ID08744,1
ID08745,0
ID08746,0
ID08747,0
ID08748,0
ID08749,0
ID08750,0
ID08751,0
ID08752,0
ID08753,0
ID08754,1
ID08755,1
ID08756,0
ID08757,1
ID08758,0
ID08759,0
ID08760,0
ID08761,0
ID08762,0
ID08763,0
ID08764,0
ID08765,0
ID08766,0
ID08767,0
ID08768,0
ID08769,0
ID08770,1
ID08771,0
ID08772,0
ID08773,0
ID08774,0
ID08775,0
ID08776,1
ID08777,0
ID08778,0
ID08779,0
ID08780,0
ID08781,0
ID08782,0
ID08783,0
ID08784,0
ID08785,1
ID08786,0
ID08787,0
ID08788,0
ID08789,0
ID08790,0
ID08791,0
ID08792,0
ID08793,0
ID08794,0
ID08795,0
ID08796,0
ID08797,1
ID08798,0
ID08799,0
ID08800,0
ID08801,0
ID08802,0
ID08803,0
ID08804,0
ID08805,0
ID08806,0
ID08807,0
ID08808,0
ID08809,0
ID08810,0
ID08811,0
ID08812,0
ID08813,0
ID08814,0
ID08815,0
ID08816,0
ID08817,0
ID08818,0
ID08819,0
ID08820,0
ID08821,0
ID08822,0
ID08823,0
ID08824,0
ID08825,0
ID08826,0
ID08827,0
ID08828,0
ID08829,0
ID08830,0
ID08831,0
ID08832,0
ID08833,0
ID08834,0
ID08835,0
ID08836,0
ID08837,0
ID08838,0
ID08839,0
ID08840,0
ID08841,0
ID08842,0
ID08843,0
ID08844,0
ID08845,0
ID08846,0
ID08847,0
ID08848,0
ID08849,0
ID08850,0
ID08851,0
ID08852,0
ID08853,0
ID08854,0
ID08855,0
ID08856,0
ID08857,0
ID08858,0
ID08859,0
ID08860,0
ID08861,0
ID08862,0
ID08863,1
ID08864,1
ID08865,0
ID08866,0
ID08867,0
ID08868,0
ID08869,0
ID08870,0
ID08871,0
ID08872,0
ID08873,0
ID08874,1
ID08875,0
ID08876,0
ID08877,0
ID08878,0
ID08879,0
ID08880,0
ID08881,0
ID08882,0
ID08883,0
ID08884,0
ID08885,0
ID08886,0
ID08887,0
ID08888,0
ID08889,0
ID08890,0
ID08891,0
ID08892,0
ID08893,0
ID08894,0
ID08895,0
ID08896,1
ID08897,0
ID08898,0
ID08899,0
ID08900,0
ID08901,0
ID08902,0
ID08903,0
ID08904,0
ID08905,0
ID08906,0
ID08907,0
ID08908,0
ID08909,0
ID08910,0
ID08911,0
ID08912,0
ID08913,0
ID08914,0
ID08915,1
ID08916,0
ID08917,0
ID08918,0
ID08919,0
ID08920,0
ID08921,0
ID08922,0
ID08923,0
ID08924,0
ID08925,0
ID08926,0
ID08927,0
ID08928,0
ID08929,0
ID08930,0
ID08931,0
ID08932,0
ID08933,0
ID08934,0
ID08935,0
ID08936,0
ID08937,0
ID08938,0
ID08939,0
ID08940,0
ID08941,0
ID08942,0
ID08943,0
ID08944,0
ID08945,0
ID08946,0
ID08947,1
ID08948,0
ID08949,0
ID08950,0
ID08951,0
ID08952,0
ID08953,0
ID08954,0
ID08955,0
ID08956,0
ID08957,1
ID08958,0
ID08959,0
ID08960,0
ID08961,0
ID08962,0
ID08963,0
ID08964,0
ID08965,0
ID08966,0
ID08967,0
ID08968,0
ID08969,0
ID08970,0
ID08971,0
ID08972,0
ID08973,0
ID08974,0
ID08975,0
ID08976,0
ID08977,0
ID08978,0
ID08979,0
ID08980,0
ID08981,0
ID08982,0
ID08983,0
ID08984,0
ID08985,1
ID08986,0
ID08987,0
ID08988,1
ID08989,0
ID08990,0
ID08991,0
ID08992,0
ID08993,0
ID08994,0
ID08995,0
ID08996,0
ID08997,0
ID08998,0
ID08999,1
ID09000,0
ID09001,0
ID09002,0
ID09003,0
ID09004,0
ID09005,0
ID09006,0
ID09007,0
ID09008,0
ID09009,1
ID09010,0
ID09011,0
ID09012,0
ID09013,0
ID09014,0
ID09015,0
ID09016,0
ID09017,0
ID09018,1
ID09019,0
ID09020,1
ID09021,0
ID09022,0
ID09023,0
ID09024,0
ID09025,0
ID09026,0
ID09027,0
ID09028,0
ID09029,0
ID09030,0
ID09031,0
ID09032,1
ID09033,0
ID09034,0
ID09035,0
ID09036,0
ID09037,0
ID09038,0
ID09039,0
ID09040,0
ID09041,0
ID09042,0
ID09043,0
ID09044,0
ID09045,0
ID09046,0
ID09047,0
ID09048,0
ID09049,0
ID09050,0
ID09051,0
ID09052,1
ID09053,0
ID09054,0
ID09055,0
ID09056,0
ID09057,0
ID09058,0
ID09059,0
ID09060,0
ID09061,0
ID09062,0
ID09063,0
ID09064,1
ID09065,0
ID09066,0
ID09067,0
ID09068,0
ID09069,0
ID09070,0
ID09071,0
ID09072,0
ID09073,0
ID09074,0
ID09075,0
ID09076,0
ID09077,0
ID09078,0
ID09079,0
ID09080,0
ID09081,0
ID09082,0
ID09083,0
ID09084,0
ID09085,0
ID09086,0
ID09087,0
ID09088,0
ID09089,0
ID09090,0
ID09091,0
ID09092,0
ID09093,0
ID09094,0
ID09095,0
ID09096,0
ID09097,0
ID09098,0
ID09099,0
ID09100,0
ID09101,0
ID09102,0
ID09103,0
ID09104,0
ID09105,0
ID09106,0
ID09107,0
ID09108,0
ID09109,0
ID09110,0
ID09111,0
ID09112,0
ID09113,0
ID09114,0
ID09115,0
ID09116,0
ID09117,0
ID09118,0
ID09119,0
ID09120,0
ID09121,0
ID09122,0
ID09123,0
ID09124,0
ID09125,0
ID09126,0
ID09127,0
ID09128,0
ID09129,0
ID09130,1
ID09131,0
ID09132,0
ID09133,1
ID09134,0
ID09135,0
ID09136,0
ID09137,0
ID09138,0
ID09139,0
ID09140,0
ID09141,0
ID09142,0
ID09143,0
ID09144,0
ID09145,0
ID09146,0
ID09147,0
ID09148,0
ID09149,0
ID09150,0
ID09151,0
ID09152,0
ID09153,0
ID09154,0
ID09155,0
ID09156,0
ID09157,0
ID09158,0
ID09159,0
ID09160,0
ID09161,0
ID09162,0
ID09163,0
ID09164,0
ID09165,0
ID09166,0
ID09167,0
ID09168,0
ID09169,0
ID09170,0
ID09171,0
ID09172,0
ID09173,0
ID09174,0
ID09175,0
ID09176,0
ID09177,0
ID09178,0
ID09179,0
ID09180,0
ID09181,1
ID09182,1
ID09183,0
ID09184,0
ID09185,0
ID09186,1
ID09187,0
ID09188,0
ID09189,0
ID09190,1
ID09191,0
ID09192,0
ID09193,0
ID09194,0
ID09195,0
ID09196,0
ID09197,0
ID09198,0
ID09199,1
ID09200,0
ID09201,0
ID09202,0
ID09203,0
ID09204,0
ID09205,0
ID09206,0
ID09207,0
ID09208,0
ID09209,0
ID09210,0
ID09211,0
ID09212,0
ID09213,0
ID09214,0
ID09215,1
ID09216,0
ID09217,0
ID09218,0
ID09219,0
ID09220,0
ID09221,0
ID09222,0
ID09223,0
ID09224,0
ID09225,0
ID09226,0
ID09227,0
ID09228,0
ID09229,0
ID09230,0
ID09231,0
ID09232,0
ID09233,0
ID09234,0
ID09235,0
ID09236,0
ID09237,0
ID09238,1
ID09239,0
ID09240,0
ID09241,0
ID09242,1
ID09243,0
ID09244,1
ID09245,0
ID09246,0
ID09247,0
ID09248,0
ID09249,0
ID09250,0
ID09251,0
ID09252,0
ID09253,0
ID09254,0
ID09255,0
ID09256,1
ID09257,0
ID09258,0
ID09259,0
ID09260,1
ID09261,0
ID09262,0
ID09263,0
ID09264,0
ID09265,0
ID09266,0
ID09267,0
ID09268,0
ID09269,0
ID09270,0
ID09271,0
ID09272,0
ID09273,0
ID09274,0
ID09275,0
ID09276,0
ID09277,0
ID09278,0
ID09279,0
ID09280,0
ID09281,0
ID09282,0
ID09283,0
ID09284,0
ID09285,0
ID09286,0
ID09287,0
ID09288,0
ID09289,0
ID09290,0
ID09291,1
ID09292,0
ID09293,1
ID09294,0
ID09295,0
ID09296,0
ID09297,0
ID09298,0
ID09299,0
ID09300,0
ID09301,0
ID09302,0
ID09303,0
ID09304,0
ID09305,0
ID09306,0
ID09307,0
ID09308,0
ID09309,0
ID09310,0
ID09311,0
ID09312,0
ID09313,0
ID09314,0
ID09315,0
ID09316,0
ID09317,0
ID09318,0
ID09319,0
ID09320,0
ID09321,0
ID09322,0
ID09323,0
ID09324,0
ID09325,0
ID09326,0
ID09327,0
ID09328,0
ID09329,0
ID09330,0
ID09331,0
ID09332,0
ID09333,0
ID09334,0
ID09335,0
ID09336,0
ID09337,0
ID09338,0
ID09339,0
ID09340,0
ID09341,0
ID09342,0
ID09343,0
ID09344,0
ID09345,0
ID09346,0
ID09347,0
ID09348,0
ID09349,0
ID09350,0
ID09351,0
ID09352,0
ID09353,0
ID09354,0
ID09355,0
ID09356,0
ID09357,0
ID09358,0
ID09359,0
ID09360,0
ID09361,0
ID09362,0
ID09363,0
ID09364,0
ID09365,0
ID09366,0
ID09367,0
ID09368,0
ID09369,0
ID09370,0
ID09371,0
ID09372,0
ID09373,0
ID09374,0
ID09375,0
ID09376,0
ID09377,0
ID09378,0
ID09379,0
ID09380,0
ID09381,0
ID09382,0
ID09383,0
ID09384,0
ID09385,0
ID09386,0
ID09387,0
ID09388,0
ID09389,1
ID09390,0
ID09391,0
ID09392,0
ID09393,0
ID09394,0
ID09395,0
ID09396,0
ID09397,0
ID09398,0
ID09399,0
ID09400,0
ID09401,0
ID09402,0
ID09403,0
ID09404,0
ID09405,0
ID09406,0
ID09407,0
ID09408,0
ID09409,1
ID09410,0
ID09411,0
ID09412,0
ID09413,0
ID09414,0
ID09415,0
ID09416,0
ID09417,0
ID09418,0
ID09419,0
ID09420,0
ID09421,1
ID09422,0
ID09423,0
ID09424,0
ID09425,0
ID09426,0
ID09427,0
ID09428,0
ID09429,0
ID09430,0
ID09431,0
ID09432,0
ID09433,0
ID09434,0
ID09435,0
ID09436,0
ID09437,0
ID09438,0
ID09439,0
ID09440,0
ID09441,0
ID09442,0
ID09443,0
ID09444,0
ID09445,0
ID09446,1
ID09447,0
ID09448,0
ID09449,0
ID09450,0
ID09451,0
ID09452,0
ID09453,0
ID09454,0
ID09455,0
ID09456,0
ID09457,0
ID09458,0
ID09459,0
ID09460,0
ID09461,0
ID09462,0
ID09463,0
ID09464,0
ID09465,0
ID09466,0
ID09467,0
ID09468,0
ID09469,0
ID09470,0
ID09471,0
ID09472,0
ID09473,0
ID09474,0
ID09475,0
ID09476,0
ID09477,0
ID09478,0
ID09479,0
ID09480,0
ID09481,0
ID09482,0
ID09483,0
ID09484,0
ID09485,0
ID09486,0
ID09487,0
ID09488,0
ID09489,0
ID09490,0
ID09491,0
ID09492,0
ID09493,0
ID09494,0
ID09495,0
ID09496,0
ID09497,0
ID09498,1
ID09499,0
ID09500,0
ID09501,0
ID09502,0
ID09503,0
ID09504,0
ID09505,0
ID09506,0
ID09507,0
ID09508,0
ID09509,0
ID09510,0
ID09511,0
ID09512,0
ID09513,0
ID09514,0
ID09515,0
ID09516,1
ID09517,0
ID09518,0
ID09519,0
ID09520,0
ID09521,0
ID09522,0
ID09523,0
ID09524,0
ID09525,0
ID09526,0
ID09527,0
ID09528,0
ID09529,0
ID09530,0
ID09531,0
ID09532,0
ID09533,0
ID09534,0
ID09535,0
ID09536,0
ID09537,0
ID09538,0
ID09539,0
ID09540,0
ID09541,0
ID09542,0
ID09543,0
ID09544,0
ID09545,0
ID09546,0
ID09547,0
ID09548,0
ID09549,0
ID09550,0
ID09551,1
ID09552,0
ID09553,0
ID09554,0
ID09555,0
ID09556,0
ID09557,0
ID09558,0
ID09559,0
ID09560,0
ID09561,0
ID09562,0
ID09563,0
ID09564,0
ID09565,0
ID09566,0
ID09567,0
ID09568,0
ID09569,0
ID09570,0
ID09571,0
ID09572,0
ID09573,0
ID09574,0
ID09575,0
ID09576,0
ID09577,0
ID09578,0
ID09579,0
ID09580,0
ID09581,0
ID09582,0
ID09583,0
ID09584,0
ID09585,0
ID09586,0
ID09587,0
ID09588,0
ID09589,0
ID09590,0
ID09591,0
ID09592,0
ID09593,0
ID09594,0
ID09595,0
ID09596,0
ID09597,0
ID09598,0
ID09599,0
ID09600,0
ID09601,0
ID09602,0
ID09603,0
ID09604,0
ID09605,0
ID09606,0
ID09607,0
ID09608,0
ID09609,0
ID09610,0
ID09611,0
ID09612,0
ID09613,0
ID09614,0
ID09615,1
ID09616,0
ID09617,0
ID09618,0
ID09619,0
ID09620,0
ID09621,0
ID09622,0
ID09623,0
ID09624,0
ID09625,0
ID09626,0
ID09627,1
ID09628,0
ID09629,0
ID09630,0
ID09631,0
ID09632,0
ID09633,0
ID09634,0
ID09635,0
ID09636,0
ID09637,0
ID09638,0
ID09639,0
ID09640,0
ID09641,0
ID09642,0
ID09643,0
ID09644,0
ID09645,0
ID09646,0
ID09647,1
ID09648,0
ID09649,0
ID09650,0
ID09651,0
ID09652,0
ID09653,0
ID09654,0
ID09655,1
ID09656,0
ID09657,0
ID09658,0
ID09659,0
ID09660,0
ID09661,0
ID09662,0
ID09663,0
ID09664,0
ID09665,0
ID09666,0
ID09667,0
ID09668,0
ID09669,0
ID09670,0
ID09671,0
ID09672,0
ID09673,0
ID09674,0
ID09675,0
ID09676,0
ID09677,0
ID09678,0
ID09679,0
ID09680,0
ID09681,0
ID09682,0
ID09683,0
ID09684,0
ID09685,0
ID09686,0
ID09687,0
ID09688,0
ID09689,0
ID09690,0
ID09691,0
ID09692,0
ID09693,0
ID09694,0
ID09695,0
ID09696,0
ID09697,0
ID09698,0
ID09699,0
ID09700,0
ID09701,0
ID09702,1
ID09703,0
ID09704,0
ID09705,1
ID09706,0
ID09707,0
ID09708,0
ID09709,0
ID09710,0
ID09711,0
ID09712,0
ID09713,0
ID09714,0
ID09715,0
ID09716,0
ID09717,0
ID09718,0
ID09719,0
ID09720,0
ID09721,0
ID09722,0
ID09723,0
ID09724,0
ID09725,0
ID09726,0
ID09727,0
ID09728,0
ID09729,0
ID09730,0
ID09731,0
ID09732,1
ID09733,0
ID09734,0
ID09735,0
ID09736,1
ID09737,0
ID09738,0
ID09739,0
ID09740,0
ID09741,1
ID09742,0
ID09743,0
ID09744,0
ID09745,0
ID09746,0
ID09747,0
ID09748,0
ID09749,0
ID09750,0
ID09751,0
ID09752,0
ID09753,0
ID09754,0
ID09755,0
ID09756,0
ID09757,0
ID09758,0
ID09759,0
ID09760,0
ID09761,0
ID09762,0
ID09763,0
ID09764,0
ID09765,0
ID09766,0
ID09767,0
ID09768,0
ID09769,0
ID09770,0
ID09771,0
ID09772,0
ID09773,0
ID09774,0
ID09775,0
ID09776,0
ID09777,0
ID09778,0
ID09779,0
ID09780,0
ID09781,0
ID09782,0
ID09783,0
ID09784,0
ID09785,0
ID09786,0
ID09787,0
ID09788,0
ID09789,0
ID09790,0
ID09791,1
ID09792,0
ID09793,0
ID09794,0
ID09795,0
ID09796,0
ID09797,0
ID09798,0
ID09799,1
ID09800,0
ID09801,0
ID09802,0
ID09803,0
ID09804,0
ID09805,0
ID09806,1
ID09807,0
ID09808,0
ID09809,0
ID09810,0
ID09811,0
ID09812,0
ID09813,0
ID09814,0
ID09815,0
ID09816,0
ID09817,0
ID09818,0
ID09819,0
ID09820,0
ID09821,0
ID09822,0
ID09823,0
ID09824,0
ID09825,0
ID09826,0
ID09827,0
ID09828,0
ID09829,0
ID09830,0
ID09831,0
ID09832,0
ID09833,0
ID09834,0
ID09835,0
ID09836,0
ID09837,0
ID09838,0
ID09839,0
ID09840,0
ID09841,0
ID09842,0
ID09843,1
ID09844,0
ID09845,0
ID09846,0
ID09847,0
ID09848,1
ID09849,0
ID09850,0
ID09851,0
ID09852,0
ID09853,0
ID09854,0
ID09855,0
ID09856,0
ID09857,1
ID09858,0
ID09859,0
ID09860,0
ID09861,0
ID09862,0
ID09863,0
ID09864,0
ID09865,0
ID09866,0
ID09867,0
ID09868,0
ID09869,0
ID09870,0
ID09871,0
ID09872,0
ID09873,0
ID09874,0
ID09875,0
ID09876,0
ID09877,0
ID09878,0
ID09879,0
ID09880,0
ID09881,0
ID09882,0
ID09883,0
ID09884,0
ID09885,0
ID09886,0
ID09887,0
ID09888,0
ID09889,0
ID09890,0
ID09891,0
ID09892,0
ID09893,0
ID09894,0
ID09895,0
ID09896,0
ID09897,0
ID09898,0
ID09899,0
ID09900,0
ID09901,0
ID09902,0
ID09903,0
ID09904,0
ID09905,0
ID09906,0
ID09907,1
ID09908,0
ID09909,0
ID09910,0
ID09911,0
ID09912,0
ID09913,0
ID09914,0
ID09915,0
ID09916,0
ID09917,0
ID09918,0
ID09919,0
ID09920,0
ID09921,0
ID09922,0
ID09923,0
ID09924,0
ID09925,0
ID09926,0
ID09927,0
ID09928,0
ID09929,0
ID09930,0
ID09931,0
ID09932,0
ID09933,1
ID09934,0
ID09935,0
ID09936,0
ID09937,0
ID09938,0
ID09939,0
ID09940,0
ID09941,0
ID09942,0
ID09943,0
ID09944,0
ID09945,0
ID09946,0
ID09947,0
ID09948,0
ID09949,0
ID09950,0
ID09951,1
ID09952,0
ID09953,0
ID09954,0
ID09955,0
ID09956,0
ID09957,0
ID09958,0
ID09959,0
ID09960,0
ID09961,0
ID09962,0
ID09963,0
ID09964,1
ID09965,0
ID09966,0
ID09967,0
ID09968,0
ID09969,0
ID09970,1
ID09971,1
ID09972,0
ID09973,0
ID09974,0
ID09975,0
ID09976,0
ID09977,0
ID09978,0
ID09979,0
ID09980,0
ID09981,1
ID09982,0
ID09983,0
ID09984,0
ID09985,0
ID09986,0
ID09987,0
ID09988,0
ID09989,0
ID09990,0
ID09991,0
ID09992,0
ID09993,0
ID09994,0
ID09995,0
ID09996,0
ID09997,0
ID09998,0
ID09999,0
ID10000,0
ID10001,0
ID10002,0
ID10003,1
ID10004,1
ID10005,0
ID10006,0
ID10007,0
ID10008,0
ID10009,0
ID10010,0
ID10011,0
ID10012,0
ID10013,0
ID10014,0
ID10015,0
ID10016,0
ID10017,0
ID10018,0
ID10019,0
ID10020,0
ID10021,0
ID10022,0
ID10023,0
ID10024,0
ID10025,0
ID10026,0
ID10027,0
ID10028,0
ID10029,0
ID10030,0
ID10031,1
ID10032,0
ID10033,0
ID10034,0
ID10035,0
ID10036,0
ID10037,0
ID10038,0
ID10039,0
ID10040,0
ID10041,0
ID10042,0
ID10043,0
ID10044,0
ID10045,0
ID10046,0
ID10047,0
ID10048,0
ID10049,0
ID10050,1
ID10051,0
ID10052,0
ID10053,0
ID10054,0
ID10055,0
ID10056,0
ID10057,0
ID10058,0
ID10059,0
ID10060,0
ID10061,0
ID10062,0
ID10063,0
ID10064,0
ID10065,0
ID10066,0
ID10067,0
ID10068,0
ID10069,0
ID10070,0
ID10071,0
ID10072,0
ID10073,0
ID10074,0
ID10075,0
ID10076,0
ID10077,0
ID10078,0
ID10079,0
ID10080,0
ID10081,0
ID10082,0
ID10083,0
ID10084,0
ID10085,0
ID10086,0
ID10087,0
ID10088,0
ID10089,0
ID10090,0
ID10091,0
ID10092,0
ID10093,0
ID10094,0
ID10095,0
ID10096,0
ID10097,0
ID10098,0
ID10099,0
ID10100,0
ID10101,1
ID10102,0
ID10103,1
ID10104,0
ID10105,0
ID10106,0
ID10107,0
ID10108,0
ID10109,0
ID10110,0
ID10111,0
ID10112,0
ID10113,0
ID10114,0
ID10115,0
ID10116,0
ID10117,0
ID10118,0
ID10119,0
ID10120,0
ID10121,0
ID10122,1
ID10123,1
ID10124,0
ID10125,0
ID10126,0
ID10127,0
ID10128,0
ID10129,0
ID10130,0
ID10131,0
ID10132,0
ID10133,0
ID10134,0
ID10135,0
ID10136,0
ID10137,0
ID10138,0
ID10139,0
ID10140,0
ID10141,0
ID10142,0
ID10143,0
ID10144,0
ID10145,0
ID10146,0
ID10147,1
ID10148,0
ID10149,0
ID10150,0
ID10151,0
ID10152,0
ID10153,0
ID10154,0
ID10155,1
ID10156,0
ID10157,0
ID10158,0
ID10159,0
ID10160,0
ID10161,0
ID10162,0
ID10163,0
ID10164,0
ID10165,0
ID10166,0
ID10167,0
ID10168,0
ID10169,0
ID10170,0
ID10171,0
ID10172,0
ID10173,0
ID10174,0
ID10175,0
ID10176,0
ID10177,0
ID10178,0
ID10179,0
ID10180,0
ID10181,0
ID10182,0
ID10183,0
ID10184,1
ID10185,0
ID10186,0
ID10187,0
ID10188,0
ID10189,0
ID10190,0
ID10191,0
ID10192,0
ID10193,0
ID10194,0
ID10195,0
ID10196,0
ID10197,0
ID10198,0
ID10199,0
ID10200,0
ID10201,0
ID10202,0
ID10203,0
ID10204,0
ID10205,0
ID10206,0
ID10207,0
ID10208,0
ID10209,0
ID10210,0
ID10211,1
ID10212,0
ID10213,0
ID10214,0
ID10215,0
ID10216,0
ID10217,0
ID10218,0
ID10219,0
ID10220,1
ID10221,0
ID10222,0
ID10223,0
ID10224,0
ID10225,0
ID10226,0
ID10227,0
ID10228,0
ID10229,0
ID10230,0
ID10231,0
ID10232,0
ID10233,0
ID10234,0
ID10235,0
ID10236,0
ID10237,0
ID10238,0
ID10239,0
ID10240,0
ID10241,0
ID10242,0
ID10243,0
ID10244,0
ID10245,0
ID10246,0
ID10247,0
ID10248,0
ID10249,0
ID10250,0
ID10251,0
ID10252,0
ID10253,0
ID10254,0
ID10255,0
ID10256,0
ID10257,0
ID10258,0
ID10259,1
ID10260,0
ID10261,0
ID10262,0
ID10263,0
ID10264,0
ID10265,0
ID10266,1
ID10267,0
ID10268,0
ID10269,0
ID10270,0
ID10271,1
ID10272,0
ID10273,0
ID10274,0
ID10275,0
ID10276,0
ID10277,0
ID10278,0
ID10279,0
ID10280,0
ID10281,0
ID10282,0
ID10283,0
ID10284,0
ID10285,0
ID10286,0
ID10287,0
ID10288,0
ID10289,0
ID10290,0
ID10291,0
ID10292,0
ID10293,0
ID10294,0
ID10295,0
ID10296,0
ID10297,0
ID10298,0
ID10299,0
ID10300,0
ID10301,0
ID10302,1
ID10303,0
ID10304,0
ID10305,1
ID10306,0
ID10307,0
ID10308,0
ID10309,0
ID10310,0
ID10311,0
ID10312,0
ID10313,0
ID10314,0
ID10315,0
ID10316,0
ID10317,0
ID10318,0
ID10319,0
ID10320,0
ID10321,0
ID10322,0
ID10323,0
ID10324,0
ID10325,0
ID10326,0
ID10327,0
ID10328,0
ID10329,0
ID10330,0
ID10331,0
ID10332,0
ID10333,0
ID10334,0
ID10335,0
ID10336,0
ID10337,0
ID10338,0
ID10339,0
ID10340,0
ID10341,0
ID10342,0
ID10343,0
ID10344,0
ID10345,0
ID10346,0
ID10347,0
ID10348,0
ID10349,1
ID10350,0
ID10351,0
ID10352,0
ID10353,0
ID10354,0
ID10355,0
ID10356,0
ID10357,0
ID10358,0
ID10359,0
ID10360,0
ID10361,0
ID10362,0
ID10363,0
ID10364,0
ID10365,0
ID10366,0
ID10367,0
ID10368,0
ID10369,1
ID10370,0
ID10371,0
ID10372,0
ID10373,0
ID10374,0
ID10375,0
ID10376,0
ID10377,0
ID10378,0
ID10379,0
ID10380,0
ID10381,0
ID10382,1
ID10383,0
ID10384,0
ID10385,0
ID10386,0
ID10387,0
ID10388,0
ID10389,0
ID10390,0
ID10391,0
ID10392,0
ID10393,0
ID10394,0
ID10395,0
ID10396,0
ID10397,0
ID10398,1
ID10399,0
ID10400,0
ID10401,1
ID10402,0
ID10403,0
ID10404,0
ID10405,0
ID10406,0
ID10407,0
ID10408,0
ID10409,0
ID10410,0
ID10411,0
ID10412,0
ID10413,1
ID10414,0
ID10415,0
ID10416,0
ID10417,0
ID10418,0
ID10419,0
ID10420,0
ID10421,0
ID10422,0
ID10423,0
ID10424,0
ID10425,0
ID10426,0
ID10427,0
ID10428,0
ID10429,1
ID10430,0
ID10431,0
ID10432,0
ID10433,0
ID10434,0
ID10435,0
ID10436,0
ID10437,0
ID10438,0
ID10439,1
ID10440,0
ID10441,0
ID10442,0
ID10443,0
ID10444,0
ID10445,1
ID10446,0
ID10447,0
ID10448,0
ID10449,0
ID10450,0
ID10451,0
ID10452,1
ID10453,0
ID10454,0
ID10455,0
ID10456,0
ID10457,0
ID10458,0
ID10459,0
ID10460,0
ID10461,0
ID10462,1
ID10463,0
ID10464,0
ID10465,0
ID10466,0
ID10467,0
ID10468,1
ID10469,0
ID10470,1
ID10471,0
ID10472,0
ID10473,0
ID10474,0
ID10475,0
ID10476,0
ID10477,0
ID10478,0
ID10479,0
ID10480,0
ID10481,0
ID10482,0
ID10483,0
ID10484,0
ID10485,0
ID10486,0
ID10487,0
ID10488,0
ID10489,1
ID10490,0
ID10491,0
ID10492,0
ID10493,0
ID10494,0
ID10495,0
ID10496,0
ID10497,0
ID10498,0
ID10499,0
ID10500,0
ID10501,0
ID10502,0
ID10503,0
ID10504,0
ID10505,0
ID10506,0
ID10507,0
ID10508,0
ID10509,0
ID10510,0
ID10511,0
ID10512,0
ID10513,0
ID10514,0
ID10515,0
ID10516,0
ID10517,0
ID10518,0
ID10519,0
ID10520,0
ID10521,0
ID10522,0
ID10523,0
ID10524,0
ID10525,0
ID10526,0
ID10527,0
ID10528,0
ID10529,0
ID10530,0
ID10531,0
ID10532,0
ID10533,0
ID10534,0
ID10535,0
ID10536,0
ID10537,0
ID10538,0
ID10539,0
ID10540,0
ID10541,0
ID10542,1
ID10543,0
ID10544,0
ID10545,0
ID10546,0
ID10547,0
ID10548,0
ID10549,0
ID10550,1
ID10551,0
ID10552,0
ID10553,0
ID10554,0
ID10555,0
ID10556,0
ID10557,0
ID10558,0
ID10559,0
ID10560,0
ID10561,0
ID10562,0
ID10563,0
ID10564,0
ID10565,0
ID10566,0
ID10567,0
ID10568,0
ID10569,0
ID10570,0
ID10571,0
ID10572,0
ID10573,0
ID10574,0
ID10575,0
ID10576,0
ID10577,1
ID10578,1
ID10579,0
ID10580,0
ID10581,0
ID10582,0
ID10583,0
ID10584,0
ID10585,0
ID10586,0
ID10587,0
ID10588,0
ID10589,0
ID10590,1
ID10591,0
ID10592,0
ID10593,1
ID10594,0
ID10595,0
ID10596,0
ID10597,0
ID10598,0
ID10599,0
ID10600,1
ID10601,0
ID10602,0
ID10603,0
ID10604,0
ID10605,0
ID10606,0
ID10607,0
ID10608,0
ID10609,0
ID10610,0
ID10611,0
ID10612,0
ID10613,0
ID10614,1
ID10615,0
ID10616,0
ID10617,0
ID10618,0
ID10619,0
ID10620,0
ID10621,0
ID10622,0
ID10623,0
ID10624,0
ID10625,0
ID10626,0
ID10627,0
ID10628,0
ID10629,0
ID10630,0
ID10631,0
ID10632,0
ID10633,0
ID10634,0
ID10635,0
ID10636,0
ID10637,0
ID10638,0
ID10639,0
ID10640,0
ID10641,1
ID10642,0
ID10643,0
ID10644,0
ID10645,0
ID10646,0
ID10647,0
ID10648,0
ID10649,0
ID10650,0
ID10651,0
ID10652,0
ID10653,0
ID10654,0
ID10655,0
ID10656,0
ID10657,0
ID10658,0
ID10659,0
ID10660,0
ID10661,0
ID10662,1
ID10663,0
ID10664,0
ID10665,0
ID10666,0
ID10667,0
ID10668,0
ID10669,0
ID10670,0
ID10671,0
ID10672,0
ID10673,0
ID10674,0
ID10675,0
ID10676,0
ID10677,0
ID10678,0
ID10679,0
ID10680,0
ID10681,0
ID10682,0
ID10683,0
ID10684,0
ID10685,0
ID10686,0
ID10687,0
ID10688,0
ID10689,1
ID10690,0
ID10691,0
ID10692,0
ID10693,0
ID10694,0
ID10695,1
ID10696,0
ID10697,0
ID10698,0
ID10699,0
ID10700,0
ID10701,0
ID10702,1
ID10703,0
ID10704,0
ID10705,0
ID10706,0
ID10707,0
ID10708,0
ID10709,0
ID10710,0
ID10711,0
ID10712,0
ID10713,0
ID10714,0
ID10715,0
ID10716,0
ID10717,0
ID10718,0
ID10719,0
ID10720,0
ID10721,0
ID10722,0
ID10723,0
ID10724,1
ID10725,0
ID10726,0
ID10727,0
ID10728,0
ID10729,0
ID10730,0
ID10731,0
ID10732,0
ID10733,0
ID10734,0
ID10735,0
ID10736,0
ID10737,0
ID10738,0
ID10739,0
ID10740,0
ID10741,1
ID10742,0
ID10743,0
ID10744,0
ID10745,0
ID10746,0
ID10747,0
ID10748,0
ID10749,0
ID10750,0
ID10751,0
ID10752,0
ID10753,0
ID10754,0
ID10755,1
ID10756,0
ID10757,0
ID10758,0
ID10759,0
ID10760,0
ID10761,0
ID10762,0
ID10763,0
ID10764,0
ID10765,0
ID10766,0
ID10767,0
ID10768,0
ID10769,0
ID10770,0
ID10771,0
ID10772,0
ID10773,1
ID10774,0
ID10775,0
ID10776,0
ID10777,0
ID10778,0
ID10779,0
ID10780,0
ID10781,0
ID10782,0
ID10783,0
ID10784,1
ID10785,0
ID10786,0
ID10787,0
ID10788,0
ID10789,0
ID10790,0
ID10791,0
ID10792,0
ID10793,0
ID10794,0
ID10795,0
ID10796,0
ID10797,0
ID10798,0
ID10799,1
ID10800,0
ID10801,0
ID10802,0
ID10803,0
ID10804,0
ID10805,0
ID10806,0
ID10807,0
ID10808,0
ID10809,0
ID10810,0
ID10811,0
ID10812,0
ID10813,0
ID10814,0
ID10815,0
ID10816,0
ID10817,0
ID10818,0
ID10819,0
ID10820,0
ID10821,0
ID10822,0
ID10823,1
ID10824,0
ID10825,1
ID10826,0
ID10827,0
ID10828,0
ID10829,0
ID10830,0
ID10831,0
ID10832,0
ID10833,0
ID10834,0
ID10835,0
ID10836,0
ID10837,0
ID10838,1
ID10839,0
ID10840,0
ID10841,0
ID10842,0
ID10843,0
ID10844,0
ID10845,0
ID10846,0
ID10847,0
ID10848,0
ID10849,0
ID10850,0
ID10851,0
ID10852,0
ID10853,0
ID10854,0
ID10855,0
ID10856,0
ID10857,0
ID10858,0
ID10859,0
ID10860,0
ID10861,0
ID10862,0
ID10863,0
ID10864,0
ID10865,0
ID10866,0
ID10867,0
ID10868,0
ID10869,0
ID10870,0
ID10871,0
ID10872,0
ID10873,0
ID10874,0
ID10875,0
ID10876,0
ID10877,0
ID10878,0
ID10879,0
ID10880,0
ID10881,0
ID10882,0
ID10883,0
ID10884,0
ID10885,0
ID10886,0
ID10887,0
ID10888,0
ID10889,0
ID10890,0
ID10891,0
ID10892,0
ID10893,0
ID10894,0
ID10895,0
ID10896,0
ID10897,0
ID10898,0
ID10899,0
ID10900,0
ID10901,0
ID10902,0
ID10903,0
ID10904,0
ID10905,0
ID10906,0
ID10907,0
ID10908,0
ID10909,0
ID10910,0
ID10911,0
ID10912,0
ID10913,0
ID10914,0
ID10915,0
ID10916,0
ID10917,0
ID10918,0
ID10919,0
ID10920,0
ID10921,0
ID10922,0
ID10923,0
ID10924,0
ID10925,0
ID10926,0
ID10927,0
ID10928,0
ID10929,0
ID10930,0
ID10931,0
ID10932,0
ID10933,0
ID10934,0
ID10935,1
ID10936,0
ID10937,0
ID10938,0
ID10939,0
ID10940,0
ID10941,0
ID10942,0
ID10943,1
ID10944,0
ID10945,0
ID10946,0
ID10947,0
ID10948,0
ID10949,0
ID10950,0
ID10951,0
ID10952,0
ID10953,0
ID10954,1
ID10955,0
ID10956,0
ID10957,0
ID10958,0
ID10959,0
ID10960,0
ID10961,0
ID10962,0
ID10963,0
ID10964,0
ID10965,0
ID10966,0
ID10967,0
ID10968,0
ID10969,0
ID10970,1
ID10971,0
ID10972,0
ID10973,0
ID10974,0
ID10975,0
ID10976,0
ID10977,0
ID10978,0
ID10979,0
ID10980,0
ID10981,0
ID10982,1
ID10983,0
ID10984,0
ID10985,0
ID10986,0
ID10987,0
ID10988,0
ID10989,0
ID10990,0
ID10991,0
ID10992,0
ID10993,0
ID10994,0
ID10995,0
ID10996,0
ID10997,0
ID10998,0
ID10999,0
ID11000,0
ID11001,0
ID11002,0
ID11003,0
ID11004,0
ID11005,0
ID11006,0
ID11007,0
ID11008,0
ID11009,0
ID11010,0
ID11011,1
ID11012,0
ID11013,0
ID11014,0
ID11015,0
ID11016,0
ID11017,0
ID11018,0
ID11019,0
ID11020,0
ID11021,0
ID11022,0
ID11023,0
ID11024,0
ID11025,0
ID11026,0
ID11027,0
ID11028,0
ID11029,1
ID11030,0
ID11031,0
ID11032,0
ID11033,0
ID11034,0
ID11035,0
ID11036,0
ID11037,0
ID11038,1
ID11039,0
ID11040,0
ID11041,0
ID11042,0
ID11043,0
ID11044,0
ID11045,0
ID11046,0
ID11047,0
ID11048,0
ID11049,0
ID11050,0
ID11051,0
ID11052,0
ID11053,0
ID11054,1
ID11055,0
ID11056,0
ID11057,0
ID11058,0
ID11059,0
ID11060,0
ID11061,0
ID11062,0
ID11063,0
ID11064,0
ID11065,0
ID11066,0
ID11067,0
ID11068,0
ID11069,0
ID11070,1
ID11071,0
ID11072,1
ID11073,0
ID11074,0
ID11075,0
ID11076,0
ID11077,0
ID11078,0
ID11079,0
ID11080,0
ID11081,0
ID11082,1
ID11083,0
ID11084,0
ID11085,0
ID11086,0
ID11087,0
ID11088,0
ID11089,0
ID11090,0
ID11091,0
ID11092,0
ID11093,0
ID11094,0
ID11095,1
ID11096,0
ID11097,0
ID11098,0
ID11099,0
ID11100,0
ID11101,0
ID11102,0
ID11103,0
ID11104,0
ID11105,0
ID11106,0
ID11107,1
ID11108,0
ID11109,0
ID11110,0
ID11111,0
ID11112,0
ID11113,0
ID11114,0
ID11115,0
ID11116,0
ID11117,0
ID11118,0
ID11119,0
ID11120,0
ID11121,0
ID11122,1
ID11123,0
ID11124,0
ID11125,0
ID11126,1
ID11127,0
ID11128,0
ID11129,0
ID11130,0
ID11131,0
ID11132,0
ID11133,0
ID11134,0
ID11135,0
ID11136,0
ID11137,1
ID11138,0
ID11139,0
ID11140,0
ID11141,0
ID11142,0
ID11143,0
ID11144,0
ID11145,0
ID11146,0
ID11147,0
ID11148,0
ID11149,1
ID11150,0
ID11151,0
ID11152,0
ID11153,0
ID11154,0
ID11155,0
ID11156,1
ID11157,0
ID11158,0
ID11159,0
ID11160,0
ID11161,0
ID11162,0
ID11163,1
ID11164,0
ID11165,0
ID11166,0
ID11167,1
ID11168,0
ID11169,1
ID11170,0
ID11171,0
ID11172,1
ID11173,0
ID11174,0
ID11175,0
ID11176,0
ID11177,0
ID11178,1
ID11179,1
ID11180,0
ID11181,0
ID11182,0
ID11183,0
ID11184,0
ID11185,0
ID11186,0
ID11187,0
ID11188,0
ID11189,0
ID11190,0
ID11191,0
ID11192,0
ID11193,0
ID11194,0
ID11195,1
ID11196,0
ID11197,0
ID11198,0
ID11199,0
ID11200,0
ID11201,0
ID11202,0
ID11203,0
ID11204,0
ID11205,0
ID11206,0
ID11207,0
ID11208,0
ID11209,0
ID11210,0
ID11211,0
ID11212,0
ID11213,0
ID11214,0
ID11215,0
ID11216,0
ID11217,0
ID11218,0
ID11219,0
ID11220,0
ID11221,0
ID11222,0
ID11223,0
ID11224,0
ID11225,0
ID11226,0
ID11227,0
ID11228,0
ID11229,1
ID11230,0
ID11231,0
ID11232,0
ID11233,0
ID11234,0
ID11235,0
ID11236,0
ID11237,1
ID11238,0
ID11239,0
ID11240,0
ID11241,0
ID11242,0
ID11243,1
ID11244,1
ID11245,0
ID11246,0
ID11247,0
ID11248,0
ID11249,0
ID11250,0
ID11251,0
ID11252,0
ID11253,0
ID11254,0
ID11255,0
ID11256,0
ID11257,0
ID11258,0
ID11259,0
ID11260,0
ID11261,0
ID11262,0
ID11263,0
ID11264,0
ID11265,0
ID11266,0
ID11267,1
ID11268,1
ID11269,0
ID11270,0
ID11271,0
ID11272,0
ID11273,0
ID11274,0
ID11275,0
ID11276,0
ID11277,0
ID11278,0
ID11279,0
ID11280,0
ID11281,0
ID11282,0
ID11283,0
ID11284,0
ID11285,0
ID11286,0
ID11287,1
ID11288,0
ID11289,0
ID11290,0
ID11291,0
ID11292,0
ID11293,0
ID11294,1
ID11295,0
ID11296,0
ID11297,0
ID11298,0
ID11299,0
ID11300,0
ID11301,0
ID11302,0
ID11303,1
ID11304,0
ID11305,0
ID11306,0
ID11307,0
ID11308,0
ID11309,0
ID11310,0
ID11311,0
ID11312,0
ID11313,0
ID11314,0
ID11315,0
ID11316,0
ID11317,0
ID11318,0
ID11319,0
ID11320,0
ID11321,0
ID11322,0
ID11323,0
ID11324,0
ID11325,0
ID11326,1
ID11327,1
ID11328,0
ID11329,0
ID11330,0
ID11331,0
ID11332,0
ID11333,1
ID11334,0
ID11335,0
ID11336,0
ID11337,0
ID11338,0
ID11339,0
ID11340,0
ID11341,0
ID11342,0
ID11343,0
ID11344,0
ID11345,0
ID11346,0
ID11347,0
ID11348,0
ID11349,0
ID11350,1
ID11351,0
ID11352,0
ID11353,0
ID11354,0
ID11355,0
ID11356,0
ID11357,0
ID11358,0
ID11359,0
ID11360,0
ID11361,0
ID11362,0
ID11363,0
ID11364,0
ID11365,0
ID11366,0
ID11367,0
ID11368,0
ID11369,0
ID11370,0
ID11371,0
ID11372,0
ID11373,0
ID11374,0
ID11375,0
ID11376,0
ID11377,0
ID11378,0
ID11379,0
ID11380,0
ID11381,1
ID11382,0
ID11383,0
ID11384,0
ID11385,0
ID11386,0
ID11387,0
ID11388,1
ID11389,0
ID11390,1
ID11391,0
ID11392,0
ID11393,0
ID11394,1
ID11395,0
ID11396,0
ID11397,0
ID11398,0
ID11399,0
ID11400,0
ID11401,0
ID11402,0
ID11403,0
ID11404,0
ID11405,0
ID11406,0
ID11407,0
ID11408,0
ID11409,0
ID11410,0
ID11411,0
ID11412,0
ID11413,0
ID11414,0
ID11415,0
ID11416,0
ID11417,0
ID11418,0
ID11419,0
ID11420,0
ID11421,1
ID11422,0
ID11423,0
ID11424,0
ID11425,0
ID11426,0
ID11427,0
ID11428,0
ID11429,0
ID11430,0
ID11431,0
ID11432,0
ID11433,0
ID11434,0
ID11435,0
ID11436,0
ID11437,0
ID11438,1
ID11439,0
ID11440,0
ID11441,0
ID11442,0
ID11443,0
ID11444,0
ID11445,0
ID11446,0
ID11447,0
ID11448,0
ID11449,0
ID11450,0
ID11451,0
ID11452,0
ID11453,0
ID11454,1
ID11455,0
ID11456,0
ID11457,0
ID11458,0
ID11459,0
ID11460,0
ID11461,0
ID11462,0
ID11463,0
ID11464,0
ID11465,1
ID11466,0
ID11467,0
ID11468,1
ID11469,0
ID11470,0
ID11471,0
ID11472,0
ID11473,1
ID11474,0
ID11475,0
ID11476,0
ID11477,0
ID11478,0
ID11479,0
ID11480,0
ID11481,0
ID11482,1
ID11483,0
ID11484,0
ID11485,0
ID11486,0
ID11487,0
ID11488,0
ID11489,0
ID11490,0
ID11491,0
ID11492,0
ID11493,0
ID11494,0
ID11495,0
ID11496,0
ID11497,0
ID11498,0
ID11499,0
ID11500,0
ID11501,0
ID11502,0
ID11503,0
ID11504,0
ID11505,1
ID11506,0
ID11507,0
ID11508,0
ID11509,0
ID11510,0
ID11511,0
ID11512,0
ID11513,0
ID11514,0
ID11515,1
ID11516,0
ID11517,0
ID11518,0
ID11519,0
ID11520,0
ID11521,0
ID11522,0
ID11523,0
ID11524,0
ID11525,0
ID11526,1
ID11527,0
ID11528,0
ID11529,0
ID11530,0
ID11531,0
ID11532,0
ID11533,0
ID11534,0
ID11535,0
ID11536,0
ID11537,0
ID11538,0
ID11539,0
ID11540,0
ID11541,0
ID11542,0
ID11543,0
ID11544,0
ID11545,0
ID11546,0
ID11547,0
ID11548,0
ID11549,0
ID11550,0
ID11551,0
ID11552,0
ID11553,0
ID11554,0
ID11555,0
ID11556,0
ID11557,0
ID11558,0
ID11559,1
ID11560,0
ID11561,0
ID11562,0
ID11563,1
ID11564,0
ID11565,0
ID11566,0
ID11567,0
ID11568,0
ID11569,0
ID11570,0
ID11571,0
ID11572,0
ID11573,0
ID11574,0
ID11575,1
ID11576,0
ID11577,0
ID11578,0
ID11579,0
ID11580,0
ID11581,0
ID11582,0
ID11583,1
ID11584,0
ID11585,0
ID11586,0
ID11587,0
ID11588,1
ID11589,0
ID11590,0
ID11591,0
ID11592,0
ID11593,0
ID11594,0
ID11595,0
ID11596,0
ID11597,0
ID11598,0
ID11599,0
ID11600,0
ID11601,0
ID11602,0
ID11603,0
ID11604,0
ID11605,0
ID11606,0
ID11607,0
ID11608,0
ID11609,0
ID11610,0
ID11611,0
ID11612,0
ID11613,0
ID11614,0
ID11615,0
ID11616,0
ID11617,0
ID11618,0
ID11619,0
ID11620,0
ID11621,0
ID11622,0
ID11623,0
ID11624,0
ID11625,0
ID11626,0
ID11627,0
ID11628,0
ID11629,0
ID11630,0
ID11631,0
ID11632,0
ID11633,0
ID11634,0
ID11635,0
ID11636,0
ID11637,0
ID11638,0
ID11639,0
ID11640,1
ID11641,0
ID11642,0
ID11643,0
ID11644,0
ID11645,0
ID11646,0
ID11647,0
ID11648,0
ID11649,0
ID11650,0
ID11651,0
ID11652,0
ID11653,0
ID11654,0
ID11655,0
ID11656,0
ID11657,1
ID11658,0
ID11659,0
ID11660,0
ID11661,0
ID11662,0
ID11663,0
ID11664,0
ID11665,0
ID11666,0
ID11667,0
ID11668,0
ID11669,0
ID11670,0
ID11671,0
ID11672,0
ID11673,0
ID11674,0
ID11675,0
ID11676,1
ID11677,0
ID11678,0
ID11679,0
ID11680,0
ID11681,0
ID11682,0
ID11683,0
ID11684,0
ID11685,0
ID11686,0
ID11687,0
ID11688,0
ID11689,0
ID11690,0
ID11691,0
ID11692,0
ID11693,0
ID11694,0
ID11695,0
ID11696,0
ID11697,0
ID11698,0
ID11699,0
ID11700,0
ID11701,0
ID11702,0
ID11703,1
ID11704,0
ID11705,0
ID11706,0
ID11707,0
ID11708,1
ID11709,0
ID11710,0
ID11711,0
ID11712,0
ID11713,0
ID11714,0
ID11715,0
ID11716,0
ID11717,0
ID11718,0
ID11719,0
ID11720,1
ID11721,0
ID11722,0
ID11723,0
ID11724,0
ID11725,0
ID11726,0
ID11727,1
ID11728,1
ID11729,0
ID11730,0
ID11731,0
ID11732,0
ID11733,0
ID11734,0
ID11735,0
ID11736,0
ID11737,0
ID11738,0
ID11739,0
ID11740,0
ID11741,1
ID11742,0
ID11743,0
ID11744,0
ID11745,0
ID11746,0
ID11747,0
ID11748,0
ID11749,0
ID11750,0
ID11751,0
ID11752,0
ID11753,1
ID11754,0
ID11755,0
ID11756,0
ID11757,1
ID11758,0
ID11759,0
ID11760,0
ID11761,0
ID11762,0
ID11763,0
ID11764,0
ID11765,0
ID11766,0
ID11767,0
ID11768,0
ID11769,0
ID11770,0
ID11771,0
ID11772,0
ID11773,0
ID11774,0
ID11775,0
ID11776,0
ID11777,0
ID11778,0
ID11779,0
ID11780,0
ID11781,0
ID11782,0
ID11783,0
ID11784,0
ID11785,0
ID11786,0
ID11787,0
ID11788,0
ID11789,0
ID11790,0
ID11791,0
ID11792,0
ID11793,0
ID11794,0
ID11795,0
ID11796,0
ID11797,0
ID11798,0
ID11799,0
ID11800,0
ID11801,0
ID11802,0
ID11803,0
ID11804,0
ID11805,0
ID11806,0
ID11807,0
ID11808,0
ID11809,0
ID11810,0
ID11811,1
ID11812,0
ID11813,0
ID11814,0
ID11815,0
ID11816,0
ID11817,0
ID11818,0
ID11819,0
ID11820,0
ID11821,0
ID11822,0
ID11823,0
ID11824,0
ID11825,0
ID11826,0
ID11827,0
ID11828,0
ID11829,0
ID11830,0
ID11831,0
ID11832,0
ID11833,0
ID11834,0
ID11835,0
ID11836,0
ID11837,0
ID11838,0
ID11839,0
ID11840,0
ID11841,0
ID11842,0
ID11843,0
ID11844,0
ID11845,0
ID11846,0
ID11847,1
ID11848,0
ID11849,1
ID11850,0
ID11851,0
ID11852,0
ID11853,0
ID11854,1
ID11855,1
ID11856,1
ID11857,0
ID11858,1
ID11859,0
ID11860,0
ID11861,1
ID11862,0
ID11863,0
ID11864,0
ID11865,0
ID11866,0
ID11867,0
ID11868,0
ID11869,0
ID11870,0
ID11871,0
ID11872,0
ID11873,0
ID11874,1
ID11875,0
ID11876,0
ID11877,0
ID11878,0
ID11879,0
ID11880,0
ID11881,0
ID11882,0
ID11883,0
ID11884,0
ID11885,0
ID11886,0
ID11887,0
ID11888,0
ID11889,1
ID11890,0
ID11891,0
ID11892,0
ID11893,0
ID11894,0
ID11895,0
ID11896,0
ID11897,0
ID11898,0
ID11899,0
ID11900,0
ID11901,0
ID11902,0
ID11903,0
ID11904,0
ID11905,0
ID11906,0
ID11907,0
ID11908,0
ID11909,0
ID11910,0
ID11911,1
ID11912,0
ID11913,0
ID11914,0
ID11915,0
ID11916,0
ID11917,0
ID11918,0
ID11919,0
ID11920,0
ID11921,0
ID11922,0
ID11923,0
ID11924,0
ID11925,1
ID11926,1
ID11927,0
ID11928,0
ID11929,0
ID11930,0
ID11931,0
ID11932,0
ID11933,0
ID11934,1
ID11935,0
ID11936,0
ID11937,1
ID11938,0
ID11939,0
ID11940,0
ID11941,0
ID11942,0
ID11943,0
ID11944,0
ID11945,0
ID11946,0
ID11947,0
ID11948,1
ID11949,0
ID11950,0
ID11951,0
ID11952,0
ID11953,1
ID11954,0
ID11955,0
ID11956,0
ID11957,0
ID11958,0
ID11959,0
ID11960,0
ID11961,0
ID11962,0
ID11963,0
ID11964,0
ID11965,0
ID11966,0
ID11967,0
ID11968,0
ID11969,0
ID11970,0
ID11971,0
ID11972,0
ID11973,0
ID11974,0
ID11975,0
ID11976,0
ID11977,0
ID11978,0
ID11979,0
ID11980,0
ID11981,0
ID11982,0
ID11983,0
ID11984,0
ID11985,0
ID11986,0
ID11987,0
ID11988,0
ID11989,0
ID11990,0
ID11991,0
ID11992,0
ID11993,0
ID11994,0
ID11995,0
ID11996,0
ID11997,0
ID11998,1
ID11999,0
ID12000,0
ID12001,0
ID12002,0
ID12003,0
ID12004,0
ID12005,0
ID12006,1
ID12007,0
ID12008,1
ID12009,0
ID12010,0
ID12011,1
ID12012,0
ID12013,0
ID12014,0
ID12015,0
ID12016,0
ID12017,0
ID12018,1
ID12019,0
ID12020,0
ID12021,0
ID12022,0
ID12023,0
ID12024,0
ID12025,0
ID12026,0
ID12027,0
ID12028,0
ID12029,0
ID12030,0
ID12031,0
ID12032,0
ID12033,0
ID12034,0
ID12035,0
ID12036,0
ID12037,0
ID12038,0
ID12039,0
ID12040,0
ID12041,1
ID12042,0
ID12043,0
ID12044,0
ID12045,0
ID12046,0
ID12047,0
ID12048,0
ID12049,0
ID12050,0
ID12051,0
ID12052,0
ID12053,0
ID12054,1
ID12055,0
ID12056,0
ID12057,0
ID12058,0
ID12059,0
ID12060,0
ID12061,0
ID12062,0
ID12063,0
ID12064,0
ID12065,0
ID12066,0
ID12067,0
ID12068,0
ID12069,0
ID12070,0
ID12071,0
ID12072,0
ID12073,0
ID12074,1
ID12075,0
ID12076,0
ID12077,0
ID12078,0
ID12079,0
ID12080,0
ID12081,1
ID12082,1
ID12083,0
ID12084,0
ID12085,0
ID12086,0
ID12087,0
ID12088,0
ID12089,0
ID12090,0
ID12091,0
ID12092,1
ID12093,0
ID12094,0
ID12095,0
ID12096,0
ID12097,0
ID12098,0
ID12099,0
ID12100,1
ID12101,0
ID12102,0
ID12103,1
ID12104,1
ID12105,0
ID12106,0
ID12107,0
ID12108,0
ID12109,0
ID12110,0
ID12111,0
ID12112,0
ID12113,0
ID12114,0
ID12115,0
ID12116,0
ID12117,0
ID12118,0
ID12119,0
ID12120,0
ID12121,0
ID12122,0
ID12123,0
ID12124,0
ID12125,1
ID12126,0
ID12127,0
ID12128,0
ID12129,0
ID12130,0
ID12131,0
ID12132,0
ID12133,0
ID12134,0
ID12135,0
ID12136,0
ID12137,0
ID12138,0
ID12139,0
ID12140,0
ID12141,1
ID12142,0
ID12143,0
ID12144,0
ID12145,0
ID12146,0
ID12147,0
ID12148,0
ID12149,0
ID12150,0
ID12151,0
ID12152,0
ID12153,0
ID12154,1
ID12155,0
ID12156,0
ID12157,0
ID12158,0
ID12159,0
ID12160,0
ID12161,0
ID12162,0
ID12163,0
ID12164,0
ID12165,0
ID12166,0
ID12167,0
ID12168,0
ID12169,0
ID12170,0
ID12171,0
ID12172,0
ID12173,1
ID12174,0
ID12175,0
ID12176,0
ID12177,0
ID12178,0
ID12179,0
ID12180,0
ID12181,0
ID12182,0
ID12183,0
ID12184,0
ID12185,1
ID12186,0
ID12187,0
ID12188,0
ID12189,0
ID12190,0
ID12191,0
ID12192,0
ID12193,0
ID12194,0
ID12195,0
ID12196,0
ID12197,0
ID12198,0
ID12199,0
ID12200,0
ID12201,0
ID12202,0
ID12203,0
ID12204,0
ID12205,0
ID12206,0
ID12207,0
ID12208,0
ID12209,1
ID12210,0
ID12211,0
ID12212,0
ID12213,0
ID12214,0
ID12215,1
ID12216,0
ID12217,0
ID12218,0
ID12219,0
ID12220,0
ID12221,1
ID12222,0
ID12223,1
ID12224,1
ID12225,0
ID12226,1
ID12227,0
ID12228,0
ID12229,0
ID12230,0
ID12231,0
ID12232,0
ID12233,0
ID12234,0
ID12235,0
ID12236,0
ID12237,0
ID12238,0
ID12239,0
ID12240,0
ID12241,0
ID12242,0
ID12243,0
ID12244,0
ID12245,0
ID12246,0
ID12247,0
ID12248,0
ID12249,0
ID12250,0
ID12251,0
ID12252,0
ID12253,0
ID12254,0
ID12255,0
ID12256,0
ID12257,1
ID12258,0
ID12259,0
ID12260,0
ID12261,0
ID12262,0
ID12263,0
ID12264,0
ID12265,0
ID12266,0
ID12267,0
ID12268,0
ID12269,0
ID12270,0
ID12271,0
ID12272,0
ID12273,0
ID12274,0
ID12275,1
ID12276,0
ID12277,0
ID12278,0
ID12279,0
ID12280,0
ID12281,0
ID12282,0
ID12283,0
ID12284,0
ID12285,0
ID12286,0
ID12287,0
ID12288,0
ID12289,0
ID12290,0
ID12291,0
ID12292,0
ID12293,0
ID12294,0
ID12295,0
ID12296,0
ID12297,0
ID12298,0
ID12299,0
ID12300,0
ID12301,0
ID12302,0
ID12303,0
ID12304,0
ID12305,0
ID12306,0
ID12307,0
ID12308,0
ID12309,0
ID12310,0
ID12311,0
ID12312,0
ID12313,0
ID12314,0
ID12315,0
ID12316,0
ID12317,0
ID12318,0
ID12319,0
ID12320,0
ID12321,0
ID12322,0
ID12323,0
ID12324,0
ID12325,0
ID12326,1
ID12327,0
ID12328,0
ID12329,0
ID12330,0
ID12331,0
ID12332,0
ID12333,0
ID12334,0
ID12335,0
ID12336,0
ID12337,0
ID12338,0
ID12339,0
ID12340,0
ID12341,0
ID12342,0
ID12343,0
ID12344,0
ID12345,0
ID12346,0
ID12347,0
ID12348,0
ID12349,0
ID12350,0
ID12351,0
ID12352,0
ID12353,0
ID12354,0
ID12355,0
ID12356,0
ID12357,0
ID12358,0
ID12359,0
ID12360,0
ID12361,0
ID12362,0
ID12363,0
ID12364,0
ID12365,0
ID12366,0
ID12367,0
ID12368,0
ID12369,0
ID12370,0
ID12371,0
ID12372,1
ID12373,0
ID12374,0
ID12375,0
ID12376,0
ID12377,0
ID12378,0
ID12379,0
ID12380,0
ID12381,0
ID12382,0
ID12383,0
ID12384,0
ID12385,0
ID12386,0
ID12387,0
ID12388,0
ID12389,0
ID12390,0
ID12391,0
ID12392,0
ID12393,1
ID12394,0
ID12395,0
ID12396,1
ID12397,0
ID12398,0
ID12399,1
ID12400,0
ID12401,0
ID12402,1
ID12403,0
ID12404,0
ID12405,0
ID12406,0
ID12407,0
ID12408,0
ID12409,0
ID12410,0
ID12411,0
ID12412,0
ID12413,0
ID12414,0
ID12415,0
ID12416,0
ID12417,0
ID12418,0
ID12419,0
ID12420,0
ID12421,0
ID12422,0
ID12423,0
ID12424,0
ID12425,1
ID12426,0
ID12427,0
ID12428,0
ID12429,0
ID12430,0
ID12431,0
ID12432,0
ID12433,0
ID12434,0
ID12435,0
ID12436,0
ID12437,0
ID12438,0
ID12439,0
ID12440,0
ID12441,0
ID12442,0
ID12443,0
ID12444,0
ID12445,0
ID12446,0
ID12447,0
ID12448,0
ID12449,0
ID12450,0
ID12451,0
ID12452,0
ID12453,0
ID12454,0
ID12455,0
ID12456,0
ID12457,0
ID12458,0
ID12459,0
ID12460,0
ID12461,0
ID12462,0
ID12463,0
ID12464,0
ID12465,0
ID12466,0
ID12467,0
ID12468,0
ID12469,0
ID12470,1
ID12471,0
ID12472,0
ID12473,0
ID12474,0
ID12475,0
ID12476,1
ID12477,0
ID12478,0
ID12479,0
ID12480,0
ID12481,0
ID12482,0
ID12483,0
ID12484,0
ID12485,0
ID12486,0
ID12487,0
ID12488,0
ID12489,0
ID12490,0
ID12491,0
ID12492,0
ID12493,0
ID12494,0
ID12495,0
ID12496,0
ID12497,1
ID12498,1
ID12499,0
ID12500,0
ID12501,0
ID12502,0
ID12503,0
ID12504,0
ID12505,0
ID12506,0
ID12507,0
ID12508,0
ID12509,1
ID12510,0
ID12511,0
ID12512,0
ID12513,0
ID12514,0
ID12515,0
ID12516,0
ID12517,0
ID12518,0
ID12519,0
ID12520,0
ID12521,0
ID12522,0
ID12523,0
ID12524,0
ID12525,0
ID12526,0
ID12527,0
ID12528,0
ID12529,0
ID12530,0
ID12531,0
ID12532,0
ID12533,0
ID12534,0
ID12535,0
ID12536,0
ID12537,0
ID12538,0
ID12539,0
ID12540,0
ID12541,0
ID12542,0
ID12543,0
ID12544,0
ID12545,0
ID12546,0
ID12547,0
ID12548,0
ID12549,0
ID12550,0
ID12551,0
ID12552,0
ID12553,0
ID12554,0
ID12555,0
ID12556,0
ID12557,0
ID12558,0
ID12559,0
ID12560,0
ID12561,0
ID12562,0
ID12563,0
ID12564,0
ID12565,0
ID12566,0
ID12567,0
ID12568,0
ID12569,0
ID12570,0
ID12571,0
ID12572,1
ID12573,0
ID12574,0
ID12575,0
ID12576,1
ID12577,0
ID12578,0
ID12579,0
ID12580,0
ID12581,0
ID12582,0
ID12583,0
ID12584,0
ID12585,0
ID12586,0
ID12587,0
ID12588,0
ID12589,0
ID12590,1
ID12591,0
ID12592,0
ID12593,0
ID12594,0
ID12595,0
ID12596,0
ID12597,0
ID12598,0
ID12599,0
ID12600,0
ID12601,0
ID12602,0
ID12603,0
ID12604,0
ID12605,0
ID12606,0
ID12607,0
ID12608,0
ID12609,0
ID12610,0
ID12611,0
ID12612,1
ID12613,1
ID12614,0
ID12615,0
ID12616,0
ID12617,0
ID12618,0
ID12619,0
ID12620,0
ID12621,0
ID12622,0
ID12623,0
ID12624,0
ID12625,0
ID12626,0
ID12627,0
ID12628,0
ID12629,0
ID12630,1
ID12631,0
ID12632,0
ID12633,1
ID12634,0
ID12635,0
ID12636,0
ID12637,0
ID12638,0
ID12639,0
ID12640,0
ID12641,0
ID12642,0
ID12643,0
ID12644,1
ID12645,0
ID12646,0
ID12647,0
ID12648,0
ID12649,0
ID12650,0
ID12651,0
ID12652,0
ID12653,0
ID12654,0
ID12655,0
ID12656,0
ID12657,0
ID12658,0
ID12659,0
ID12660,0
ID12661,0
ID12662,0
ID12663,0
ID12664,0
ID12665,1
ID12666,1
ID12667,0
ID12668,0
ID12669,0
ID12670,0
ID12671,0
ID12672,0
ID12673,0
ID12674,0
ID12675,0
ID12676,0
ID12677,0
ID12678,0
ID12679,0
ID12680,0
ID12681,0
ID12682,0
ID12683,0
ID12684,0
ID12685,0
ID12686,0
ID12687,0
ID12688,0
ID12689,0
ID12690,0
ID12691,0
ID12692,0
ID12693,0
ID12694,0
ID12695,0
ID12696,0
ID12697,0
ID12698,0
ID12699,0
ID12700,0
ID12701,0
ID12702,0
ID12703,0
ID12704,0
ID12705,0
ID12706,0
ID12707,0
ID12708,0
ID12709,0
ID12710,0
ID12711,0
ID12712,1
ID12713,1
ID12714,0
ID12715,0
ID12716,1
ID12717,0
ID12718,0
ID12719,0
ID12720,0
ID12721,0
ID12722,0
ID12723,0
ID12724,0
ID12725,0
ID12726,0
ID12727,0
ID12728,0
ID12729,0
ID12730,0
ID12731,0
ID12732,0
ID12733,0
ID12734,0
ID12735,0
ID12736,0
ID12737,0
ID12738,0
ID12739,0
ID12740,0
ID12741,0
ID12742,0
ID12743,0
ID12744,0
ID12745,0
ID12746,0
ID12747,0
ID12748,0
ID12749,0
ID12750,0
ID12751,0
ID12752,1
ID12753,0
ID12754,1
ID12755,0
ID12756,0
ID12757,0
ID12758,0
ID12759,0
ID12760,0
ID12761,0
ID12762,0
ID12763,0
ID12764,0
ID12765,1
ID12766,0
ID12767,0
ID12768,1
ID12769,0
ID12770,0
ID12771,0
ID12772,0
ID12773,0
ID12774,0
ID12775,0
ID12776,0
ID12777,0
ID12778,0
ID12779,1
ID12780,0
ID12781,0
ID12782,0
ID12783,0
ID12784,0
ID12785,0
ID12786,0
ID12787,0
ID12788,0
ID12789,1
ID12790,0
ID12791,0
ID12792,0
ID12793,0
ID12794,0
ID12795,0
ID12796,0
ID12797,0
ID12798,0
ID12799,0
ID12800,0
ID12801,0
ID12802,0
ID12803,0
ID12804,0
ID12805,0
ID12806,0
ID12807,0
ID12808,0
ID12809,0
ID12810,0
ID12811,0
ID12812,0
ID12813,0
ID12814,0
ID12815,0
ID12816,0
ID12817,0
ID12818,0
ID12819,0
ID12820,0
ID12821,0
ID12822,0
ID12823,0
ID12824,0
ID12825,0
ID12826,0
ID12827,0
ID12828,0
ID12829,0
ID12830,0
ID12831,0
ID12832,0
ID12833,0
ID12834,0
ID12835,0
ID12836,0
ID12837,0
ID12838,0
ID12839,0
ID12840,0
ID12841,0
ID12842,0
ID12843,0
ID12844,0
ID12845,0
ID12846,0
ID12847,0
ID12848,0
ID12849,0
ID12850,0
ID12851,0
ID12852,0
ID12853,0
ID12854,0
ID12855,0
ID12856,0
ID12857,0
ID12858,0
ID12859,0
ID12860,0
ID12861,1
ID12862,0
ID12863,0
ID12864,0
ID12865,0
ID12866,0
ID12867,0
ID12868,0
ID12869,0
ID12870,0
ID12871,0
ID12872,0
ID12873,0
ID12874,0
ID12875,0
ID12876,0
ID12877,0
ID12878,0
ID12879,0
ID12880,0
ID12881,0
ID12882,0
ID12883,0
ID12884,0
ID12885,0
ID12886,0
ID12887,0
ID12888,0
ID12889,0
ID12890,1
ID12891,0
ID12892,0
ID12893,0
ID12894,0
ID12895,0
ID12896,0
ID12897,0
ID12898,0
ID12899,0
ID12900,1
ID12901,0
ID12902,0
ID12903,0
ID12904,0
ID12905,0
ID12906,1
ID12907,0
ID12908,0
ID12909,0
ID12910,0
ID12911,0
ID12912,0
ID12913,0
ID12914,0
ID12915,0
ID12916,0
ID12917,0
ID12918,0
ID12919,0
ID12920,0
ID12921,0
ID12922,0
ID12923,0
ID12924,0
ID12925,0
ID12926,0
ID12927,0
ID12928,0
ID12929,0
ID12930,0
ID12931,0
ID12932,0
ID12933,0
ID12934,0
ID12935,0
ID12936,0
ID12937,0
ID12938,0
ID12939,0
ID12940,0
ID12941,0
ID12942,0
ID12943,0
ID12944,0
ID12945,0
ID12946,0
ID12947,0
ID12948,0
ID12949,0
ID12950,1
ID12951,0
ID12952,0
ID12953,0
ID12954,0
ID12955,0
ID12956,0
ID12957,0
ID12958,1
ID12959,0
ID12960,0
ID12961,0
ID12962,0
ID12963,0
ID12964,1
ID12965,0
ID12966,0
ID12967,0
ID12968,0
ID12969,0
ID12970,0
ID12971,0
ID12972,0
ID12973,0
ID12974,0
ID12975,0
ID12976,0
ID12977,0
ID12978,0
ID12979,0
ID12980,0
ID12981,0
ID12982,0
ID12983,0
ID12984,0
ID12985,0
ID12986,0
ID12987,1
ID12988,0
ID12989,0
ID12990,1
ID12991,0
ID12992,0
ID12993,0
ID12994,0
ID12995,0
ID12996,0
ID12997,0
ID12998,0
ID12999,0
ID13000,0
ID13001,0
ID13002,0
ID13003,0
ID13004,0
ID13005,0
ID13006,0
ID13007,0
ID13008,0
ID13009,0
ID13010,0
ID13011,0
ID13012,0
ID13013,0
ID13014,0
ID13015,0
ID13016,0
ID13017,0
ID13018,0
ID13019,1
ID13020,0
ID13021,0
ID13022,0
ID13023,0
ID13024,0
ID13025,0
ID13026,0
ID13027,0
ID13028,0
ID13029,0
ID13030,0
ID13031,0
ID13032,0
ID13033,0
ID13034,0
ID13035,0
ID13036,0
ID13037,0
ID13038,0
ID13039,0
ID13040,0
ID13041,0
ID13042,0
ID13043,0
ID13044,0
ID13045,0
ID13046,1
ID13047,0
ID13048,0
ID13049,0
ID13050,0
ID13051,0
ID13052,0
ID13053,1
ID13054,0
ID13055,0
ID13056,0
ID13057,0
ID13058,0
ID13059,0
ID13060,0
ID13061,0
ID13062,0
ID13063,0
ID13064,0
ID13065,0
ID13066,0
ID13067,0
ID13068,0
ID13069,0
ID13070,0
ID13071,0
ID13072,0
ID13073,0
ID13074,0
ID13075,0
ID13076,0
ID13077,0
ID13078,1
ID13079,0
ID13080,1
ID13081,0
ID13082,0
ID13083,0
ID13084,0
ID13085,0
ID13086,0
ID13087,0
ID13088,0
ID13089,0
ID13090,0
ID13091,0
ID13092,0
ID13093,0
ID13094,0
ID13095,0
ID13096,0
ID13097,0
ID13098,0
ID13099,0
ID13100,0
ID13101,0
ID13102,0
ID13103,0
ID13104,0
ID13105,0
ID13106,0
ID13107,0
ID13108,0
ID13109,0
ID13110,0
ID13111,0
ID13112,0
ID13113,0
ID13114,0
ID13115,0
ID13116,0
ID13117,0
ID13118,0
ID13119,0
ID13120,0
ID13121,0
ID13122,0
ID13123,0
ID13124,0
ID13125,0
ID13126,0
ID13127,0
ID13128,1
ID13129,0
ID13130,0
ID13131,1
ID13132,1
ID13133,1
ID13134,0
ID13135,0
ID13136,1
ID13137,0
ID13138,0
ID13139,0
ID13140,0
ID13141,0
ID13142,0
ID13143,0
ID13144,0
ID13145,0
ID13146,0
ID13147,0
ID13148,0
ID13149,0
ID13150,0
ID13151,0
ID13152,0
ID13153,0
ID13154,1
ID13155,0
ID13156,0
ID13157,0
ID13158,0
ID13159,0
ID13160,0
ID13161,0
ID13162,1
ID13163,0
ID13164,0
ID13165,0
ID13166,1
ID13167,0
ID13168,0
ID13169,0
ID13170,0
ID13171,1
ID13172,0
ID13173,0
ID13174,0
ID13175,0
ID13176,0
ID13177,0
ID13178,0
ID13179,0
ID13180,0
ID13181,0
ID13182,0
ID13183,0
ID13184,0
ID13185,0
ID13186,0
ID13187,0
ID13188,0
ID13189,0
ID13190,0
ID13191,0
ID13192,0
ID13193,0
ID13194,0
ID13195,0
ID13196,0
ID13197,0
ID13198,0
ID13199,0
ID13200,0
ID13201,0
ID13202,0
ID13203,0
ID13204,0
ID13205,0
ID13206,0
ID13207,0
ID13208,0
ID13209,0
ID13210,0
ID13211,0
ID13212,0
ID13213,0
ID13214,0
ID13215,0
ID13216,0
ID13217,0
ID13218,1
ID13219,0
ID13220,0
ID13221,0
ID13222,0
ID13223,0
ID13224,0
ID13225,0
ID13226,0
ID13227,0
ID13228,0
ID13229,0
ID13230,0
ID13231,0
ID13232,0
ID13233,1
ID13234,0
ID13235,0
ID13236,0
ID13237,0
ID13238,0
ID13239,0
ID13240,0
ID13241,0
ID13242,0
ID13243,0
ID13244,1
ID13245,0
ID13246,0
ID13247,0
ID13248,0
ID13249,0
ID13250,0
ID13251,1
ID13252,0
ID13253,0
ID13254,0
ID13255,0
ID13256,0
ID13257,0
ID13258,0
ID13259,0
ID13260,0
ID13261,0
ID13262,0
ID13263,0
ID13264,0
ID13265,1
ID13266,0
ID13267,0
ID13268,0
ID13269,0
ID13270,0
ID13271,0
ID13272,0
ID13273,0
ID13274,0
ID13275,0
ID13276,0
ID13277,0
ID13278,1
ID13279,0
ID13280,0
ID13281,0
ID13282,0
ID13283,0
ID13284,0
ID13285,0
ID13286,0
ID13287,0
ID13288,0
ID13289,0
ID13290,0
ID13291,0
ID13292,1
ID13293,0
ID13294,1
ID13295,0
ID13296,0
ID13297,0
ID13298,0
ID13299,0
ID13300,0
ID13301,0
ID13302,0
ID13303,0
ID13304,0
ID13305,0
ID13306,0
ID13307,0
ID13308,0
ID13309,0
ID13310,0
ID13311,0
ID13312,0
ID13313,0
ID13314,0
ID13315,0
ID13316,0
ID13317,0
ID13318,0
ID13319,0
ID13320,0
ID13321,0
ID13322,0
ID13323,0
ID13324,0
ID13325,0
ID13326,0
ID13327,0
ID13328,0
ID13329,0
ID13330,0
ID13331,0
ID13332,0
ID13333,0
ID13334,0
ID13335,0
ID13336,0
ID13337,0
ID13338,0
ID13339,0
ID13340,0
ID13341,0
ID13342,0
ID13343,0
ID13344,0
ID13345,0
ID13346,0
ID13347,0
ID13348,0
ID13349,0
ID13350,0
ID13351,0
ID13352,0
ID13353,0
ID13354,1
ID13355,1
ID13356,0
ID13357,0
ID13358,0
ID13359,1
ID13360,0
ID13361,0
ID13362,0
ID13363,0
ID13364,0
ID13365,0
ID13366,0
ID13367,0
ID13368,0
ID13369,0
ID13370,0
ID13371,0
ID13372,0
ID13373,0
ID13374,0
ID13375,0
ID13376,0
ID13377,0
ID13378,1
ID13379,0
ID13380,0
ID13381,1
ID13382,0
ID13383,0
ID13384,0
ID13385,0
ID13386,1
ID13387,0
ID13388,0
ID13389,0
ID13390,0
ID13391,0
ID13392,0
ID13393,0
ID13394,0
ID13395,1
ID13396,0
ID13397,0
ID13398,0
ID13399,0
ID13400,1
ID13401,0
ID13402,0
ID13403,0
ID13404,0
ID13405,1
ID13406,0
ID13407,0
ID13408,0
ID13409,0
ID13410,0
ID13411,0
ID13412,0
ID13413,0
ID13414,1
ID13415,0
ID13416,0
ID13417,0
ID13418,0
ID13419,0
ID13420,1
ID13421,0
ID13422,0
ID13423,0
ID13424,0
ID13425,0
ID13426,0
ID13427,0
ID13428,0
ID13429,0
ID13430,0
ID13431,0
ID13432,0
ID13433,0
ID13434,0
ID13435,0
ID13436,0
ID13437,0
ID13438,0
ID13439,0
ID13440,0
ID13441,0
ID13442,0
ID13443,0
ID13444,0
ID13445,0
ID13446,0
ID13447,0
ID13448,1
ID13449,0
ID13450,1
ID13451,0
ID13452,0
ID13453,0
ID13454,0
ID13455,0
ID13456,1
ID13457,0
ID13458,0
ID13459,0
ID13460,0
ID13461,0
ID13462,0
ID13463,0
ID13464,0
ID13465,0
ID13466,0
ID13467,0
ID13468,0
ID13469,0
ID13470,0
ID13471,0
ID13472,0
ID13473,1
ID13474,0
ID13475,0
ID13476,1
ID13477,1
ID13478,0
ID13479,0
ID13480,1
ID13481,0
ID13482,0
ID13483,0
ID13484,1
ID13485,0
ID13486,0
ID13487,0
ID13488,0
ID13489,0
ID13490,0
ID13491,0
ID13492,0
ID13493,0
ID13494,0
ID13495,0
ID13496,0
ID13497,0
ID13498,0
ID13499,0
ID13500,0
ID13501,1
ID13502,0
ID13503,0
ID13504,0
ID13505,0
ID13506,0
ID13507,0
ID13508,0
ID13509,0
ID13510,0
ID13511,0
ID13512,0
ID13513,0
ID13514,0
ID13515,0
ID13516,0
ID13517,0
ID13518,0
ID13519,1
ID13520,0
ID13521,0
ID13522,0
ID13523,0
ID13524,0
ID13525,0
ID13526,0
ID13527,0
ID13528,1
ID13529,0
ID13530,0
ID13531,0
ID13532,0
ID13533,0
ID13534,0
ID13535,0
ID13536,0
ID13537,0
ID13538,0
ID13539,0
ID13540,0
ID13541,0
ID13542,0
ID13543,0
ID13544,0
ID13545,0
ID13546,0
ID13547,0
ID13548,0
ID13549,0
ID13550,0
ID13551,0
ID13552,0
ID13553,0
ID13554,0
ID13555,0
ID13556,1
ID13557,0
ID13558,0
ID13559,0
ID13560,0
ID13561,0
ID13562,0
ID13563,0
ID13564,1
ID13565,0
ID13566,0
ID13567,1
ID13568,1
ID13569,0
ID13570,0
ID13571,0
ID13572,0
ID13573,0
ID13574,0
ID13575,1
ID13576,0
ID13577,0
ID13578,0
ID13579,0
ID13580,0
ID13581,0
ID13582,0
ID13583,0
ID13584,0
ID13585,0
ID13586,0
ID13587,0
ID13588,0
ID13589,0
ID13590,0
ID13591,0
ID13592,0
ID13593,0
ID13594,0
ID13595,1
ID13596,0
ID13597,0
ID13598,0
ID13599,0
ID13600,0
ID13601,0
ID13602,0
ID13603,0
ID13604,0
ID13605,0
ID13606,0
ID13607,0
ID13608,0
ID13609,0
ID13610,0
ID13611,0
ID13612,0
ID13613,0
ID13614,0
ID13615,0
ID13616,1
ID13617,0
ID13618,0
ID13619,0
ID13620,0
ID13621,0
ID13622,0
ID13623,0
ID13624,0
ID13625,0
ID13626,0
ID13627,0
ID13628,0
ID13629,0
ID13630,0
ID13631,0
ID13632,0
ID13633,0
ID13634,0
ID13635,0
ID13636,0
ID13637,0
ID13638,0
ID13639,0
ID13640,0
ID13641,0
ID13642,1
ID13643,0
ID13644,0
ID13645,0
ID13646,0
ID13647,0
ID13648,0
ID13649,0
ID13650,0
ID13651,0
ID13652,0
ID13653,0
ID13654,0
ID13655,1
ID13656,1
ID13657,0
ID13658,0
ID13659,0
ID13660,1
ID13661,0
ID13662,0
ID13663,0
ID13664,0
ID13665,0
ID13666,0
ID13667,0
ID13668,0
ID13669,1
ID13670,0
ID13671,0
ID13672,0
ID13673,0
ID13674,0
ID13675,0
ID13676,0
ID13677,0
ID13678,0
ID13679,1
ID13680,1
ID13681,0
ID13682,0
ID13683,0
ID13684,1
ID13685,0
ID13686,0
ID13687,0
ID13688,0
ID13689,0
ID13690,0
ID13691,0
ID13692,0
ID13693,0
ID13694,0
ID13695,0
ID13696,0
ID13697,0
ID13698,0
ID13699,0
ID13700,0
ID13701,0
ID13702,0
ID13703,0
ID13704,0
ID13705,0
ID13706,0
ID13707,0
ID13708,0
ID13709,0
ID13710,1
ID13711,0
ID13712,0
ID13713,0
ID13714,0
ID13715,0
ID13716,0
ID13717,0
ID13718,0
ID13719,0
ID13720,0
ID13721,0
ID13722,0
ID13723,0
ID13724,0
ID13725,0
ID13726,0
ID13727,0
ID13728,0
ID13729,0
ID13730,0
ID13731,0
ID13732,0
ID13733,1
ID13734,0
ID13735,0
ID13736,0
ID13737,1
ID13738,0
ID13739,0
ID13740,0
ID13741,0
ID13742,0
ID13743,0
ID13744,1
ID13745,0
ID13746,0
ID13747,0
ID13748,0
ID13749,0
ID13750,0
ID13751,0
ID13752,0
ID13753,0
ID13754,0
ID13755,0
ID13756,0
ID13757,0
ID13758,0
ID13759,0
ID13760,0
ID13761,0
ID13762,0
ID13763,0
ID13764,0
ID13765,0
ID13766,0
ID13767,0
ID13768,0
ID13769,0
ID13770,0
ID13771,0
ID13772,0
ID13773,0
ID13774,0
ID13775,0
ID13776,0
ID13777,1
ID13778,0
ID13779,0
ID13780,0
ID13781,0
ID13782,0
ID13783,0
ID13784,0
ID13785,0
ID13786,0
ID13787,0
ID13788,0
ID13789,0
ID13790,0
ID13791,0
ID13792,0
ID13793,0
ID13794,0
ID13795,0
ID13796,0
ID13797,0
ID13798,0
ID13799,0
ID13800,0
ID13801,0
ID13802,0
ID13803,0
ID13804,0
ID13805,0
ID13806,0
ID13807,0
ID13808,0
ID13809,0
ID13810,0
ID13811,0
ID13812,0
ID13813,0
ID13814,0
ID13815,0
ID13816,0
ID13817,0
ID13818,0
ID13819,0
ID13820,0
ID13821,0
ID13822,0
ID13823,0
ID13824,0
ID13825,0
ID13826,0
ID13827,1
ID13828,0
ID13829,0
ID13830,0
ID13831,0
ID13832,0
ID13833,0
ID13834,0
ID13835,0
ID13836,0
ID13837,0
ID13838,0
ID13839,0
ID13840,0
ID13841,0
ID13842,0
ID13843,0
ID13844,0
ID13845,1
ID13846,0
ID13847,0
ID13848,0
ID13849,0
ID13850,0
ID13851,0
ID13852,0
ID13853,0
ID13854,0
ID13855,0
ID13856,0
ID13857,0
ID13858,0
ID13859,0
ID13860,0
ID13861,0
ID13862,0
ID13863,0
ID13864,0
ID13865,0
ID13866,0
ID13867,1
ID13868,0
ID13869,0
ID13870,0
ID13871,0
ID13872,0
ID13873,0
ID13874,0
ID13875,0
ID13876,0
ID13877,0
ID13878,0
ID13879,0
ID13880,0
ID13881,0
ID13882,0
ID13883,0
ID13884,0
ID13885,0
ID13886,0
ID13887,0
ID13888,0
ID13889,0
ID13890,0
ID13891,0
ID13892,0
ID13893,0
ID13894,0
ID13895,0
ID13896,0
ID13897,0
ID13898,0
ID13899,0
ID13900,0
ID13901,0
ID13902,0
ID13903,0
ID13904,0
ID13905,0
ID13906,0
ID13907,0
ID13908,0
ID13909,0
ID13910,0
ID13911,0
ID13912,0
ID13913,0
ID13914,0
ID13915,0
ID13916,1
ID13917,0
ID13918,0
ID13919,0
ID13920,0
ID13921,0
ID13922,0
ID13923,0
ID13924,0
ID13925,0
ID13926,0
ID13927,0
ID13928,1
ID13929,0
ID13930,0
ID13931,0
ID13932,0
ID13933,0
ID13934,0
ID13935,0
ID13936,0
ID13937,0
ID13938,0
ID13939,0
ID13940,0
ID13941,0
ID13942,0
ID13943,0
ID13944,0
ID13945,0
ID13946,1
ID13947,0
ID13948,0
ID13949,0
ID13950,0
ID13951,0
ID13952,0
ID13953,0
ID13954,0
ID13955,0
ID13956,0
ID13957,0
ID13958,0
ID13959,0
ID13960,0
ID13961,0
ID13962,0
ID13963,0
ID13964,0
ID13965,0
ID13966,1
ID13967,0
ID13968,0
ID13969,1
ID13970,0
ID13971,0
ID13972,0
ID13973,0
ID13974,0
ID13975,0
ID13976,0
ID13977,0
ID13978,0
ID13979,0
ID13980,0
ID13981,0
ID13982,0
ID13983,0
ID13984,0
ID13985,0
ID13986,0
ID13987,0
ID13988,0
ID13989,0
ID13990,0
ID13991,0
ID13992,0
ID13993,0
ID13994,0
ID13995,0
ID13996,0
ID13997,0
ID13998,0
ID13999,0
ID14000,0
ID14001,0
ID14002,0
ID14003,0
ID14004,0
ID14005,0
ID14006,0
ID14007,0
ID14008,0
ID14009,0
ID14010,0
ID14011,0
ID14012,1
ID14013,0
ID14014,0
ID14015,0
ID14016,0
ID14017,0
ID14018,0
ID14019,0
ID14020,0
ID14021,0
ID14022,0
ID14023,0
ID14024,0
ID14025,0
ID14026,0
ID14027,0
ID14028,0
ID14029,0
ID14030,0
ID14031,0
ID14032,0
ID14033,0
ID14034,0
ID14035,0
ID14036,1
ID14037,0
ID14038,1
ID14039,0
ID14040,0
ID14041,0
ID14042,0
ID14043,0
ID14044,0
ID14045,0
ID14046,0
ID14047,0
ID14048,0
ID14049,0
ID14050,0
ID14051,0
ID14052,0
ID14053,0
ID14054,0
ID14055,0
ID14056,0
ID14057,0
ID14058,0
ID14059,0
ID14060,0
ID14061,0
ID14062,0
ID14063,1
ID14064,0
ID14065,0
ID14066,0
ID14067,0
ID14068,0
ID14069,0
ID14070,0
ID14071,0
ID14072,0
ID14073,0
ID14074,0
ID14075,1
ID14076,0
ID14077,0
ID14078,0
ID14079,0
ID14080,0
ID14081,0
ID14082,0
ID14083,0
ID14084,0
ID14085,0
ID14086,0
ID14087,0
ID14088,0
ID14089,0
ID14090,0
ID14091,0
ID14092,0
ID14093,0
ID14094,0
ID14095,0
ID14096,0
ID14097,0
ID14098,0
ID14099,1
ID14100,0
ID14101,0
ID14102,0
ID14103,0
ID14104,1
ID14105,0
ID14106,0
ID14107,0
ID14108,0
ID14109,0
ID14110,0
ID14111,0
ID14112,0
ID14113,0
ID14114,0
ID14115,0
ID14116,0
ID14117,0
ID14118,0
ID14119,0
ID14120,0
ID14121,0
ID14122,0
ID14123,0
ID14124,0
ID14125,0
ID14126,0
ID14127,0
ID14128,1
ID14129,1
ID14130,0
ID14131,0
ID14132,0
ID14133,0
ID14134,0
ID14135,0
ID14136,1
ID14137,0
ID14138,0
ID14139,0
ID14140,0
ID14141,0
ID14142,0
ID14143,0
ID14144,0
ID14145,0
ID14146,0
ID14147,0
ID14148,0
ID14149,0
ID14150,0
ID14151,1
ID14152,0
ID14153,0
ID14154,0
ID14155,0
ID14156,0
ID14157,0
ID14158,0
ID14159,0
ID14160,0
ID14161,0
ID14162,1
ID14163,0
ID14164,0
ID14165,0
ID14166,0
ID14167,0
ID14168,0
ID14169,0
ID14170,0
ID14171,0
ID14172,0
ID14173,0
ID14174,0
ID14175,0
ID14176,0
ID14177,0
ID14178,0
ID14179,0
ID14180,0
ID14181,0
ID14182,0
ID14183,0
ID14184,0
ID14185,0
ID14186,0
ID14187,0
ID14188,0
ID14189,0
ID14190,0
ID14191,0
ID14192,0
ID14193,0
ID14194,0
ID14195,0
ID14196,0
ID14197,0
ID14198,0
ID14199,0
ID14200,0
ID14201,1
ID14202,0
ID14203,0
ID14204,0
ID14205,0
ID14206,0
ID14207,0
ID14208,0
ID14209,0
ID14210,0
ID14211,0
ID14212,0
ID14213,0
ID14214,1
ID14215,0
ID14216,0
ID14217,0
ID14218,0
ID14219,0
ID14220,0
ID14221,1
ID14222,0
ID14223,1
ID14224,0
ID14225,0
ID14226,0
ID14227,0
ID14228,0
ID14229,0
ID14230,0
ID14231,0
ID14232,0
ID14233,0
ID14234,0
ID14235,0
ID14236,0
ID14237,0
ID14238,0
ID14239,0
ID14240,0
ID14241,1
ID14242,0
ID14243,0
ID14244,0
ID14245,0
ID14246,0
ID14247,1
ID14248,0
ID14249,0
ID14250,0
ID14251,0
ID14252,0
ID14253,0
ID14254,0
ID14255,0
ID14256,0
ID14257,0
ID14258,0
ID14259,0
ID14260,0
ID14261,0
ID14262,0
ID14263,0
ID14264,0
ID14265,0
ID14266,0
ID14267,0
ID14268,0
ID14269,0
ID14270,0
ID14271,0
ID14272,1
ID14273,0
ID14274,0
ID14275,0
ID14276,0
ID14277,0
ID14278,0
ID14279,0
ID14280,0
ID14281,0
ID14282,0
ID14283,0
ID14284,0
ID14285,0
ID14286,0
ID14287,0
ID14288,0
ID14289,0
ID14290,0
ID14291,0
ID14292,0
ID14293,0
ID14294,0
ID14295,0
ID14296,0
ID14297,0
ID14298,0
ID14299,0
ID14300,0
ID14301,0
ID14302,0
ID14303,0
ID14304,0
ID14305,0
ID14306,0
ID14307,0
ID14308,1
ID14309,0
ID14310,0
ID14311,0
ID14312,0
ID14313,0
ID14314,0
ID14315,0
ID14316,0
ID14317,0
ID14318,0
ID14319,0
ID14320,0
ID14321,0
ID14322,0
ID14323,0
ID14324,0
ID14325,0
ID14326,0
ID14327,0
ID14328,0
ID14329,0
ID14330,0
ID14331,0
ID14332,0
ID14333,0
ID14334,0
ID14335,0
ID14336,0
ID14337,1
ID14338,0
ID14339,0
ID14340,0
ID14341,0
ID14342,0
ID14343,0
ID14344,1
ID14345,0
ID14346,0
ID14347,0
ID14348,0
ID14349,0
ID14350,0
ID14351,0
ID14352,0
ID14353,0
ID14354,0
ID14355,0
ID14356,1
ID14357,0
ID14358,1
ID14359,0
ID14360,1
ID14361,0
ID14362,0
ID14363,0
ID14364,1
ID14365,0
ID14366,0
ID14367,0
ID14368,0
ID14369,0
ID14370,0
ID14371,0
ID14372,0
ID14373,0
ID14374,0
ID14375,1
ID14376,0
ID14377,0
ID14378,0
ID14379,0
ID14380,0
ID14381,0
ID14382,0
ID14383,0
ID14384,0
ID14385,0
ID14386,0
ID14387,0
ID14388,0
ID14389,0
ID14390,0
ID14391,0
ID14392,0
ID14393,0
ID14394,0
ID14395,0
ID14396,0
ID14397,0
ID14398,0
ID14399,0
ID14400,0
ID14401,0
ID14402,0
ID14403,0
ID14404,0
ID14405,1
ID14406,0
ID14407,0
ID14408,0
ID14409,0
ID14410,0
ID14411,0
ID14412,0
ID14413,0
ID14414,0
ID14415,0
ID14416,0
ID14417,0
ID14418,0
ID14419,0
ID14420,0
ID14421,0
ID14422,0
ID14423,0
ID14424,1
ID14425,0
ID14426,0
ID14427,0
ID14428,0
ID14429,0
ID14430,0
ID14431,0
ID14432,0
ID14433,0
ID14434,0
ID14435,0
ID14436,0
ID14437,0
ID14438,0
ID14439,0
ID14440,0
ID14441,0
ID14442,0
ID14443,0
ID14444,0
ID14445,0
ID14446,0
ID14447,0
ID14448,0
ID14449,0
ID14450,0
ID14451,1
ID14452,0
ID14453,0
ID14454,0
ID14455,0
ID14456,0
ID14457,0
ID14458,0
ID14459,0
ID14460,0
ID14461,0
ID14462,0
ID14463,0
ID14464,0
ID14465,0
ID14466,0
ID14467,0
ID14468,0
ID14469,0
ID14470,1
ID14471,0
ID14472,0
ID14473,0
ID14474,0
ID14475,0
ID14476,1
ID14477,0
ID14478,0
ID14479,0
ID14480,0
ID14481,0
ID14482,0
ID14483,0
ID14484,0
ID14485,0
ID14486,0
ID14487,0
ID14488,0
ID14489,0
ID14490,0
ID14491,0
ID14492,0
ID14493,0
ID14494,0
ID14495,0
ID14496,1
ID14497,0
ID14498,0
ID14499,0
ID14500,0
ID14501,0
ID14502,0
ID14503,0
ID14504,0
ID14505,0
ID14506,0
ID14507,0
ID14508,0
ID14509,0
ID14510,0
ID14511,0
ID14512,0
ID14513,0
ID14514,0
ID14515,0
ID14516,0
ID14517,0
ID14518,0
ID14519,0
ID14520,0
ID14521,1
ID14522,0
ID14523,0
ID14524,0
ID14525,1
ID14526,0
ID14527,0
ID14528,0
ID14529,0
ID14530,1
ID14531,1
ID14532,0
ID14533,0
ID14534,0
ID14535,0
ID14536,0
ID14537,0
ID14538,0
ID14539,0
ID14540,0
ID14541,0
ID14542,0
ID14543,0
ID14544,0
ID14545,0
ID14546,0
ID14547,0
ID14548,0
ID14549,0
ID14550,0
ID14551,0
ID14552,0
ID14553,0
ID14554,0
ID14555,0
ID14556,0
ID14557,0
ID14558,0
ID14559,0
ID14560,0
ID14561,0
ID14562,0
ID14563,0
ID14564,0
ID14565,0
ID14566,0
ID14567,0
ID14568,0
ID14569,0
ID14570,0
ID14571,0
ID14572,0
ID14573,0
ID14574,0
ID14575,0
ID14576,0
ID14577,0
ID14578,0
ID14579,0
ID14580,0
ID14581,0
ID14582,1
ID14583,0
ID14584,0
ID14585,0
ID14586,0
ID14587,0
ID14588,0
ID14589,0
ID14590,0
ID14591,0
ID14592,0
ID14593,0
ID14594,0
ID14595,0
ID14596,1
ID14597,0
ID14598,0
ID14599,0
ID14600,0
ID14601,0
ID14602,0
ID14603,0
ID14604,0
ID14605,1
ID14606,0
ID14607,0
ID14608,0
ID14609,0
ID14610,0
ID14611,0
ID14612,0
ID14613,0
ID14614,0
ID14615,0
ID14616,0
ID14617,0
ID14618,0
ID14619,0
ID14620,0
ID14621,0
ID14622,0
ID14623,1
ID14624,1
ID14625,0
ID14626,0
ID14627,0
ID14628,0
ID14629,0
ID14630,0
ID14631,0
ID14632,0
ID14633,0
ID14634,0
ID14635,1
ID14636,0
ID14637,0
ID14638,0
ID14639,0
ID14640,0
ID14641,0
ID14642,0
ID14643,0
ID14644,0
ID14645,0
ID14646,0
ID14647,0
ID14648,1
ID14649,1
ID14650,0
ID14651,1
ID14652,0
ID14653,0
ID14654,0
ID14655,0
ID14656,0
ID14657,0
ID14658,0
ID14659,0
ID14660,0
ID14661,0
ID14662,0
ID14663,1
ID14664,0
ID14665,0
ID14666,0
ID14667,0
ID14668,0
ID14669,0
ID14670,0
ID14671,0
ID14672,0
ID14673,0
ID14674,1
ID14675,0
ID14676,0
ID14677,0
ID14678,0
ID14679,0
ID14680,0
ID14681,0
ID14682,0
ID14683,0
ID14684,0
ID14685,0
ID14686,0
ID14687,0
ID14688,0
ID14689,0
ID14690,0
ID14691,0
ID14692,0
ID14693,0
ID14694,0
ID14695,0
ID14696,1
ID14697,1
ID14698,1
ID14699,0
ID14700,0
ID14701,0
ID14702,0
ID14703,1
ID14704,0
ID14705,0
ID14706,0
ID14707,1
ID14708,0
ID14709,0
ID14710,0
ID14711,1
ID14712,0
ID14713,0
ID14714,0
ID14715,0
ID14716,0
ID14717,0
ID14718,0
ID14719,1
ID14720,0
ID14721,0
ID14722,0
ID14723,0
ID14724,0
ID14725,0
ID14726,0
ID14727,0
ID14728,0
ID14729,0
ID14730,0
ID14731,0
ID14732,0
ID14733,0
ID14734,0
ID14735,0
ID14736,0
ID14737,0
ID14738,0
ID14739,0
ID14740,0
ID14741,0
ID14742,0
ID14743,0
ID14744,0
ID14745,0
ID14746,0
ID14747,0
ID14748,0
ID14749,0
ID14750,0
ID14751,0
ID14752,0
ID14753,0
ID14754,0
ID14755,0
ID14756,0
ID14757,0
ID14758,0
ID14759,0
ID14760,0
ID14761,0
ID14762,0
ID14763,0
ID14764,0
ID14765,0
ID14766,0
ID14767,0
ID14768,0
ID14769,0
ID14770,0
ID14771,0
ID14772,0
ID14773,0
ID14774,0
ID14775,0
ID14776,0
ID14777,0
ID14778,0
ID14779,0
ID14780,1
ID14781,0
ID14782,0
ID14783,0
ID14784,0
ID14785,0
ID14786,0
ID14787,0
ID14788,0
ID14789,1
ID14790,0
ID14791,1
ID14792,0
ID14793,0
ID14794,0
ID14795,0
ID14796,0
ID14797,0
ID14798,0
ID14799,0
ID14800,0
ID14801,0
ID14802,0
ID14803,0
ID14804,0
ID14805,0
ID14806,0
ID14807,0
ID14808,0
ID14809,0
ID14810,0
ID14811,0
ID14812,1
ID14813,0
ID14814,0
ID14815,0
ID14816,0
ID14817,0
ID14818,0
ID14819,1
ID14820,0
ID14821,0
ID14822,0
ID14823,0
ID14824,0
ID14825,0
ID14826,0
ID14827,0
ID14828,0
ID14829,0
ID14830,0
ID14831,0
ID14832,0
ID14833,0
ID14834,0
ID14835,0
ID14836,0
ID14837,0
ID14838,0
ID14839,0
ID14840,0
ID14841,0
ID14842,0
ID14843,0
ID14844,0
ID14845,0
ID14846,0
ID14847,0
ID14848,0
ID14849,0
ID14850,0
ID14851,0
ID14852,0
ID14853,0
ID14854,0
ID14855,1
ID14856,0
ID14857,0
ID14858,0
ID14859,0
ID14860,0
ID14861,0
ID14862,0
ID14863,0
ID14864,0
ID14865,0
ID14866,0
ID14867,0
ID14868,0
ID14869,0
ID14870,0
ID14871,0
ID14872,0
ID14873,0
ID14874,0
ID14875,0
ID14876,0
ID14877,0
ID14878,0
ID14879,0
ID14880,0
ID14881,0
ID14882,0
ID14883,0
ID14884,0
ID14885,0
ID14886,0
ID14887,0
ID14888,0
ID14889,0
ID14890,0
ID14891,0
ID14892,0
ID14893,0
ID14894,0
ID14895,0
ID14896,1
ID14897,0
ID14898,0
ID14899,0
ID14900,0
ID14901,0
ID14902,1
ID14903,0
ID14904,0
ID14905,0
ID14906,0
ID14907,0
ID14908,0
ID14909,0
ID14910,0
ID14911,0
ID14912,0
ID14913,0
ID14914,0
ID14915,1
ID14916,0
ID14917,0
ID14918,0
ID14919,0
ID14920,0
ID14921,0
ID14922,0
ID14923,0
ID14924,0
ID14925,0
ID14926,0
ID14927,0
ID14928,0
ID14929,0
ID14930,0
ID14931,0
ID14932,1
ID14933,0
ID14934,0
ID14935,0
ID14936,0
ID14937,0
ID14938,0
ID14939,0
ID14940,0
ID14941,0
ID14942,0
ID14943,0
ID14944,0
ID14945,0
ID14946,0
ID14947,0
ID14948,0
ID14949,0
ID14950,0
ID14951,0
ID14952,0
ID14953,0
ID14954,0
ID14955,0
ID14956,0
ID14957,0
ID14958,0
ID14959,0
ID14960,0
ID14961,0
ID14962,0
ID14963,0
ID14964,0
ID14965,0
ID14966,0
ID14967,0
ID14968,0
ID14969,0
ID14970,1
ID14971,0
ID14972,0
ID14973,0
ID14974,0
ID14975,0
ID14976,0
ID14977,0
ID14978,0
ID14979,0
ID14980,0
ID14981,0
ID14982,0
ID14983,0
ID14984,0
ID14985,0
ID14986,0
ID14987,0
ID14988,0
ID14989,0
ID14990,0
ID14991,1
ID14992,0
ID14993,0
ID14994,0
ID14995,0
ID14996,0
ID14997,0
ID14998,0
ID14999,0
ID15000,0
ID15001,0
ID15002,0
ID15003,0
ID15004,0
ID15005,0
ID15006,0
ID15007,0
ID15008,0
ID15009,0
ID15010,0
ID15011,0
ID15012,0
ID15013,0
ID15014,0
ID15015,0
ID15016,0
ID15017,0
ID15018,0
ID15019,0
ID15020,0
ID15021,0
ID15022,0
ID15023,0
ID15024,0
ID15025,0
ID15026,0
ID15027,0
ID15028,0
ID15029,0
ID15030,0
ID15031,0
ID15032,0
ID15033,0
ID15034,0
ID15035,0
ID15036,0
ID15037,0
ID15038,0
ID15039,0
ID15040,0
ID15041,0
ID15042,0
ID15043,0
ID15044,0
ID15045,0
ID15046,0
ID15047,0
ID15048,0
ID15049,0
ID15050,0
ID15051,0
ID15052,0
ID15053,0
ID15054,0
ID15055,1
ID15056,0
ID15057,0
ID15058,0
ID15059,0
ID15060,0
ID15061,0
ID15062,0
ID15063,0
ID15064,0
ID15065,0
ID15066,0
ID15067,0
ID15068,0
ID15069,0
ID15070,0
ID15071,0
ID15072,1
ID15073,0
ID15074,0
ID15075,0
ID15076,0
ID15077,0
ID15078,0
ID15079,0
ID15080,0
ID15081,0
ID15082,0
ID15083,0
ID15084,0
ID15085,0
ID15086,0
ID15087,0
ID15088,0
ID15089,1
ID15090,0
ID15091,0
ID15092,0
ID15093,0
ID15094,0
ID15095,0
ID15096,0
ID15097,0
ID15098,0
ID15099,0
ID15100,0
ID15101,0
ID15102,0
ID15103,0
ID15104,0
ID15105,0
ID15106,0
ID15107,0
ID15108,0
ID15109,0
ID15110,0
ID15111,0
ID15112,0
ID15113,0
ID15114,0
ID15115,0
ID15116,0
ID15117,1
ID15118,0
ID15119,0
ID15120,0
ID15121,0
ID15122,0
ID15123,0
ID15124,0
ID15125,0
ID15126,0
ID15127,0
ID15128,0
ID15129,0
ID15130,0
ID15131,0
ID15132,0
ID15133,0
ID15134,0
ID15135,1
ID15136,0
ID15137,0
ID15138,0
ID15139,1
ID15140,0
ID15141,0
ID15142,0
ID15143,0
ID15144,0
ID15145,0
ID15146,0
ID15147,1
ID15148,0
ID15149,0
ID15150,0
ID15151,0
ID15152,0
ID15153,0
ID15154,0
ID15155,0
ID15156,0
ID15157,0
ID15158,0
ID15159,0
ID15160,0
ID15161,0
ID15162,0
ID15163,0
ID15164,0
ID15165,0
ID15166,0
ID15167,0
ID15168,0
ID15169,0
ID15170,0
ID15171,1
ID15172,0
ID15173,0
ID15174,0
ID15175,0
ID15176,0
ID15177,0
ID15178,0
ID15179,0
ID15180,0
ID15181,0
ID15182,0
ID15183,0
ID15184,0
ID15185,0
ID15186,0
ID15187,0
ID15188,0
ID15189,0
ID15190,1
ID15191,1
ID15192,0
ID15193,0
ID15194,0
ID15195,0
ID15196,0
ID15197,0
ID15198,0
ID15199,1
ID15200,0
ID15201,0
ID15202,0
ID15203,0
ID15204,0
ID15205,0
ID15206,0
ID15207,0
ID15208,0
ID15209,0
ID15210,0
ID15211,0
ID15212,0
ID15213,0
ID15214,0
ID15215,0
ID15216,0
ID15217,0
ID15218,0
ID15219,0
ID15220,0
ID15221,0
ID15222,0
ID15223,0
ID15224,0
ID15225,0
ID15226,0
ID15227,0
ID15228,0
ID15229,1
ID15230,0
ID15231,0
ID15232,0
ID15233,0
ID15234,0
ID15235,0
ID15236,0
ID15237,0
ID15238,0
ID15239,0
ID15240,1
ID15241,0
ID15242,0
ID15243,0
ID15244,0
ID15245,0
ID15246,0
ID15247,0
ID15248,0
ID15249,0
ID15250,0
ID15251,0
ID15252,0
ID15253,0
ID15254,0
ID15255,0
ID15256,0
ID15257,0
ID15258,0
ID15259,0
ID15260,0
ID15261,0
ID15262,0
ID15263,0
ID15264,0
ID15265,0
ID15266,0
ID15267,0
ID15268,0
ID15269,0
ID15270,0
ID15271,0
ID15272,0
ID15273,0
ID15274,0
ID15275,0
ID15276,0
ID15277,0
ID15278,0
ID15279,0
ID15280,0
ID15281,0
ID15282,0
ID15283,0
ID15284,0
ID15285,0
ID15286,0
ID15287,0
ID15288,0
ID15289,0
ID15290,0
ID15291,1
ID15292,0
ID15293,0
ID15294,0
ID15295,0
ID15296,0
ID15297,0
ID15298,0
ID15299,0
ID15300,1
ID15301,0
ID15302,0
ID15303,0
ID15304,0
ID15305,0
ID15306,0
ID15307,0
ID15308,0
ID15309,0
ID15310,0
ID15311,0
ID15312,0
ID15313,0
ID15314,0
ID15315,0
ID15316,0
ID15317,0
ID15318,0
ID15319,0
ID15320,0
ID15321,0
ID15322,0
ID15323,0
ID15324,0
ID15325,0
ID15326,0
ID15327,0
ID15328,0
ID15329,0
ID15330,0
ID15331,0
ID15332,0
ID15333,0
ID15334,0
ID15335,0
ID15336,0
ID15337,0
ID15338,0
ID15339,0
ID15340,0
ID15341,0
ID15342,0
ID15343,0
ID15344,0
ID15345,1
ID15346,0
ID15347,0
ID15348,0
ID15349,0
ID15350,1
ID15351,0
ID15352,0
ID15353,0
ID15354,0
ID15355,0
ID15356,0
ID15357,1
ID15358,0
ID15359,0
ID15360,0
ID15361,0
ID15362,0
ID15363,0
ID15364,0
ID15365,0
ID15366,0
ID15367,0
ID15368,0
ID15369,0
ID15370,0
ID15371,0
ID15372,0
ID15373,1
ID15374,0
ID15375,0
ID15376,0
ID15377,1
ID15378,0
ID15379,0
ID15380,0
ID15381,0
ID15382,0
ID15383,0
ID15384,0
ID15385,0
ID15386,0
ID15387,0
ID15388,0
ID15389,0
ID15390,0
ID15391,0
ID15392,0
ID15393,1
ID15394,0
ID15395,0
ID15396,0
ID15397,0
ID15398,0
ID15399,0
ID15400,0
ID15401,0
ID15402,0
ID15403,0
ID15404,0
ID15405,0
ID15406,1
ID15407,0
ID15408,0
ID15409,0
ID15410,0
ID15411,0
ID15412,0
ID15413,0
ID15414,0
ID15415,0
ID15416,0
ID15417,0
ID15418,0
ID15419,0
ID15420,0
ID15421,0
ID15422,0
ID15423,0
ID15424,0
ID15425,0
ID15426,0
ID15427,0
ID15428,0
ID15429,0
ID15430,0
ID15431,1
ID15432,0
ID15433,0
ID15434,0
ID15435,0
ID15436,0
ID15437,0
ID15438,0
ID15439,0
ID15440,0
ID15441,0
ID15442,0
ID15443,0
ID15444,0
ID15445,0
ID15446,0
ID15447,1
ID15448,0
ID15449,0
ID15450,0
ID15451,0
ID15452,0
ID15453,0
ID15454,0
ID15455,0
ID15456,0
ID15457,0
ID15458,0
ID15459,0
ID15460,0
ID15461,0
ID15462,0
ID15463,1
ID15464,0
ID15465,0
ID15466,0
ID15467,0
ID15468,0
ID15469,0
ID15470,0
ID15471,1
ID15472,0
ID15473,0
ID15474,0
ID15475,0
ID15476,0
ID15477,0
ID15478,0
ID15479,0
ID15480,0
ID15481,0
ID15482,0
ID15483,0
ID15484,0
ID15485,0
ID15486,0
ID15487,0
ID15488,0
ID15489,0
ID15490,0
ID15491,0
ID15492,0
ID15493,0
ID15494,0
ID15495,1
ID15496,1
ID15497,1
ID15498,0
ID15499,0
ID15500,0
ID15501,0
ID15502,0
ID15503,0
ID15504,0
ID15505,0
ID15506,1
ID15507,0
ID15508,0
ID15509,0
ID15510,0
ID15511,0
ID15512,0
ID15513,0
ID15514,1
ID15515,0
ID15516,0
ID15517,0
ID15518,0
ID15519,0
ID15520,0
ID15521,0
ID15522,0
ID15523,0
ID15524,0
ID15525,0
ID15526,0
ID15527,0
ID15528,0
ID15529,0
ID15530,0
ID15531,0
ID15532,0
ID15533,0
ID15534,0
ID15535,0
ID15536,0
ID15537,0
ID15538,0
ID15539,0
ID15540,0
ID15541,0
ID15542,0
ID15543,0
ID15544,0
ID15545,0
ID15546,0
ID15547,0
ID15548,0
ID15549,0
ID15550,0
ID15551,0
ID15552,0
ID15553,0
ID15554,0
ID15555,1
ID15556,0
ID15557,0
ID15558,0
ID15559,0
ID15560,0
ID15561,0
ID15562,0
ID15563,0
ID15564,0
ID15565,0
ID15566,0
ID15567,0
ID15568,0
ID15569,1
ID15570,0
ID15571,0
ID15572,0
ID15573,0
ID15574,0
ID15575,0
ID15576,0
ID15577,0
ID15578,0
ID15579,0
ID15580,0
ID15581,0
ID15582,0
ID15583,0
ID15584,0
ID15585,0
ID15586,0
ID15587,1
ID15588,0
ID15589,0
ID15590,0
ID15591,0
ID15592,0
ID15593,1
ID15594,0
ID15595,0
ID15596,0
ID15597,0
ID15598,0
ID15599,0
ID15600,0
ID15601,0
ID15602,0
ID15603,0
ID15604,0
ID15605,0
ID15606,0
ID15607,0
ID15608,0
ID15609,0
ID15610,0
ID15611,0
ID15612,0
ID15613,0
ID15614,0
ID15615,0
ID15616,0
ID15617,0
ID15618,0
ID15619,0
ID15620,0
ID15621,0
ID15622,0
ID15623,0
ID15624,0
ID15625,0
ID15626,0
ID15627,1
ID15628,0
ID15629,0
ID15630,0
ID15631,0
ID15632,0
ID15633,0
ID15634,0
ID15635,0
ID15636,0
ID15637,0
ID15638,0
ID15639,0
ID15640,0
ID15641,0
ID15642,0
ID15643,0
ID15644,0
ID15645,0
ID15646,0
ID15647,0
ID15648,0
ID15649,0
ID15650,0
ID15651,0
ID15652,0
ID15653,1
ID15654,0
ID15655,0
ID15656,0
ID15657,1
ID15658,0
ID15659,0
ID15660,0
ID15661,0
ID15662,0
ID15663,0
ID15664,0
ID15665,0
ID15666,0
ID15667,0
ID15668,0
ID15669,0
ID15670,0
ID15671,0
ID15672,0
ID15673,0
ID15674,0
ID15675,0
ID15676,0
ID15677,0
ID15678,0
ID15679,0
ID15680,0
ID15681,0
ID15682,0
ID15683,0
ID15684,0
ID15685,0
ID15686,0
ID15687,0
ID15688,0
ID15689,0
ID15690,0
ID15691,0
ID15692,0
ID15693,0
ID15694,0
ID15695,0
ID15696,0
ID15697,0
ID15698,0
ID15699,0
ID15700,0
ID15701,0
ID15702,0
ID15703,0
ID15704,0
ID15705,0
ID15706,0
ID15707,0
ID15708,0
ID15709,0
ID15710,0
ID15711,0
ID15712,0
ID15713,1
ID15714,0
ID15715,1
ID15716,0
ID15717,0
ID15718,0
ID15719,1
ID15720,0
ID15721,0
ID15722,0
ID15723,0
ID15724,1
ID15725,1
ID15726,0
ID15727,0
ID15728,0
ID15729,0
ID15730,0
ID15731,0
ID15732,0
ID15733,0
ID15734,0
ID15735,0
ID15736,0
ID15737,0
ID15738,0
ID15739,0
ID15740,0
ID15741,0
ID15742,0
ID15743,0
ID15744,0
ID15745,0
ID15746,0
ID15747,0
ID15748,0
ID15749,0
ID15750,0
ID15751,0
ID15752,0
ID15753,0
ID15754,1
ID15755,0
ID15756,0
ID15757,0
ID15758,0
ID15759,0
ID15760,0
ID15761,0
ID15762,0
ID15763,0
ID15764,0
ID15765,0
ID15766,0
ID15767,0
ID15768,0
ID15769,0
ID15770,0
ID15771,0
ID15772,0
ID15773,0
ID15774,0
ID15775,0
ID15776,0
ID15777,0
ID15778,0
ID15779,0
ID15780,0
ID15781,0
ID15782,0
ID15783,0
ID15784,1
ID15785,0
ID15786,0
ID15787,0
ID15788,0
ID15789,0
ID15790,0
ID15791,0
ID15792,0
ID15793,0
ID15794,0
ID15795,0
ID15796,0
ID15797,0
ID15798,0
ID15799,0
ID15800,0
ID15801,0
ID15802,0
ID15803,0
ID15804,0
ID15805,0
ID15806,1
ID15807,0
ID15808,0
ID15809,0
ID15810,0
ID15811,0
ID15812,0
ID15813,0
ID15814,0
ID15815,0
ID15816,0
ID15817,0
ID15818,0
ID15819,0
ID15820,0
ID15821,0
ID15822,0
ID15823,0
ID15824,0
ID15825,0
ID15826,0
ID15827,0
ID15828,0
ID15829,0
ID15830,1
ID15831,0
ID15832,0
ID15833,0
ID15834,0
ID15835,0
ID15836,0
ID15837,0
ID15838,0
ID15839,0
ID15840,0
ID15841,0
ID15842,1
ID15843,0
ID15844,0
ID15845,0
ID15846,0
ID15847,0
ID15848,0
ID15849,0
ID15850,0
ID15851,1
ID15852,0
ID15853,0
ID15854,0
ID15855,0
ID15856,0
ID15857,0
ID15858,0
ID15859,0
ID15860,0
ID15861,0
ID15862,0
ID15863,0
ID15864,1
ID15865,0
ID15866,0
ID15867,0
ID15868,0
ID15869,0
ID15870,0
ID15871,0
ID15872,0
ID15873,0
ID15874,0
ID15875,0
ID15876,0
ID15877,0
ID15878,0
ID15879,0
ID15880,0
ID15881,0
ID15882,0
ID15883,0
ID15884,0
ID15885,0
ID15886,0
ID15887,0
ID15888,0
ID15889,0
ID15890,0
ID15891,0
ID15892,0
ID15893,0
ID15894,0
ID15895,0
ID15896,0
ID15897,0
ID15898,0
ID15899,0
ID15900,0
ID15901,0
ID15902,0
ID15903,0
ID15904,0
ID15905,0
ID15906,0
ID15907,0
ID15908,0
ID15909,0
ID15910,0
ID15911,0
ID15912,0
ID15913,0
ID15914,0
ID15915,0
ID15916,0
ID15917,0
ID15918,0
ID15919,0
ID15920,0
ID15921,0
ID15922,0
ID15923,0
ID15924,1
ID15925,0
ID15926,0
ID15927,0
ID15928,0
ID15929,0
ID15930,0
ID15931,0
ID15932,0
ID15933,0
ID15934,0
ID15935,0
ID15936,0
ID15937,0
ID15938,0
ID15939,0
ID15940,0
ID15941,0
ID15942,0
ID15943,0
ID15944,0
ID15945,0
ID15946,0
ID15947,0
ID15948,0
ID15949,0
ID15950,0
ID15951,0
ID15952,0
ID15953,0
ID15954,1
ID15955,0
ID15956,0
ID15957,0
ID15958,0
ID15959,0
ID15960,0
ID15961,0
ID15962,0
ID15963,0
ID15964,0
ID15965,1
ID15966,0
ID15967,0
ID15968,0
ID15969,0
ID15970,0
ID15971,0
ID15972,0
ID15973,0
ID15974,0
ID15975,0
ID15976,0
ID15977,0
ID15978,0
ID15979,0
ID15980,0
ID15981,1
ID15982,0
ID15983,0
ID15984,0
ID15985,0
ID15986,1
ID15987,0
ID15988,0
ID15989,0
ID15990,0
ID15991,0
ID15992,0
ID15993,0
ID15994,1
ID15995,1
ID15996,0
ID15997,0
ID15998,1
ID15999,0
ID16000,0
ID16001,0
ID16002,0
ID16003,0
ID16004,0
ID16005,0
ID16006,0
ID16007,0
ID16008,0
ID16009,0
ID16010,0
ID16011,0
ID16012,0
ID16013,0
ID16014,0
ID16015,0
ID16016,0
ID16017,0
ID16018,0
ID16019,0
ID16020,0
ID16021,0
ID16022,0
ID16023,0
ID16024,0
ID16025,0
ID16026,0
ID16027,0
ID16028,0
ID16029,0
ID16030,0
ID16031,1
ID16032,0
ID16033,0
ID16034,0
ID16035,0
ID16036,0
ID16037,0
ID16038,0
ID16039,0
ID16040,0
ID16041,0
ID16042,0
ID16043,0
ID16044,0
ID16045,0
ID16046,0
ID16047,0
ID16048,0
ID16049,0
ID16050,0
ID16051,0
ID16052,0
ID16053,0
ID16054,0
ID16055,0
ID16056,0
ID16057,0
ID16058,0
ID16059,0
ID16060,0
ID16061,0
ID16062,0
ID16063,0
ID16064,0
ID16065,0
ID16066,0
ID16067,0
ID16068,0
ID16069,0
ID16070,0
ID16071,0
ID16072,0
ID16073,0
ID16074,0
ID16075,1
ID16076,0
ID16077,0
ID16078,0
ID16079,0
ID16080,0
ID16081,0
ID16082,0
ID16083,0
ID16084,0
ID16085,0
ID16086,0
ID16087,0
ID16088,0
ID16089,0
ID16090,0
ID16091,1
ID16092,0
ID16093,0
ID16094,0
ID16095,0
ID16096,0
ID16097,0
ID16098,0
ID16099,0
ID16100,0
ID16101,0
ID16102,0
ID16103,0
ID16104,0
ID16105,0
ID16106,0
ID16107,0
ID16108,0
ID16109,0
ID16110,1
ID16111,0
ID16112,0
ID16113,0
ID16114,0
ID16115,0
ID16116,0
ID16117,0
ID16118,0
ID16119,0
ID16120,0
ID16121,0
ID16122,0
ID16123,0
ID16124,0
ID16125,0
ID16126,0
ID16127,0
ID16128,0
ID16129,0
ID16130,0
ID16131,0
ID16132,0
ID16133,1
ID16134,0
ID16135,0
ID16136,0
ID16137,0
ID16138,0
ID16139,0
ID16140,0
ID16141,0
ID16142,0
ID16143,0
ID16144,0
ID16145,0
ID16146,0
ID16147,0
ID16148,0
ID16149,0
ID16150,0
ID16151,0
ID16152,0
ID16153,0
ID16154,0
ID16155,0
ID16156,0
ID16157,0
ID16158,1
ID16159,0
ID16160,0
ID16161,0
ID16162,0
ID16163,0
ID16164,0
ID16165,1
ID16166,0
ID16167,0
ID16168,0
ID16169,0
ID16170,0
ID16171,0
ID16172,0
ID16173,0
ID16174,0
ID16175,0
ID16176,0
ID16177,1
ID16178,0
ID16179,0
ID16180,0
ID16181,0
ID16182,0
ID16183,0
ID16184,1
ID16185,0
ID16186,0
ID16187,0
ID16188,0
ID16189,1
ID16190,0
ID16191,0
ID16192,0
ID16193,0
ID16194,0
ID16195,0
ID16196,0
ID16197,0
ID16198,0
ID16199,0
ID16200,1
ID16201,0
ID16202,0
ID16203,1
ID16204,0
ID16205,0
ID16206,0
ID16207,0
ID16208,0
ID16209,1
ID16210,0
ID16211,0
ID16212,0
ID16213,0
ID16214,0
ID16215,0
ID16216,0
ID16217,0
ID16218,0
ID16219,0
ID16220,0
ID16221,0
ID16222,0
ID16223,0
ID16224,0
ID16225,0
ID16226,0
ID16227,0
ID16228,0
ID16229,1
ID16230,0
ID16231,0
ID16232,0
ID16233,0
ID16234,1
ID16235,0
ID16236,0
ID16237,0
ID16238,0
ID16239,0
ID16240,0
ID16241,0
ID16242,0
ID16243,0
ID16244,0
ID16245,1
ID16246,0
ID16247,0
ID16248,0
ID16249,0
ID16250,0
ID16251,0
ID16252,0
ID16253,0
ID16254,0
ID16255,1
ID16256,0
ID16257,0
ID16258,0
ID16259,0
ID16260,0
ID16261,0
ID16262,0
ID16263,0
ID16264,1
ID16265,0
ID16266,0
ID16267,0
ID16268,0
ID16269,0
ID16270,0
ID16271,0
ID16272,0
ID16273,0
ID16274,0
ID16275,0
ID16276,0
ID16277,0
ID16278,0
ID16279,0
ID16280,0
ID16281,0
ID16282,0
ID16283,0
ID16284,0
ID16285,0
ID16286,0
ID16287,0
ID16288,0
ID16289,1
ID16290,0
ID16291,0
ID16292,0
ID16293,0
ID16294,0
ID16295,0
ID16296,0
ID16297,0
ID16298,0
ID16299,0
ID16300,1
ID16301,0
ID16302,0
ID16303,0
ID16304,0
ID16305,0
ID16306,0
ID16307,0
ID16308,0
ID16309,0
ID16310,0
ID16311,0
ID16312,0
ID16313,0
ID16314,0
ID16315,0
ID16316,0
ID16317,0
ID16318,0
ID16319,0
ID16320,0
ID16321,1
ID16322,0
ID16323,0
ID16324,0
ID16325,0
ID16326,0
ID16327,0
ID16328,0
ID16329,0
ID16330,0
ID16331,0
ID16332,0
ID16333,0
ID16334,0
ID16335,0
ID16336,0
ID16337,0
ID16338,0
ID16339,0
ID16340,0
ID16341,0
ID16342,0
ID16343,1
ID16344,0
ID16345,0
ID16346,0
ID16347,1
ID16348,0
ID16349,0
ID16350,0
ID16351,0
ID16352,0
ID16353,0
ID16354,0
ID16355,0
ID16356,0
ID16357,0
ID16358,0
ID16359,0
ID16360,0
ID16361,0
ID16362,0
ID16363,0
ID16364,0
ID16365,0
ID16366,0
ID16367,0
ID16368,0
ID16369,0
ID16370,0
ID16371,0
ID16372,0
ID16373,0
ID16374,0
ID16375,0
ID16376,0
ID16377,0
ID16378,0
ID16379,0
ID16380,0
ID16381,0
ID16382,0
ID16383,0
ID16384,0
ID16385,0
ID16386,0
ID16387,0
ID16388,0
ID16389,1
ID16390,0
ID16391,0
ID16392,0
ID16393,0
ID16394,0
ID16395,0
ID16396,0
ID16397,0
ID16398,0
ID16399,0
ID16400,0
ID16401,0
ID16402,0
ID16403,0
ID16404,1
ID16405,0
ID16406,0
ID16407,0
ID16408,0
ID16409,0
ID16410,0
ID16411,0
ID16412,0
ID16413,0
ID16414,0
ID16415,0
ID16416,0
ID16417,0
ID16418,0
ID16419,0
ID16420,0
ID16421,0
ID16422,0
ID16423,0
ID16424,1
ID16425,0
ID16426,0
ID16427,0
ID16428,0
ID16429,1
ID16430,0
ID16431,0
ID16432,0
ID16433,0
ID16434,0
ID16435,0
ID16436,0
ID16437,0
ID16438,0
ID16439,0
ID16440,0
ID16441,0
ID16442,0
ID16443,0
ID16444,0
ID16445,0
ID16446,0
ID16447,0
ID16448,0
ID16449,0
ID16450,0
ID16451,0
ID16452,0
ID16453,0
ID16454,0
ID16455,0
ID16456,0
ID16457,0
ID16458,0
ID16459,0
ID16460,0
ID16461,0
ID16462,0
ID16463,0
ID16464,0
ID16465,0
ID16466,0
ID16467,0
ID16468,0
ID16469,0
ID16470,0
ID16471,0
ID16472,0
ID16473,0
ID16474,0
ID16475,0
ID16476,0
ID16477,0
ID16478,0
ID16479,0
ID16480,0
ID16481,0
ID16482,0
ID16483,0
ID16484,0
ID16485,0
ID16486,1
ID16487,0
ID16488,0
ID16489,0
ID16490,0
ID16491,0
ID16492,0
ID16493,0
ID16494,0
ID16495,0
ID16496,0
ID16497,0
ID16498,0
ID16499,0
ID16500,0
ID16501,0
ID16502,0
ID16503,0
ID16504,0
ID16505,0
ID16506,0
ID16507,0
ID16508,0
ID16509,0
ID16510,0
ID16511,0
ID16512,0
ID16513,0
ID16514,0
ID16515,0
ID16516,1
ID16517,0
ID16518,0
ID16519,0
ID16520,0
ID16521,0
ID16522,0
ID16523,0
ID16524,0
ID16525,0
ID16526,0
ID16527,0
ID16528,1
ID16529,0
ID16530,0
ID16531,0
ID16532,0
ID16533,0
ID16534,0
ID16535,0
ID16536,0
ID16537,0
ID16538,0
ID16539,0
ID16540,0
ID16541,0
ID16542,0
ID16543,0
ID16544,0
ID16545,0
ID16546,0
ID16547,0
ID16548,0
ID16549,0
ID16550,0
ID16551,0
ID16552,0
ID16553,0
ID16554,0
ID16555,0
ID16556,0
ID16557,0
ID16558,0
ID16559,0
ID16560,0
ID16561,0
ID16562,0
ID16563,0
ID16564,0
ID16565,0
ID16566,0
ID16567,0
ID16568,0
ID16569,0
ID16570,0
ID16571,0
ID16572,0
ID16573,0
ID16574,0
ID16575,0
ID16576,0
ID16577,0
ID16578,0
ID16579,0
ID16580,0
ID16581,0
ID16582,0
ID16583,1
ID16584,0
ID16585,0
ID16586,0
ID16587,0
ID16588,0
ID16589,0
ID16590,0
ID16591,0
ID16592,0
ID16593,0
ID16594,0
ID16595,0
ID16596,0
ID16597,1
ID16598,0
ID16599,0
ID16600,0
ID16601,0
ID16602,0
ID16603,0
ID16604,0
ID16605,0
ID16606,0
ID16607,0
ID16608,0
ID16609,0
ID16610,0
ID16611,0
ID16612,0
ID16613,0
ID16614,0
ID16615,0
ID16616,1
ID16617,1
ID16618,0
ID16619,0
ID16620,0
ID16621,0
ID16622,0
ID16623,1
ID16624,0
ID16625,0
ID16626,0
ID16627,0
ID16628,0
ID16629,1
ID16630,0
ID16631,0
ID16632,0
ID16633,0
ID16634,0
ID16635,0
ID16636,0
ID16637,0
ID16638,0
ID16639,1
ID16640,0
ID16641,1
ID16642,0
ID16643,0
ID16644,0
ID16645,0
ID16646,0
ID16647,0
ID16648,0
ID16649,0
ID16650,0
ID16651,0
ID16652,0
ID16653,0
ID16654,0
ID16655,0
ID16656,0
ID16657,0
ID16658,0
ID16659,0
ID16660,0
ID16661,0
ID16662,0
ID16663,0
ID16664,0
ID16665,0
ID16666,0
ID16667,0
ID16668,0
ID16669,0
ID16670,0
ID16671,0
ID16672,0
ID16673,0
ID16674,0
ID16675,0
ID16676,0
ID16677,1
ID16678,0
ID16679,0
ID16680,0
ID16681,0
ID16682,0
ID16683,0
ID16684,0
ID16685,0
ID16686,0
ID16687,0
ID16688,0
ID16689,0
ID16690,0
ID16691,0
ID16692,0
ID16693,0
ID16694,0
ID16695,0
ID16696,0
ID16697,0
ID16698,0
ID16699,0
ID16700,0
ID16701,0
ID16702,0
ID16703,0
ID16704,0
ID16705,1
ID16706,0
ID16707,0
ID16708,0
ID16709,0
ID16710,0
ID16711,1
ID16712,0
ID16713,0
ID16714,0
ID16715,0
ID16716,0
ID16717,0
ID16718,0
ID16719,0
ID16720,0
ID16721,0
ID16722,0
ID16723,0
ID16724,0
ID16725,0
ID16726,1
ID16727,0
ID16728,0
ID16729,0
ID16730,0
ID16731,0
ID16732,0
ID16733,0
ID16734,0
ID16735,0
ID16736,0
ID16737,0
ID16738,0
ID16739,0
ID16740,0
ID16741,0
ID16742,0
ID16743,0
ID16744,0
ID16745,0
ID16746,0
ID16747,0
ID16748,0
ID16749,0
ID16750,0
ID16751,0
ID16752,0
ID16753,0
ID16754,1
ID16755,0
ID16756,0
ID16757,1
ID16758,0
ID16759,0
ID16760,0
ID16761,0
ID16762,0
ID16763,0
ID16764,0
ID16765,0
ID16766,0
ID16767,0
ID16768,0
ID16769,0
ID16770,0
ID16771,1
ID16772,0
ID16773,0
ID16774,0
ID16775,0
ID16776,0
ID16777,0
ID16778,0
ID16779,0
ID16780,0
ID16781,0
ID16782,0
ID16783,0
ID16784,0
ID16785,0
ID16786,0
ID16787,0
ID16788,0
ID16789,1
ID16790,0
ID16791,0
ID16792,0
ID16793,0
ID16794,0
ID16795,0
ID16796,0
ID16797,0
ID16798,0
ID16799,0
ID16800,1
ID16801,0
ID16802,0
ID16803,0
ID16804,0
ID16805,0
ID16806,0
ID16807,0
ID16808,0
ID16809,0
ID16810,1
ID16811,0
ID16812,0
ID16813,0
ID16814,0
ID16815,0
ID16816,0
ID16817,0
ID16818,0
ID16819,0
ID16820,0
ID16821,0
ID16822,0
ID16823,0
ID16824,0
ID16825,0
ID16826,0
ID16827,0
ID16828,0
ID16829,0
ID16830,0
ID16831,0
ID16832,0
ID16833,0
ID16834,0
ID16835,0
ID16836,0
ID16837,0
ID16838,0
ID16839,0
ID16840,0
ID16841,0
ID16842,0
ID16843,0
ID16844,0
ID16845,0
ID16846,0
ID16847,0
ID16848,0
ID16849,0
ID16850,0
ID16851,0
ID16852,0
ID16853,0
ID16854,1
ID16855,0
ID16856,0
ID16857,0
ID16858,0
ID16859,0
ID16860,0
ID16861,0
ID16862,0
ID16863,0
ID16864,0
ID16865,0
ID16866,0
ID16867,0
ID16868,0
ID16869,0
ID16870,0
ID16871,0
ID16872,0
ID16873,0
ID16874,0
ID16875,0
ID16876,0
ID16877,0
ID16878,0
ID16879,1
ID16880,0
ID16881,0
ID16882,0
ID16883,1
ID16884,0
ID16885,0
ID16886,0
ID16887,0
ID16888,0
ID16889,0
ID16890,0
ID16891,1
ID16892,0
ID16893,0
ID16894,0
ID16895,1
ID16896,0
ID16897,0
ID16898,0
ID16899,0
ID16900,0
ID16901,0
ID16902,0
ID16903,0
ID16904,0
ID16905,0
ID16906,0
ID16907,1
ID16908,0
ID16909,0
ID16910,1
ID16911,0
ID16912,0
ID16913,0
ID16914,0
ID16915,0
ID16916,0
ID16917,0
ID16918,0
ID16919,1
ID16920,0
ID16921,0
ID16922,0
ID16923,0
ID16924,0
ID16925,0
ID16926,0
ID16927,0
ID16928,0
ID16929,0
ID16930,0
ID16931,1
ID16932,0
ID16933,0
ID16934,0
ID16935,1
ID16936,0
ID16937,0
ID16938,0
ID16939,0
ID16940,0
ID16941,0
ID16942,0
ID16943,0
ID16944,0
ID16945,0
ID16946,0
ID16947,0
ID16948,0
ID16949,0
ID16950,0
ID16951,0
ID16952,0
ID16953,1
ID16954,1
ID16955,0
ID16956,0
ID16957,0
ID16958,0
ID16959,0
ID16960,0
ID16961,0
ID16962,0
ID16963,0
ID16964,0
ID16965,0
ID16966,0
ID16967,0
ID16968,0
ID16969,0
ID16970,1
ID16971,0
ID16972,1
ID16973,0
ID16974,0
ID16975,0
ID16976,0
ID16977,1
ID16978,0
ID16979,1
ID16980,0
ID16981,0
ID16982,0
ID16983,0
ID16984,0
ID16985,0
ID16986,0
ID16987,0
ID16988,0
ID16989,0
ID16990,0
ID16991,0
ID16992,0
ID16993,0
ID16994,0
ID16995,0
ID16996,0
ID16997,0
ID16998,0
ID16999,0
ID17000,0
ID17001,0
ID17002,0
ID17003,0
ID17004,0
ID17005,0
ID17006,0
ID17007,0
ID17008,0
ID17009,0
ID17010,0
ID17011,0
ID17012,0
ID17013,0
ID17014,0
ID17015,0
ID17016,0
ID17017,0
ID17018,0
ID17019,0
ID17020,0
ID17021,0
ID17022,0
ID17023,0
ID17024,0
ID17025,0
ID17026,0
ID17027,0
ID17028,0
ID17029,0
ID17030,0
ID17031,0
ID17032,0
ID17033,0
ID17034,0
ID17035,0
ID17036,0
ID17037,0
ID17038,0
ID17039,0
ID17040,0
ID17041,0
ID17042,1
ID17043,1
ID17044,0
ID17045,0
ID17046,0
ID17047,0
ID17048,0
ID17049,0
ID17050,0
ID17051,0
ID17052,0
ID17053,0
ID17054,0
ID17055,1
ID17056,0
ID17057,0
ID17058,0
ID17059,0
ID17060,0
ID17061,0
ID17062,0
ID17063,0
ID17064,0
ID17065,0
ID17066,0
ID17067,0
ID17068,0
ID17069,0
ID17070,0
ID17071,0
ID17072,0
ID17073,0
ID17074,0
ID17075,0
ID17076,0
ID17077,0
ID17078,0
ID17079,0
ID17080,0
ID17081,0
ID17082,0
ID17083,0
ID17084,0
ID17085,0
ID17086,0
ID17087,0
ID17088,0
ID17089,0
ID17090,0
ID17091,0
ID17092,0
ID17093,0
ID17094,0
ID17095,0
ID17096,1
ID17097,0
ID17098,0
ID17099,0
ID17100,0
ID17101,0
ID17102,0
ID17103,0
ID17104,0
ID17105,0
ID17106,0
ID17107,0
ID17108,0
ID17109,0
ID17110,0
ID17111,0
ID17112,0
ID17113,0
ID17114,1
ID17115,1
ID17116,0
ID17117,0
ID17118,1
ID17119,0
ID17120,1
ID17121,0
ID17122,0
ID17123,0
ID17124,0
ID17125,0
ID17126,0
ID17127,0
ID17128,0
ID17129,0
ID17130,0
ID17131,0
ID17132,1
ID17133,0
ID17134,0
ID17135,0
ID17136,0
ID17137,0
ID17138,0
ID17139,0
ID17140,0
ID17141,0
ID17142,0
ID17143,0
ID17144,0
ID17145,0
ID17146,0
ID17147,0
ID17148,0
ID17149,0
ID17150,0
ID17151,0
ID17152,1
ID17153,1
ID17154,0
ID17155,0
ID17156,0
ID17157,0
ID17158,0
ID17159,0
ID17160,0
ID17161,0
ID17162,0
ID17163,0
ID17164,0
ID17165,0
ID17166,1
ID17167,1
ID17168,0
ID17169,0
ID17170,0
ID17171,0
ID17172,0
ID17173,0
ID17174,0
ID17175,0
ID17176,0
ID17177,0
ID17178,0
ID17179,0
ID17180,0
ID17181,0
ID17182,0
ID17183,0
ID17184,0
ID17185,0
ID17186,0
ID17187,0
ID17188,0
ID17189,0
ID17190,0
ID17191,0
ID17192,0
ID17193,0
ID17194,0
ID17195,0
ID17196,0
ID17197,0
ID17198,0
ID17199,0
ID17200,0
ID17201,0
ID17202,0
ID17203,0
ID17204,0
ID17205,0
ID17206,0
ID17207,0
ID17208,0
ID17209,0
ID17210,0
ID17211,0
ID17212,0
ID17213,0
ID17214,0
ID17215,1
ID17216,0
ID17217,1
ID17218,0
ID17219,0
ID17220,0
ID17221,0
ID17222,0
ID17223,0
ID17224,0
ID17225,0
ID17226,0
ID17227,0
ID17228,0
ID17229,0
ID17230,0
ID17231,0
ID17232,0
ID17233,0
ID17234,0
ID17235,0
ID17236,0
ID17237,0
ID17238,0
ID17239,0
ID17240,0
ID17241,0
ID17242,1
ID17243,0
ID17244,0
ID17245,0
ID17246,1
ID17247,0
ID17248,0
ID17249,0
ID17250,0
ID17251,0
ID17252,0
ID17253,0
ID17254,0
ID17255,0
ID17256,0
ID17257,0
ID17258,0
ID17259,0
ID17260,0
ID17261,0
ID17262,0
ID17263,0
ID17264,1
ID17265,0
ID17266,0
ID17267,0
ID17268,0
ID17269,0
ID17270,0
ID17271,0
ID17272,0
ID17273,0
ID17274,1
ID17275,0
ID17276,0
ID17277,0
ID17278,0
ID17279,0
ID17280,0
ID17281,0
ID17282,0
ID17283,0
ID17284,0
ID17285,0
ID17286,0
ID17287,0
ID17288,1
ID17289,1
ID17290,0
ID17291,0
ID17292,0
ID17293,0
ID17294,0
ID17295,0
ID17296,0
ID17297,0
ID17298,0
ID17299,0
ID17300,0
ID17301,0
ID17302,0
ID17303,0
ID17304,0
ID17305,0
ID17306,0
ID17307,0
ID17308,0
ID17309,0
ID17310,0
ID17311,1
ID17312,0
ID17313,0
ID17314,0
ID17315,0
ID17316,0
ID17317,0
ID17318,0
ID17319,0
ID17320,0
ID17321,0
ID17322,0
ID17323,0
ID17324,0
ID17325,0
ID17326,0
ID17327,0
ID17328,0
ID17329,0
ID17330,0
ID17331,0
ID17332,0
ID17333,0
ID17334,0
ID17335,0
ID17336,0
ID17337,1
ID17338,0
ID17339,0
ID17340,0
ID17341,0
ID17342,0
ID17343,0
ID17344,0
ID17345,0
ID17346,0
ID17347,0
ID17348,0
ID17349,0
ID17350,0
ID17351,1
ID17352,0
ID17353,0
ID17354,0
ID17355,0
ID17356,0
ID17357,0
ID17358,0
ID17359,0
ID17360,0
ID17361,0
ID17362,0
ID17363,0
ID17364,0
ID17365,0
ID17366,0
ID17367,0
ID17368,0
ID17369,0
ID17370,0
ID17371,0
ID17372,0
ID17373,1
ID17374,0
ID17375,0
ID17376,0
ID17377,0
ID17378,0
ID17379,0
ID17380,0
ID17381,0
ID17382,0
ID17383,0
ID17384,0
ID17385,0
ID17386,1
ID17387,0
ID17388,0
ID17389,1
ID17390,0
ID17391,0
ID17392,0
ID17393,0
ID17394,0
ID17395,0
ID17396,1
ID17397,0
ID17398,1
ID17399,0
ID17400,0
ID17401,0
ID17402,0
ID17403,0
ID17404,0
ID17405,0
ID17406,0
ID17407,0
ID17408,0
ID17409,1
ID17410,0
ID17411,0
ID17412,0
ID17413,0
ID17414,0
ID17415,0
ID17416,0
ID17417,0
ID17418,0
ID17419,0
ID17420,0
ID17421,0
ID17422,0
ID17423,0
ID17424,1
ID17425,0
ID17426,0
ID17427,0
ID17428,0
ID17429,0
ID17430,0
ID17431,0
ID17432,0
ID17433,0
ID17434,0
ID17435,1
ID17436,0
ID17437,0
ID17438,0
ID17439,0
ID17440,0
ID17441,0
ID17442,0
ID17443,0
ID17444,0
ID17445,0
ID17446,0
ID17447,0
ID17448,0
ID17449,0
ID17450,0
ID17451,0
ID17452,0
ID17453,0
ID17454,0
ID17455,0
ID17456,0
ID17457,0
ID17458,0
ID17459,1
ID17460,0
ID17461,0
ID17462,0
ID17463,0
ID17464,0
ID17465,0
ID17466,0
ID17467,0
ID17468,0
ID17469,0
ID17470,0
ID17471,0
ID17472,0
ID17473,0
ID17474,0
ID17475,0
ID17476,0
ID17477,0
ID17478,0
ID17479,0
ID17480,1
ID17481,0
ID17482,0
ID17483,0
ID17484,0
ID17485,0
ID17486,0
ID17487,1
ID17488,0
ID17489,0
ID17490,0
ID17491,0
ID17492,0
ID17493,0
ID17494,1
ID17495,1
ID17496,0
ID17497,0
ID17498,0
ID17499,0
ID17500,0
ID17501,0
ID17502,0
ID17503,0
ID17504,0
ID17505,0
ID17506,0
ID17507,0
ID17508,0
ID17509,0
ID17510,0
ID17511,0
ID17512,0
ID17513,0
ID17514,1
ID17515,0
ID17516,0
ID17517,0
ID17518,0
ID17519,0
ID17520,0
ID17521,1
ID17522,0
ID17523,0
ID17524,0
ID17525,0
ID17526,0
ID17527,0
ID17528,0
ID17529,0
ID17530,0
ID17531,0
ID17532,1
ID17533,0
ID17534,0
ID17535,0
ID17536,0
ID17537,0
ID17538,0
ID17539,0
ID17540,0
ID17541,0
ID17542,0
ID17543,0
ID17544,0
ID17545,0
ID17546,0
ID17547,0
ID17548,0
ID17549,1
ID17550,1
ID17551,0
ID17552,0
ID17553,1
ID17554,0
ID17555,0
ID17556,0
ID17557,0
ID17558,0
ID17559,0
ID17560,0
ID17561,0
ID17562,0
ID17563,0
ID17564,0
ID17565,0
ID17566,0
ID17567,0
ID17568,0
ID17569,0
ID17570,0
ID17571,0
ID17572,0
ID17573,0
ID17574,0
ID17575,0
ID17576,0
ID17577,0
ID17578,0
ID17579,0
ID17580,0
ID17581,0
ID17582,0
ID17583,0
ID17584,0
ID17585,0
ID17586,0
ID17587,0
ID17588,0
ID17589,0
ID17590,1
ID17591,0
ID17592,0
ID17593,0
ID17594,0
ID17595,0
ID17596,0
ID17597,0
ID17598,0
ID17599,0
ID17600,0
ID17601,0
ID17602,0
ID17603,0
ID17604,0
ID17605,0
ID17606,0
ID17607,0
ID17608,0
ID17609,0
ID17610,0
ID17611,0
ID17612,0
ID17613,0
ID17614,0
ID17615,0
ID17616,0
ID17617,0
ID17618,0
ID17619,0
ID17620,0
ID17621,0
ID17622,0
ID17623,0
ID17624,0
ID17625,0
ID17626,0
ID17627,0
ID17628,0
ID17629,0
ID17630,0
ID17631,0
ID17632,0
ID17633,0
ID17634,0
ID17635,0
ID17636,0
ID17637,0
ID17638,0
ID17639,0
ID17640,0
ID17641,0
ID17642,0
ID17643,0
ID17644,0
ID17645,0
ID17646,0
ID17647,0
ID17648,0
ID17649,1
ID17650,0
ID17651,0
ID17652,0
ID17653,0
ID17654,1
ID17655,1
ID17656,0
ID17657,0
ID17658,0
ID17659,0
ID17660,0
ID17661,0
ID17662,0
ID17663,0
ID17664,0
ID17665,0
ID17666,0
ID17667,0
ID17668,0
ID17669,0
ID17670,0
ID17671,0
ID17672,0
ID17673,0
ID17674,0
ID17675,0
ID17676,0
ID17677,0
ID17678,0
ID17679,0
ID17680,0
ID17681,0
ID17682,0
ID17683,0
ID17684,0
ID17685,0
ID17686,0
ID17687,0
ID17688,0
ID17689,0
ID17690,0
ID17691,0
ID17692,0
ID17693,0
ID17694,0
ID17695,1
ID17696,0
ID17697,0
ID17698,0
ID17699,0
ID17700,0
ID17701,1
ID17702,0
ID17703,0
ID17704,0
ID17705,0
ID17706,0
ID17707,0
ID17708,0
ID17709,0
ID17710,0
ID17711,0
ID17712,0
ID17713,0
ID17714,0
ID17715,0
ID17716,0
ID17717,0
ID17718,0
ID17719,0
ID17720,0
ID17721,0
ID17722,0
ID17723,0
ID17724,0
ID17725,0
ID17726,0
ID17727,0
ID17728,0
ID17729,0
ID17730,0
ID17731,0
ID17732,0
ID17733,0
ID17734,0
ID17735,0
ID17736,0
ID17737,0
ID17738,0
ID17739,0
ID17740,0
ID17741,0
ID17742,0
ID17743,0
ID17744,0
ID17745,0
ID17746,0
ID17747,0
ID17748,0
ID17749,0
ID17750,0
ID17751,1
ID17752,0
ID17753,0
ID17754,0
ID17755,0
ID17756,0
ID17757,0
ID17758,0
ID17759,1
ID17760,0
ID17761,0
ID17762,0
ID17763,0
ID17764,0
ID17765,0
ID17766,0
ID17767,0
ID17768,0
ID17769,0
ID17770,0
ID17771,0
ID17772,0
ID17773,0
ID17774,0
ID17775,0
ID17776,0
ID17777,0
ID17778,0
ID17779,0
ID17780,0
ID17781,0
ID17782,0
ID17783,0
ID17784,0
ID17785,0
ID17786,0
ID17787,0
ID17788,1
ID17789,0
ID17790,0
ID17791,0
ID17792,0
ID17793,0
ID17794,0
ID17795,0
ID17796,0
ID17797,0
ID17798,0
ID17799,1
ID17800,0
ID17801,0
ID17802,0
ID17803,0
ID17804,0
ID17805,0
ID17806,0
ID17807,0
ID17808,0
ID17809,0
ID17810,0
ID17811,0
ID17812,0
ID17813,0
ID17814,0
ID17815,0
ID17816,0
ID17817,0
ID17818,0
ID17819,0
ID17820,0
ID17821,0
ID17822,0
ID17823,0
ID17824,0
ID17825,0
ID17826,0
ID17827,1
ID17828,0
ID17829,0
ID17830,0
ID17831,0
ID17832,0
ID17833,0
ID17834,0
ID17835,0
ID17836,0
ID17837,0
ID17838,0
ID17839,0
ID17840,0
ID17841,0
ID17842,0
ID17843,0
ID17844,0
ID17845,0
ID17846,0
ID17847,0
ID17848,0
ID17849,0
ID17850,0
ID17851,0
ID17852,0
ID17853,0
ID17854,1
ID17855,0
ID17856,1
ID17857,0
ID17858,0
ID17859,0
ID17860,0
ID17861,0
ID17862,0
ID17863,0
ID17864,0
ID17865,0
ID17866,0
ID17867,0
ID17868,0
ID17869,0
ID17870,0
ID17871,0
ID17872,0
ID17873,0
ID17874,0
ID17875,0
ID17876,0
ID17877,0
ID17878,1
ID17879,0
ID17880,0
ID17881,0
ID17882,0
ID17883,0
ID17884,0
ID17885,0
ID17886,1
ID17887,0
ID17888,0
ID17889,1
ID17890,0
ID17891,0
ID17892,0
ID17893,0
ID17894,0
ID17895,0
ID17896,0
ID17897,0
ID17898,0
ID17899,0
ID17900,0
ID17901,0
ID17902,0
ID17903,0
ID17904,0
ID17905,0
ID17906,0
ID17907,0
ID17908,0
ID17909,0
ID17910,0
ID17911,0
ID17912,0
ID17913,0
ID17914,0
ID17915,0
ID17916,0
ID17917,0
ID17918,0
ID17919,0
ID17920,0
ID17921,0
ID17922,0
ID17923,1
ID17924,0
ID17925,0
ID17926,0
ID17927,0
ID17928,0
ID17929,0
ID17930,0
ID17931,0
ID17932,0
ID17933,0
ID17934,0
ID17935,0
ID17936,0
ID17937,0
ID17938,0
ID17939,0
ID17940,0
ID17941,0
ID17942,0
ID17943,0
ID17944,0
ID17945,0
ID17946,0
ID17947,0
ID17948,0
ID17949,0
ID17950,1
ID17951,0
ID17952,0
ID17953,0
ID17954,0
ID17955,0
ID17956,0
ID17957,0
ID17958,0
ID17959,0
ID17960,0
ID17961,0
ID17962,0
ID17963,0
ID17964,0
ID17965,0
ID17966,0
ID17967,0
ID17968,0
ID17969,0
ID17970,0
ID17971,0
ID17972,1
ID17973,0
ID17974,0
ID17975,0
ID17976,0
ID17977,0
ID17978,0
ID17979,0
ID17980,0
ID17981,1
ID17982,0
ID17983,0
ID17984,0
ID17985,0
ID17986,0
ID17987,0
ID17988,0
ID17989,0
ID17990,0
ID17991,0
ID17992,0
ID17993,0
ID17994,1
ID17995,0
ID17996,0
ID17997,0
ID17998,0
ID17999,0
ID18000,0
ID18001,0
ID18002,0
ID18003,0
ID18004,0
ID18005,0
ID18006,0
ID18007,0
ID18008,0
ID18009,0
ID18010,0
ID18011,0
ID18012,0
ID18013,0
ID18014,0
ID18015,0
ID18016,0
ID18017,0
ID18018,0
ID18019,0
ID18020,0
ID18021,0
ID18022,0
ID18023,0
ID18024,0
ID18025,0
ID18026,0
ID18027,0
ID18028,0
ID18029,0
ID18030,0
ID18031,0
ID18032,0
ID18033,0
ID18034,0
ID18035,0
ID18036,0
ID18037,0
ID18038,0
ID18039,0
ID18040,0
ID18041,1
ID18042,0
ID18043,0
ID18044,0
ID18045,0
ID18046,0
ID18047,0
ID18048,0
ID18049,1
ID18050,0
ID18051,1
ID18052,0
ID18053,0
ID18054,0
ID18055,1
ID18056,1
ID18057,0
ID18058,0
ID18059,0
ID18060,0
ID18061,0
ID18062,0
ID18063,0
ID18064,0
ID18065,0
ID18066,0
ID18067,0
ID18068,0
ID18069,0
ID18070,0
ID18071,1
ID18072,0
ID18073,0
ID18074,1
ID18075,0
ID18076,0
ID18077,0
ID18078,0
ID18079,0
ID18080,0
ID18081,0
ID18082,0
ID18083,0
ID18084,0
ID18085,0
ID18086,1
ID18087,0
ID18088,0
ID18089,0
ID18090,0
ID18091,0
ID18092,0
ID18093,0
ID18094,0
ID18095,0
ID18096,0
ID18097,0
ID18098,0
ID18099,0
ID18100,1
ID18101,0
ID18102,0
ID18103,0
ID18104,0
ID18105,0
ID18106,0
ID18107,0
ID18108,0
ID18109,0
ID18110,0
ID18111,0
ID18112,0
ID18113,0
ID18114,0
ID18115,0
ID18116,0
ID18117,1
ID18118,0
ID18119,0
ID18120,0
ID18121,0
ID18122,0
ID18123,0
ID18124,0
ID18125,0
ID18126,0
ID18127,0
ID18128,1
ID18129,0
ID18130,0
ID18131,0
ID18132,0
ID18133,0
ID18134,0
ID18135,0
ID18136,0
ID18137,0
ID18138,0
ID18139,0
ID18140,0
ID18141,0
ID18142,0
ID18143,0
ID18144,0
ID18145,0
ID18146,0
ID18147,0
ID18148,0
ID18149,0
ID18150,0
ID18151,0
ID18152,0
ID18153,0
ID18154,0
ID18155,0
ID18156,0
ID18157,0
ID18158,0
ID18159,0
ID18160,0
ID18161,0
ID18162,0
ID18163,0
ID18164,0
ID18165,0
ID18166,0
ID18167,0
ID18168,0
ID18169,0
ID18170,0
ID18171,0
ID18172,0
ID18173,0
ID18174,0
ID18175,0
ID18176,0
ID18177,0
ID18178,0
ID18179,0
ID18180,0
ID18181,0
ID18182,0
ID18183,0
ID18184,0
ID18185,0
ID18186,0
ID18187,0
ID18188,0
ID18189,0
ID18190,0
ID18191,0
ID18192,0
ID18193,0
ID18194,0
ID18195,0
ID18196,1
ID18197,0
ID18198,0
ID18199,0
ID18200,0
ID18201,0
ID18202,0
ID18203,0
ID18204,1
ID18205,0
ID18206,0
ID18207,0
ID18208,0
ID18209,0
ID18210,0
ID18211,0
ID18212,0
ID18213,0
ID18214,0
ID18215,1
ID18216,1
ID18217,0
ID18218,0
ID18219,0
ID18220,0
ID18221,0
ID18222,1
ID18223,0
ID18224,0
ID18225,0
ID18226,0
ID18227,0
ID18228,0
ID18229,0
ID18230,0
ID18231,0
ID18232,0
ID18233,0
ID18234,0
ID18235,0
ID18236,0
ID18237,0
ID18238,0
ID18239,0
ID18240,0
ID18241,0
ID18242,0
ID18243,0
ID18244,0
ID18245,0
ID18246,0
ID18247,0
ID18248,0
ID18249,0
ID18250,0
ID18251,0
ID18252,0
ID18253,0
ID18254,0
ID18255,0
ID18256,0
ID18257,0
ID18258,1
ID18259,0
ID18260,0
ID18261,0
ID18262,0
ID18263,0
ID18264,0
ID18265,0
ID18266,0
ID18267,0
ID18268,0
ID18269,0
ID18270,0
ID18271,0
ID18272,0
ID18273,1
ID18274,0
ID18275,0
ID18276,0
ID18277,0
ID18278,0
ID18279,0
ID18280,0
ID18281,0
ID18282,0
ID18283,0
ID18284,0
ID18285,0
ID18286,0
ID18287,0
ID18288,0
ID18289,0
ID18290,0
ID18291,0
ID18292,0
ID18293,0
ID18294,0
ID18295,0
ID18296,0
ID18297,0
ID18298,0
ID18299,0
ID18300,0
ID18301,0
ID18302,0
ID18303,0
ID18304,0
ID18305,0
ID18306,0
ID18307,0
ID18308,0
ID18309,0
ID18310,0
ID18311,0
ID18312,0
ID18313,0
ID18314,0
ID18315,0
ID18316,0
ID18317,0
ID18318,0
ID18319,0
ID18320,0
ID18321,0
ID18322,0
ID18323,0
ID18324,0
ID18325,0
ID18326,0
ID18327,0
ID18328,0
ID18329,0
ID18330,0
ID18331,0
ID18332,0
ID18333,0
ID18334,0
ID18335,0
ID18336,0
ID18337,0
ID18338,0
ID18339,0
ID18340,0
ID18341,0
ID18342,0
ID18343,0
ID18344,0
ID18345,0
ID18346,0
ID18347,0
ID18348,0
ID18349,0
ID18350,0
ID18351,0
ID18352,0
ID18353,0
ID18354,0
ID18355,0
ID18356,0
ID18357,0
ID18358,0
ID18359,0
ID18360,0
ID18361,0
ID18362,0
ID18363,0
ID18364,1
ID18365,0
ID18366,0
ID18367,0
ID18368,0
ID18369,0
ID18370,0
ID18371,0
ID18372,0
ID18373,0
ID18374,0
ID18375,0
ID18376,0
ID18377,0
ID18378,0
ID18379,0
ID18380,0
ID18381,0
ID18382,0
ID18383,0
ID18384,0
ID18385,0
ID18386,0
ID18387,0
ID18388,0
ID18389,0
ID18390,0
ID18391,0
ID18392,0
ID18393,0
ID18394,0
ID18395,0
ID18396,0
ID18397,0
ID18398,0
ID18399,0
ID18400,0
ID18401,0
ID18402,0
ID18403,0
ID18404,0
ID18405,0
ID18406,0
ID18407,0
ID18408,0
ID18409,0
ID18410,0
ID18411,0
ID18412,0
ID18413,1
ID18414,0
ID18415,0
ID18416,0
ID18417,0
ID18418,0
ID18419,0
ID18420,0
ID18421,0
ID18422,0
ID18423,0
ID18424,0
ID18425,0
ID18426,0
ID18427,0
ID18428,0
ID18429,0
ID18430,0
ID18431,0
ID18432,0
ID18433,0
ID18434,0
ID18435,1
ID18436,0
ID18437,0
ID18438,0
ID18439,0
ID18440,0
ID18441,0
ID18442,0
ID18443,0
ID18444,0
ID18445,0
ID18446,0
ID18447,0
ID18448,0
ID18449,0
ID18450,0
ID18451,0
ID18452,0
ID18453,0
ID18454,0
ID18455,0
ID18456,0
ID18457,0
ID18458,0
ID18459,0
ID18460,0
ID18461,0
ID18462,0
ID18463,0
ID18464,0
ID18465,1
ID18466,0
ID18467,0
ID18468,0
ID18469,0
ID18470,1
ID18471,1
ID18472,0
ID18473,1
ID18474,1
ID18475,0
ID18476,0
ID18477,0
ID18478,0
ID18479,0
ID18480,0
ID18481,0
ID18482,0
ID18483,0
ID18484,0
ID18485,0
ID18486,0
ID18487,0
ID18488,0
ID18489,0
ID18490,0
ID18491,0
ID18492,0
ID18493,0
ID18494,0
ID18495,0
ID18496,0
ID18497,0
ID18498,0
ID18499,1
ID18500,0
ID18501,0
ID18502,0
ID18503,0
ID18504,0
ID18505,0
ID18506,0
ID18507,0
ID18508,0
ID18509,0
ID18510,0
ID18511,0
ID18512,0
ID18513,0
ID18514,0
ID18515,0
ID18516,0
ID18517,0
ID18518,0
ID18519,0
ID18520,1
ID18521,0
ID18522,0
ID18523,0
ID18524,0
ID18525,0
ID18526,0
ID18527,1
ID18528,0
ID18529,0
ID18530,0
ID18531,0
ID18532,0
ID18533,0
ID18534,0
ID18535,0
ID18536,0
ID18537,0
ID18538,0
ID18539,0
ID18540,0
ID18541,0
ID18542,0
ID18543,0
ID18544,0
ID18545,0
ID18546,0
ID18547,0
ID18548,0
ID18549,0
ID18550,0
ID18551,0
ID18552,0
ID18553,0
ID18554,0
ID18555,0
ID18556,0
ID18557,0
ID18558,0
ID18559,0
ID18560,0
ID18561,0
ID18562,0
ID18563,0
ID18564,0
ID18565,0
ID18566,0
ID18567,0
ID18568,0
ID18569,0
ID18570,0
ID18571,0
ID18572,0
ID18573,0
ID18574,0
ID18575,0
ID18576,0
ID18577,0
ID18578,0
ID18579,0
ID18580,0
ID18581,0
ID18582,0
ID18583,0
ID18584,0
ID18585,0
ID18586,0
ID18587,0
ID18588,0
ID18589,0
ID18590,0
ID18591,0
ID18592,0
ID18593,0
ID18594,0
ID18595,0
ID18596,0
ID18597,0
ID18598,0
ID18599,0
ID18600,1
ID18601,0
ID18602,0
ID18603,0
ID18604,0
ID18605,0
ID18606,0
ID18607,0
ID18608,0
ID18609,0
ID18610,0
ID18611,0
ID18612,0
ID18613,0
ID18614,0
ID18615,0
ID18616,0
ID18617,0
ID18618,0
ID18619,0
ID18620,0
ID18621,0
ID18622,0
ID18623,0
ID18624,0
ID18625,1
ID18626,0
ID18627,0
ID18628,0
ID18629,0
ID18630,0
ID18631,0
ID18632,0
ID18633,0
ID18634,0
ID18635,0
ID18636,0
ID18637,1
ID18638,0
ID18639,0
ID18640,0
ID18641,0
ID18642,1
ID18643,0
ID18644,0
ID18645,0
ID18646,0
ID18647,0
ID18648,0
ID18649,0
ID18650,0
ID18651,0
ID18652,0
ID18653,0
ID18654,0
ID18655,0
ID18656,1
ID18657,0
ID18658,0
ID18659,0
ID18660,0
ID18661,0
ID18662,0
ID18663,0
ID18664,0
ID18665,0
ID18666,0
ID18667,0
ID18668,0
ID18669,0
ID18670,0
ID18671,0
ID18672,0
ID18673,0
ID18674,0
ID18675,0
ID18676,0
ID18677,0
ID18678,0
ID18679,0
ID18680,0
ID18681,1
ID18682,0
ID18683,0
ID18684,0
ID18685,0
ID18686,0
ID18687,0
ID18688,0
ID18689,0
ID18690,0
ID18691,0
ID18692,0
ID18693,0
ID18694,0
ID18695,0
ID18696,0
ID18697,0
ID18698,0
ID18699,0
ID18700,0
ID18701,0
ID18702,0
ID18703,0
ID18704,0
ID18705,0
ID18706,0
ID18707,0
ID18708,0
ID18709,0
ID18710,0
ID18711,0
ID18712,0
ID18713,0
ID18714,0
ID18715,0
ID18716,0
ID18717,0
ID18718,1
ID18719,0
ID18720,0
ID18721,0
ID18722,0
ID18723,1
ID18724,0
ID18725,0
ID18726,0
ID18727,0
ID18728,0
ID18729,0
ID18730,0
ID18731,0
ID18732,0
ID18733,1
ID18734,0
ID18735,0
ID18736,0
ID18737,0
ID18738,0
ID18739,0
ID18740,0
ID18741,0
ID18742,0
ID18743,0
ID18744,0
ID18745,0
ID18746,0
ID18747,0
ID18748,0
ID18749,0
ID18750,0
ID18751,1
ID18752,0
ID18753,0
ID18754,0
ID18755,0
ID18756,0
ID18757,0
ID18758,0
ID18759,0
ID18760,0
ID18761,0
ID18762,0
ID18763,0
ID18764,0
ID18765,0
ID18766,0
ID18767,1
ID18768,0
ID18769,0
ID18770,0
ID18771,0
ID18772,0
ID18773,0
ID18774,0
ID18775,0
ID18776,0
ID18777,0
ID18778,0
ID18779,0
ID18780,0
ID18781,0
ID18782,0
ID18783,0
ID18784,0
ID18785,0
ID18786,0
ID18787,0
ID18788,0
ID18789,0
ID18790,0
ID18791,0
ID18792,0
ID18793,0
ID18794,1
ID18795,0
ID18796,0
ID18797,0
ID18798,0
ID18799,0
ID18800,0
ID18801,0
ID18802,0
ID18803,0
ID18804,1
ID18805,0
ID18806,0
ID18807,0
ID18808,0
ID18809,0
ID18810,0
ID18811,0
ID18812,0
ID18813,1
ID18814,0
ID18815,0
ID18816,0
ID18817,0
ID18818,0
ID18819,0
ID18820,0
ID18821,0
ID18822,0
ID18823,0
ID18824,0
ID18825,0
ID18826,0
ID18827,0
ID18828,0
ID18829,0
ID18830,0
ID18831,0
ID18832,0
ID18833,0
ID18834,0
ID18835,0
ID18836,0
ID18837,0
ID18838,0
ID18839,0
ID18840,0
ID18841,0
ID18842,0
ID18843,0
ID18844,0
ID18845,0
ID18846,0
ID18847,0
ID18848,1
ID18849,0
ID18850,0
ID18851,0
ID18852,0
ID18853,0
ID18854,0
ID18855,0
ID18856,0
ID18857,0
ID18858,1
ID18859,0
ID18860,0
ID18861,0
ID18862,0
ID18863,0
ID18864,1
ID18865,0
ID18866,0
ID18867,0
ID18868,0
ID18869,0
ID18870,0
ID18871,0
ID18872,0
ID18873,0
ID18874,0
ID18875,0
ID18876,0
ID18877,0
ID18878,0
ID18879,0
ID18880,0
ID18881,0
ID18882,0
ID18883,0
ID18884,0
ID18885,0
ID18886,0
ID18887,0
ID18888,0
ID18889,0
ID18890,0
ID18891,0
ID18892,0
ID18893,0
ID18894,0
ID18895,0
ID18896,0
ID18897,0
ID18898,0
ID18899,0
ID18900,0
ID18901,0
ID18902,0
ID18903,0
ID18904,0
ID18905,0
ID18906,0
ID18907,0
ID18908,0
ID18909,0
ID18910,0
ID18911,0
ID18912,0
ID18913,0
ID18914,0
ID18915,0
ID18916,0
ID18917,0
ID18918,0
ID18919,0
ID18920,0
ID18921,0
ID18922,0
ID18923,0
ID18924,0
ID18925,0
ID18926,0
ID18927,0
ID18928,0
ID18929,0
ID18930,0
ID18931,0
ID18932,0
ID18933,0
ID18934,0
ID18935,0
ID18936,1
ID18937,0
ID18938,0
ID18939,1
ID18940,0
ID18941,0
ID18942,0
ID18943,0
ID18944,0
ID18945,0
ID18946,0
ID18947,0
ID18948,0
ID18949,1
ID18950,0
ID18951,0
ID18952,0
ID18953,0
ID18954,0
ID18955,0
ID18956,0
ID18957,0
ID18958,0
ID18959,0
ID18960,0
ID18961,0
ID18962,0
ID18963,0
ID18964,0
ID18965,0
ID18966,0
ID18967,0
ID18968,0
ID18969,1
ID18970,0
ID18971,0
ID18972,1
ID18973,0
ID18974,0
ID18975,1
ID18976,0
ID18977,0
ID18978,0
ID18979,0
ID18980,0
ID18981,0
ID18982,0
ID18983,0
ID18984,0
ID18985,0
ID18986,0
ID18987,0
ID18988,0
ID18989,0
ID18990,0
ID18991,0
ID18992,0
ID18993,0
ID18994,0
ID18995,0
ID18996,0
ID18997,0
ID18998,0
ID18999,0
ID19000,0
ID19001,0
ID19002,0
ID19003,0
ID19004,1
ID19005,0
ID19006,0
ID19007,0
ID19008,0
ID19009,0
ID19010,0
ID19011,0
ID19012,0
ID19013,0
ID19014,0
ID19015,0
ID19016,0
ID19017,1
ID19018,0
ID19019,0
ID19020,0
ID19021,0
ID19022,0
ID19023,0
ID19024,0
ID19025,0
ID19026,0
ID19027,0
ID19028,1
ID19029,0
ID19030,0
ID19031,0
ID19032,0
ID19033,0
ID19034,0
ID19035,0
ID19036,0
ID19037,0
ID19038,0
ID19039,0
ID19040,0
ID19041,0
ID19042,0
ID19043,0
ID19044,0
ID19045,1
ID19046,0
ID19047,0
ID19048,0
ID19049,0
ID19050,0
ID19051,0
ID19052,0
ID19053,0
ID19054,0
ID19055,0
ID19056,0
ID19057,0
ID19058,0
ID19059,0
ID19060,0
ID19061,1
ID19062,0
ID19063,0
ID19064,0
ID19065,0
ID19066,0
ID19067,0
ID19068,0
ID19069,0
ID19070,0
ID19071,0
ID19072,0
ID19073,0
ID19074,0
ID19075,0
ID19076,0
ID19077,0
ID19078,0
ID19079,0
ID19080,0
ID19081,0
ID19082,0
ID19083,0
ID19084,0
ID19085,1
ID19086,0
ID19087,0
ID19088,0
ID19089,0
ID19090,1
ID19091,0
ID19092,0
ID19093,0
ID19094,0
ID19095,0
ID19096,0
ID19097,0
ID19098,0
ID19099,0
ID19100,0
ID19101,0
ID19102,0
ID19103,0
ID19104,0
ID19105,0
ID19106,0
ID19107,0
ID19108,0
ID19109,0
ID19110,0
ID19111,0
ID19112,0
ID19113,0
ID19114,0
ID19115,0
ID19116,0
ID19117,0
ID19118,0
ID19119,1
ID19120,0
ID19121,0
ID19122,0
ID19123,0
ID19124,0
ID19125,0
ID19126,0
ID19127,0
ID19128,0
ID19129,0
ID19130,0
ID19131,0
ID19132,0
ID19133,0
ID19134,0
ID19135,0
ID19136,0
ID19137,0
ID19138,0
ID19139,0
ID19140,0
ID19141,0
ID19142,0
ID19143,0
ID19144,1
ID19145,0
ID19146,0
ID19147,0
ID19148,0
ID19149,0
ID19150,0
ID19151,0
ID19152,0
ID19153,0
ID19154,0
ID19155,0
ID19156,0
ID19157,0
ID19158,0
ID19159,1
ID19160,0
ID19161,0
ID19162,0
ID19163,0
ID19164,0
ID19165,0
ID19166,0
ID19167,0
ID19168,0
ID19169,0
ID19170,0
ID19171,0
ID19172,0
ID19173,0
ID19174,0
ID19175,0
ID19176,0
ID19177,0
ID19178,0
ID19179,0
ID19180,0
ID19181,0
ID19182,0
ID19183,0
ID19184,0
ID19185,0
ID19186,0
ID19187,1
ID19188,0
ID19189,0
ID19190,0
ID19191,0
ID19192,0
ID19193,0
ID19194,0
ID19195,0
ID19196,0
ID19197,0
ID19198,0
ID19199,0
ID19200,0
ID19201,0
ID19202,0
ID19203,0
ID19204,0
ID19205,0
ID19206,0
ID19207,0
ID19208,0
ID19209,0
ID19210,0
ID19211,0
ID19212,0
ID19213,0
ID19214,0
ID19215,0
ID19216,0
ID19217,0
ID19218,0
ID19219,0
ID19220,0
ID19221,0
ID19222,1
ID19223,0
ID19224,0
ID19225,1
ID19226,0
ID19227,0
ID19228,0
ID19229,0
ID19230,0
ID19231,0
ID19232,0
ID19233,0
ID19234,0
ID19235,0
ID19236,0
ID19237,1
ID19238,0
ID19239,0
ID19240,0
ID19241,0
ID19242,0
ID19243,0
ID19244,0
ID19245,0
ID19246,0
ID19247,0
ID19248,0
ID19249,0
ID19250,0
ID19251,0
ID19252,0
ID19253,0
ID19254,0
ID19255,0
ID19256,0
ID19257,0
ID19258,0
ID19259,0
ID19260,0
ID19261,0
ID19262,1
ID19263,0
ID19264,0
ID19265,0
ID19266,0
ID19267,0
ID19268,0
ID19269,0
ID19270,0
ID19271,0
ID19272,0
ID19273,0
ID19274,1
ID19275,1
ID19276,0
ID19277,0
ID19278,0
ID19279,0
ID19280,0
ID19281,0
ID19282,0
ID19283,0
ID19284,0
ID19285,0
ID19286,0
ID19287,0
ID19288,0
ID19289,0
ID19290,0
ID19291,1
ID19292,0
ID19293,0
ID19294,0
ID19295,0
ID19296,0
ID19297,0
ID19298,0
ID19299,0
ID19300,1
ID19301,0
ID19302,0
ID19303,0
ID19304,0
ID19305,0
ID19306,0
ID19307,1
ID19308,0
ID19309,1
ID19310,0
ID19311,0
ID19312,0
ID19313,0
ID19314,0
ID19315,0
ID19316,0
ID19317,0
ID19318,0
ID19319,0
ID19320,0
ID19321,0
ID19322,0
ID19323,0
ID19324,0
ID19325,1
ID19326,1
ID19327,0
ID19328,0
ID19329,0
ID19330,0
ID19331,0
ID19332,0
ID19333,0
ID19334,0
ID19335,0
ID19336,0
ID19337,0
ID19338,0
ID19339,0
ID19340,0
ID19341,0
ID19342,0
ID19343,0
ID19344,0
ID19345,0
ID19346,0
ID19347,0
ID19348,0
ID19349,0
ID19350,0
ID19351,1
ID19352,0
ID19353,0
ID19354,0
ID19355,1
ID19356,1
ID19357,0
ID19358,1
ID19359,0
ID19360,0
ID19361,0
ID19362,1
ID19363,0
ID19364,0
ID19365,0
ID19366,0
ID19367,0
ID19368,0
ID19369,0
ID19370,0
ID19371,0
ID19372,0
ID19373,0
ID19374,0
ID19375,0
ID19376,0
ID19377,0
ID19378,0
ID19379,0
ID19380,0
ID19381,0
ID19382,0
ID19383,0
ID19384,0
ID19385,0
ID19386,0
ID19387,0
ID19388,0
ID19389,0
ID19390,0
ID19391,0
ID19392,0
ID19393,0
ID19394,0
ID19395,0
ID19396,0
ID19397,0
ID19398,0
ID19399,0
ID19400,0
ID19401,0
ID19402,0
ID19403,0
ID19404,0
ID19405,0
ID19406,1
ID19407,0
ID19408,0
ID19409,0
ID19410,0
ID19411,0
ID19412,0
ID19413,0
ID19414,0
ID19415,0
ID19416,0
ID19417,0
ID19418,0
ID19419,0
ID19420,1
ID19421,1
ID19422,0
ID19423,0
ID19424,0
ID19425,0
ID19426,0
ID19427,0
ID19428,0
ID19429,0
ID19430,0
ID19431,0
ID19432,0
ID19433,0
ID19434,0
ID19435,0
ID19436,1
ID19437,0
ID19438,0
ID19439,0
ID19440,0
ID19441,0
ID19442,0
ID19443,0
ID19444,0
ID19445,0
ID19446,0
ID19447,0
ID19448,0
ID19449,0
ID19450,0
ID19451,0
ID19452,0
ID19453,0
ID19454,1
ID19455,0
ID19456,0
ID19457,0
ID19458,0
ID19459,0
ID19460,0
ID19461,0
ID19462,0
ID19463,0
ID19464,0
ID19465,0
ID19466,0
ID19467,0
ID19468,0
ID19469,0
ID19470,0
ID19471,0
ID19472,0
ID19473,0
ID19474,0
ID19475,0
ID19476,0
ID19477,0
ID19478,0
ID19479,0
ID19480,0
ID19481,0
ID19482,0
ID19483,0
ID19484,0
ID19485,0
ID19486,0
ID19487,0
ID19488,0
ID19489,0
ID19490,0
ID19491,0
ID19492,0
ID19493,0
ID19494,0
ID19495,0
ID19496,0
ID19497,0
ID19498,0
ID19499,0
ID19500,0
ID19501,0
ID19502,0
ID19503,1
ID19504,0
ID19505,0
ID19506,0
ID19507,0
ID19508,0
ID19509,0
ID19510,0
ID19511,0
ID19512,0
ID19513,0
ID19514,0
ID19515,0
ID19516,0
ID19517,0
ID19518,0
ID19519,0
ID19520,0
ID19521,0
ID19522,0
ID19523,0
ID19524,0
ID19525,0
ID19526,1
ID19527,0
ID19528,0
ID19529,0
ID19530,0
ID19531,0
ID19532,0
ID19533,0
ID19534,0
ID19535,0
ID19536,0
ID19537,0
ID19538,0
ID19539,0
ID19540,0
ID19541,0
ID19542,0
ID19543,1
ID19544,0
ID19545,0
ID19546,0
ID19547,0
ID19548,0
ID19549,0
ID19550,0
ID19551,0
ID19552,0
ID19553,0
ID19554,0
ID19555,0
ID19556,0
ID19557,0
ID19558,0
ID19559,0
ID19560,0
ID19561,1
ID19562,0
ID19563,0
ID19564,0
ID19565,0
ID19566,0
ID19567,1
ID19568,0
ID19569,0
ID19570,0
ID19571,0
ID19572,0
ID19573,0
ID19574,0
ID19575,0
ID19576,0
ID19577,0
ID19578,0
ID19579,0
ID19580,0
ID19581,0
ID19582,0
ID19583,0
ID19584,0
ID19585,0
ID19586,0
ID19587,0
ID19588,0
ID19589,0
ID19590,0
ID19591,0
ID19592,0
ID19593,0
ID19594,0
ID19595,0
ID19596,0
ID19597,0
ID19598,0
ID19599,0
ID19600,0
ID19601,0
ID19602,0
ID19603,0
ID19604,0
ID19605,0
ID19606,0
ID19607,0
ID19608,0
ID19609,1
ID19610,1
ID19611,0
ID19612,0
ID19613,0
ID19614,0
ID19615,0
ID19616,0
ID19617,0
ID19618,0
ID19619,0
ID19620,0
ID19621,0
ID19622,0
ID19623,0
ID19624,0
ID19625,0
ID19626,0
ID19627,0
ID19628,0
ID19629,0
ID19630,0
ID19631,1
ID19632,0
ID19633,0
ID19634,0
ID19635,0
ID19636,0
ID19637,0
ID19638,0
ID19639,0
ID19640,0
ID19641,0
ID19642,0
ID19643,0
ID19644,0
ID19645,0
ID19646,0
ID19647,0
ID19648,0
ID19649,0
ID19650,0
ID19651,0
ID19652,0
ID19653,0
ID19654,0
ID19655,0
ID19656,0
ID19657,0
ID19658,0
ID19659,0
ID19660,0
ID19661,0
ID19662,0
ID19663,0
ID19664,1
ID19665,0
ID19666,0
ID19667,0
ID19668,0
ID19669,0
ID19670,0
ID19671,0
ID19672,0
ID19673,0
ID19674,0
ID19675,0
ID19676,0
ID19677,0
ID19678,0
ID19679,0
ID19680,0
ID19681,0
ID19682,0
ID19683,0
ID19684,0
ID19685,0
ID19686,0
ID19687,0
ID19688,0
ID19689,1
ID19690,0
ID19691,0
ID19692,0
ID19693,0
ID19694,0
ID19695,1
ID19696,0
ID19697,0
ID19698,0
ID19699,0
ID19700,0
ID19701,1
ID19702,0
ID19703,0
ID19704,0
ID19705,0
ID19706,0
ID19707,1
ID19708,0
ID19709,1
ID19710,0
ID19711,0
ID19712,0
ID19713,0
ID19714,0
ID19715,0
ID19716,1
ID19717,0
ID19718,0
ID19719,0
ID19720,0
ID19721,1
ID19722,0
ID19723,0
ID19724,0
ID19725,0
ID19726,0
ID19727,0
ID19728,0
ID19729,0
ID19730,0
ID19731,0
ID19732,0
ID19733,0
ID19734,1
ID19735,0
ID19736,0
ID19737,0
ID19738,0
ID19739,0
ID19740,0
ID19741,0
ID19742,0
ID19743,0
ID19744,0
ID19745,0
ID19746,0
ID19747,0
ID19748,1
ID19749,0
ID19750,0
ID19751,0
ID19752,1
ID19753,0
ID19754,0
ID19755,0
ID19756,0
ID19757,0
ID19758,0
ID19759,0
ID19760,0
ID19761,0
ID19762,0
ID19763,0
ID19764,0
ID19765,0
ID19766,1
ID19767,0
ID19768,0
ID19769,0
ID19770,0
ID19771,0
ID19772,0
ID19773,0
ID19774,0
ID19775,0
ID19776,0
ID19777,0
ID19778,1
ID19779,0
ID19780,0
ID19781,0
ID19782,0
ID19783,1
ID19784,0
ID19785,0
ID19786,0
ID19787,0
ID19788,0
ID19789,1
ID19790,0
ID19791,0
ID19792,0
ID19793,0
ID19794,0
ID19795,0
ID19796,0
ID19797,0
ID19798,0
ID19799,0
ID19800,0
ID19801,0
ID19802,0
ID19803,0
ID19804,0
ID19805,0
ID19806,0
ID19807,0
ID19808,0
ID19809,0
ID19810,0
ID19811,0
ID19812,0
ID19813,0
ID19814,0
ID19815,1
ID19816,0
ID19817,0
ID19818,0
ID19819,0
ID19820,0
ID19821,0
ID19822,0
ID19823,0
ID19824,0
ID19825,0
ID19826,0
ID19827,0
ID19828,0
ID19829,0
ID19830,1
ID19831,0
ID19832,0
ID19833,0
ID19834,0
ID19835,0
ID19836,1
ID19837,0
ID19838,0
ID19839,0
ID19840,0
ID19841,0
ID19842,0
ID19843,1
ID19844,0
ID19845,0
ID19846,0
ID19847,0
ID19848,0
ID19849,0
ID19850,0
ID19851,0
ID19852,0
ID19853,0
ID19854,0
ID19855,1
ID19856,1
ID19857,0
ID19858,0
ID19859,0
ID19860,1
ID19861,0
ID19862,0
ID19863,0
ID19864,0
ID19865,0
ID19866,0
ID19867,0
ID19868,0
ID19869,1
ID19870,0
ID19871,0
ID19872,0
ID19873,0
ID19874,0
ID19875,0
ID19876,0
ID19877,0
ID19878,0
ID19879,1
ID19880,0
ID19881,0
ID19882,0
ID19883,0
ID19884,0
ID19885,1
ID19886,0
ID19887,0
ID19888,0
ID19889,0
ID19890,0
ID19891,0
ID19892,0
ID19893,0
ID19894,0
ID19895,0
ID19896,0
ID19897,0
ID19898,0
ID19899,0
ID19900,0
ID19901,1
ID19902,0
ID19903,0
ID19904,0
ID19905,0
ID19906,0
ID19907,0
ID19908,0
ID19909,0
ID19910,0
ID19911,0
ID19912,0
ID19913,0
ID19914,0
ID19915,1
ID19916,0
ID19917,0
ID19918,0
ID19919,0
ID19920,0
ID19921,1
ID19922,0
ID19923,0
ID19924,0
ID19925,0
ID19926,0
ID19927,0
ID19928,0
ID19929,1
ID19930,0
ID19931,0
ID19932,0
ID19933,0
ID19934,0
ID19935,1
ID19936,0
ID19937,0
ID19938,0
ID19939,0
ID19940,0
ID19941,0
ID19942,0
ID19943,0
ID19944,0
ID19945,0
ID19946,0
ID19947,0
ID19948,0
ID19949,0
ID19950,0
ID19951,0
ID19952,0
ID19953,0
ID19954,0
ID19955,0
ID19956,0
ID19957,0
ID19958,1
ID19959,0
ID19960,0
ID19961,0
ID19962,0
ID19963,0
ID19964,0
ID19965,1
ID19966,0
ID19967,0
ID19968,0
ID19969,1
ID19970,0
ID19971,0
ID19972,0
ID19973,0
ID19974,0
ID19975,0
ID19976,0
ID19977,0
ID19978,0
ID19979,0
ID19980,0
ID19981,0
ID19982,0
ID19983,0
ID19984,0
ID19985,0
ID19986,0
ID19987,0
ID19988,0
ID19989,1
ID19990,0
ID19991,1
ID19992,0
ID19993,1
ID19994,0
ID19995,0
ID19996,0
ID19997,0
ID19998,0
ID19999,0
ID20000,0
ID20001,0
ID20002,0
ID20003,0
ID20004,0
ID20005,0
ID20006,1
ID20007,1
ID20008,0
ID20009,0
ID20010,0
ID20011,0
ID20012,0
ID20013,0
ID20014,0
ID20015,0
ID20016,0
ID20017,0
ID20018,0
ID20019,0
ID20020,0
ID20021,0
ID20022,0
ID20023,1
ID20024,0
ID20025,0
ID20026,0
ID20027,0
ID20028,0
ID20029,0
ID20030,0
ID20031,0
ID20032,0
ID20033,0
ID20034,0
ID20035,0
ID20036,0
ID20037,0
ID20038,0
ID20039,0
ID20040,0
ID20041,0
ID20042,0
ID20043,0
ID20044,0
ID20045,0
ID20046,0
ID20047,0
ID20048,0
ID20049,0
ID20050,0
ID20051,1
ID20052,0
ID20053,0
ID20054,0
ID20055,0
ID20056,0
ID20057,0
ID20058,0
ID20059,0
ID20060,0
ID20061,0
ID20062,0
ID20063,0
ID20064,0
ID20065,0
ID20066,0
ID20067,0
ID20068,0
ID20069,0
ID20070,0
ID20071,0
ID20072,1
ID20073,0
ID20074,0
ID20075,0
ID20076,0
ID20077,0
ID20078,0
ID20079,0
ID20080,0
ID20081,0
ID20082,0
ID20083,0
ID20084,0
ID20085,0
ID20086,0
ID20087,0
ID20088,1
ID20089,0
ID20090,0
ID20091,0
ID20092,0
ID20093,0
ID20094,0
ID20095,1
ID20096,0
ID20097,0
ID20098,0
ID20099,0
ID20100,0
ID20101,0
ID20102,0
ID20103,0
ID20104,0
ID20105,0
ID20106,0
ID20107,0
ID20108,0
ID20109,0
ID20110,0
ID20111,0
ID20112,0
ID20113,0
ID20114,0
ID20115,0
ID20116,0
ID20117,0
ID20118,0
ID20119,0
ID20120,0
ID20121,0
ID20122,0
ID20123,0
ID20124,0
ID20125,0
ID20126,0
ID20127,1
ID20128,0
ID20129,0
ID20130,0
ID20131,0
ID20132,0
ID20133,0
ID20134,0
ID20135,0
ID20136,0
ID20137,0
ID20138,0
ID20139,0
ID20140,0
ID20141,0
ID20142,0
ID20143,0
ID20144,0
ID20145,0
ID20146,0
ID20147,0
ID20148,0
ID20149,0
ID20150,0
ID20151,0
ID20152,0
ID20153,0
ID20154,0
ID20155,0
ID20156,0
ID20157,0
ID20158,0
ID20159,0
ID20160,0
ID20161,0
ID20162,0
ID20163,0
ID20164,0
ID20165,0
ID20166,0
ID20167,0
ID20168,0
ID20169,0
ID20170,0
ID20171,0
ID20172,0
ID20173,1
ID20174,0
ID20175,0
ID20176,0
ID20177,0
ID20178,0
ID20179,0
ID20180,0
ID20181,0
ID20182,0
ID20183,0
ID20184,0
ID20185,0
ID20186,0
ID20187,0
ID20188,0
ID20189,0
ID20190,0
ID20191,0
ID20192,0
ID20193,1
ID20194,0
ID20195,0
ID20196,0
ID20197,0
ID20198,0
ID20199,0
ID20200,0
ID20201,0
ID20202,0
ID20203,0
ID20204,0
ID20205,0
ID20206,0
ID20207,0
ID20208,0
ID20209,0
ID20210,0
ID20211,0
ID20212,0
ID20213,0
ID20214,0
ID20215,0
ID20216,0
ID20217,0
ID20218,0
ID20219,0
ID20220,0
ID20221,0
ID20222,0
ID20223,0
ID20224,0
ID20225,0
ID20226,0
ID20227,0
ID20228,0
ID20229,0
ID20230,0
ID20231,1
ID20232,0
ID20233,0
ID20234,0
ID20235,0
ID20236,0
ID20237,0
ID20238,0
ID20239,0
ID20240,0
ID20241,0
ID20242,0
ID20243,0
ID20244,0
ID20245,0
ID20246,0
ID20247,0
ID20248,0
ID20249,0
ID20250,0
ID20251,0
ID20252,0
ID20253,0
ID20254,0
ID20255,0
ID20256,0
ID20257,0
ID20258,0
ID20259,0
ID20260,0
ID20261,0
ID20262,0
ID20263,0
ID20264,0
ID20265,0
ID20266,0
ID20267,0
ID20268,0
ID20269,0
ID20270,0
ID20271,0
ID20272,0
ID20273,0
ID20274,0
ID20275,0
ID20276,0
ID20277,0
ID20278,0
ID20279,0
ID20280,0
ID20281,0
ID20282,0
ID20283,0
ID20284,0
ID20285,0
ID20286,0
ID20287,0
ID20288,0
ID20289,0
ID20290,0
ID20291,0
ID20292,0
ID20293,0
ID20294,0
ID20295,0
ID20296,1
ID20297,0
ID20298,0
ID20299,0
ID20300,0
ID20301,0
ID20302,0
ID20303,0
ID20304,0
ID20305,0
ID20306,1
ID20307,0
ID20308,0
ID20309,0
ID20310,0
ID20311,0
ID20312,0
ID20313,0
ID20314,0
ID20315,0
ID20316,0
ID20317,0
ID20318,0
ID20319,0
ID20320,0
ID20321,0
ID20322,0
ID20323,0
ID20324,0
ID20325,0
ID20326,0
ID20327,0
ID20328,0
ID20329,0
ID20330,0
ID20331,1
ID20332,0
ID20333,1
ID20334,0
ID20335,0
ID20336,0
ID20337,0
ID20338,0
ID20339,0
ID20340,0
ID20341,0
ID20342,0
ID20343,1
ID20344,0
ID20345,0
ID20346,0
ID20347,0
ID20348,0
ID20349,0
ID20350,0
ID20351,0
ID20352,0
ID20353,0
ID20354,0
ID20355,0
ID20356,1
ID20357,0
ID20358,0
ID20359,0
ID20360,0
ID20361,0
ID20362,0
ID20363,0
ID20364,0
ID20365,0
ID20366,0
ID20367,0
ID20368,0
ID20369,0
ID20370,0
ID20371,0
ID20372,0
ID20373,0
ID20374,1
ID20375,0
ID20376,0
ID20377,0
ID20378,0
ID20379,0
ID20380,0
ID20381,0
ID20382,1
ID20383,0
ID20384,0
ID20385,0
ID20386,0
ID20387,0
ID20388,0
ID20389,0
ID20390,0
ID20391,0
ID20392,0
ID20393,0
ID20394,0
ID20395,1
ID20396,0
ID20397,0
ID20398,0
ID20399,0
ID20400,0
ID20401,1
ID20402,0
ID20403,0
ID20404,0
ID20405,0
ID20406,0
ID20407,0
ID20408,0
ID20409,0
ID20410,0
ID20411,0
ID20412,0
ID20413,0
ID20414,0
ID20415,0
ID20416,0
ID20417,0
ID20418,0
ID20419,0
ID20420,0
ID20421,0
ID20422,0
ID20423,0
ID20424,1
ID20425,0
ID20426,0
ID20427,0
ID20428,0
ID20429,0
ID20430,1
ID20431,0
ID20432,0
ID20433,0
ID20434,0
ID20435,0
ID20436,0
ID20437,0
ID20438,0
ID20439,0
ID20440,0
ID20441,0
ID20442,0
ID20443,0
ID20444,0
ID20445,0
ID20446,0
ID20447,1
ID20448,0
ID20449,0
ID20450,0
ID20451,0
ID20452,0
ID20453,0
ID20454,0
ID20455,0
ID20456,0
ID20457,0
ID20458,0
ID20459,0
ID20460,0
ID20461,0
ID20462,0
ID20463,0
ID20464,0
ID20465,0
ID20466,1
ID20467,0
ID20468,0
ID20469,0
ID20470,0
ID20471,0
ID20472,0
ID20473,0
ID20474,0
ID20475,0
ID20476,0
ID20477,0
ID20478,0
ID20479,0
ID20480,0
ID20481,0
ID20482,0
ID20483,0
ID20484,0
ID20485,0
ID20486,0
ID20487,0
ID20488,0
ID20489,0
ID20490,0
ID20491,0
ID20492,0
ID20493,0
ID20494,0
ID20495,0
ID20496,0
ID20497,0
ID20498,0
ID20499,0
ID20500,0
ID20501,0
ID20502,0
ID20503,1
ID20504,0
ID20505,0
ID20506,0
ID20507,0
ID20508,0
ID20509,0
ID20510,1
ID20511,0
ID20512,0
ID20513,0
ID20514,0
ID20515,0
ID20516,0
ID20517,0
ID20518,0
ID20519,0
ID20520,0
ID20521,0
ID20522,0
ID20523,0
ID20524,0
ID20525,0
ID20526,0
ID20527,0
ID20528,0
ID20529,0
ID20530,0
ID20531,0
ID20532,1
ID20533,1
ID20534,0
ID20535,0
ID20536,0
ID20537,0
ID20538,0
ID20539,1
ID20540,0
ID20541,0
ID20542,0
ID20543,1
ID20544,0
ID20545,0
ID20546,0
ID20547,0
ID20548,0
ID20549,0
ID20550,0
ID20551,0
ID20552,0
ID20553,0
ID20554,0
ID20555,0
ID20556,0
ID20557,0
ID20558,0
ID20559,0
ID20560,0
ID20561,0
ID20562,0
ID20563,0
ID20564,0
ID20565,0
ID20566,0
ID20567,0
ID20568,1
ID20569,0
ID20570,0
ID20571,0
ID20572,0
ID20573,0
ID20574,0
ID20575,0
ID20576,0
ID20577,0
ID20578,0
ID20579,0
ID20580,0
ID20581,0
ID20582,0
ID20583,0
ID20584,0
ID20585,0
ID20586,0
ID20587,0
ID20588,1
ID20589,0
ID20590,0
ID20591,0
ID20592,0
ID20593,0
ID20594,0
ID20595,0
ID20596,0
ID20597,0
ID20598,0
ID20599,0
ID20600,0
ID20601,0
ID20602,0
ID20603,0
ID20604,0
ID20605,0
ID20606,0
ID20607,0
ID20608,1
ID20609,0
ID20610,0
ID20611,0
ID20612,0
ID20613,0
ID20614,0
ID20615,0
ID20616,0
ID20617,0
ID20618,0
ID20619,0
ID20620,0
ID20621,0
ID20622,0
ID20623,0
ID20624,0
ID20625,0
ID20626,0
ID20627,0
ID20628,0
ID20629,0
ID20630,0
ID20631,0
ID20632,0
ID20633,0
ID20634,0
ID20635,0
ID20636,0
ID20637,0
ID20638,0
ID20639,0
ID20640,0
ID20641,0
ID20642,0
ID20643,0
ID20644,0
ID20645,0
ID20646,0
ID20647,0
ID20648,0
ID20649,0
ID20650,0
ID20651,0
ID20652,0
ID20653,0
ID20654,0
ID20655,0
ID20656,0
ID20657,0
ID20658,0
ID20659,0
ID20660,0
ID20661,0
ID20662,0
ID20663,0
ID20664,0
ID20665,0
ID20666,0
ID20667,0
ID20668,0
ID20669,0
ID20670,0
ID20671,0
ID20672,0
ID20673,0
ID20674,0
ID20675,0
ID20676,0
ID20677,0
ID20678,0
ID20679,0
ID20680,0
ID20681,0
ID20682,0
ID20683,0
ID20684,0
ID20685,0
ID20686,0
ID20687,0
ID20688,0
ID20689,0
ID20690,0
ID20691,0
ID20692,1
ID20693,0
ID20694,0
ID20695,0
ID20696,0
ID20697,0
ID20698,0
ID20699,0
ID20700,0
ID20701,0
ID20702,0
ID20703,1
ID20704,0
ID20705,0
ID20706,0
ID20707,0
ID20708,0
ID20709,0
ID20710,0
ID20711,0
ID20712,0
ID20713,0
ID20714,0
ID20715,0
ID20716,0
ID20717,0
ID20718,0
ID20719,0
ID20720,0
ID20721,1
ID20722,0
ID20723,0
ID20724,0
ID20725,0
ID20726,0
ID20727,0
ID20728,0
ID20729,0
ID20730,0
ID20731,0
ID20732,0
ID20733,0
ID20734,0
ID20735,0
ID20736,0
ID20737,0
ID20738,0
ID20739,0
ID20740,0
ID20741,0
ID20742,0
ID20743,0
ID20744,0
ID20745,0
ID20746,0
ID20747,0
ID20748,0
ID20749,0
ID20750,0
ID20751,0
ID20752,0
ID20753,0
ID20754,0
ID20755,1
ID20756,0
ID20757,0
ID20758,0
ID20759,0
ID20760,0
ID20761,0
ID20762,0
ID20763,0
ID20764,0
ID20765,0
ID20766,0
ID20767,0
ID20768,0
ID20769,0
ID20770,0
ID20771,0
ID20772,0
ID20773,0
ID20774,0
ID20775,0
ID20776,0
ID20777,0
ID20778,0
ID20779,0
ID20780,0
ID20781,0
ID20782,0
ID20783,0
ID20784,0
ID20785,0
ID20786,0
ID20787,0
ID20788,0
ID20789,0
ID20790,0
ID20791,0
ID20792,0
ID20793,0
ID20794,0
ID20795,0
ID20796,0
ID20797,0
ID20798,0
ID20799,0
ID20800,0
ID20801,0
ID20802,0
ID20803,0
ID20804,0
ID20805,0
ID20806,0
ID20807,0
ID20808,0
ID20809,0
ID20810,0
ID20811,0
ID20812,1
ID20813,0
ID20814,0
ID20815,0
ID20816,0
ID20817,0
ID20818,0
ID20819,0
ID20820,0
ID20821,0
ID20822,0
ID20823,0
ID20824,1
ID20825,0
ID20826,0
ID20827,0
ID20828,0
ID20829,0
ID20830,0
ID20831,0
ID20832,0
ID20833,0
ID20834,0
ID20835,0
ID20836,0
ID20837,0
ID20838,0
ID20839,0
ID20840,0
ID20841,0
ID20842,0
ID20843,0
ID20844,0
ID20845,0
ID20846,0
ID20847,0
ID20848,0
ID20849,0
ID20850,1
ID20851,0
ID20852,0
ID20853,0
ID20854,1
ID20855,0
ID20856,0
ID20857,1
ID20858,0
ID20859,1
ID20860,0
ID20861,0
ID20862,0
ID20863,0
ID20864,0
ID20865,0
ID20866,0
ID20867,0
ID20868,0
ID20869,0
ID20870,0
ID20871,0
ID20872,0
ID20873,1
ID20874,0
ID20875,0
ID20876,1
ID20877,1
ID20878,0
ID20879,0
ID20880,0
ID20881,0
ID20882,0
ID20883,0
ID20884,0
ID20885,0
ID20886,0
ID20887,0
ID20888,0
ID20889,1
ID20890,0
ID20891,0
ID20892,0
ID20893,0
ID20894,0
ID20895,0
ID20896,0
ID20897,0
ID20898,0
ID20899,0
ID20900,0
ID20901,1
ID20902,0
ID20903,0
ID20904,0
ID20905,0
ID20906,0
ID20907,0
ID20908,0
ID20909,0
ID20910,0
ID20911,1
ID20912,0
ID20913,0
ID20914,0
ID20915,0
ID20916,0
ID20917,0
ID20918,0
ID20919,0
ID20920,0
ID20921,0
ID20922,0
ID20923,0
ID20924,0
ID20925,0
ID20926,0
ID20927,0
ID20928,0
ID20929,0
ID20930,0
ID20931,0
ID20932,0
ID20933,0
ID20934,0
ID20935,0
ID20936,0
ID20937,0
ID20938,0
ID20939,0
ID20940,0
ID20941,0
ID20942,0
ID20943,0
ID20944,0
ID20945,0
ID20946,0
ID20947,0
ID20948,0
ID20949,0
ID20950,0
ID20951,1
ID20952,0
ID20953,0
ID20954,0
ID20955,0
ID20956,0
ID20957,0
ID20958,0
ID20959,0
ID20960,0
ID20961,0
ID20962,0
ID20963,0
ID20964,0
ID20965,0
ID20966,0
ID20967,0
ID20968,0
ID20969,0
ID20970,1
ID20971,0
ID20972,0
ID20973,0
ID20974,0
ID20975,0
ID20976,0
ID20977,0
ID20978,0
ID20979,0
ID20980,0
ID20981,0
ID20982,0
ID20983,0
ID20984,0
ID20985,0
ID20986,0
ID20987,1
ID20988,0
ID20989,0
ID20990,0
ID20991,0
ID20992,0
ID20993,0
ID20994,0
ID20995,0
ID20996,1
ID20997,0
ID20998,0
ID20999,0
ID21000,0
ID21001,0
ID21002,0
ID21003,0
ID21004,0
ID21005,0
ID21006,0
ID21007,0
ID21008,0
ID21009,0
ID21010,0
ID21011,0
ID21012,0
ID21013,0
ID21014,0
ID21015,0
ID21016,0
ID21017,0
ID21018,0
ID21019,0
ID21020,0
ID21021,0
ID21022,0
ID21023,0
ID21024,0
ID21025,0
ID21026,1
ID21027,0
ID21028,0
ID21029,0
ID21030,0
ID21031,0
ID21032,0
ID21033,0
ID21034,0
ID21035,0
ID21036,0
ID21037,0
ID21038,0
ID21039,1
ID21040,0
ID21041,0
ID21042,0
ID21043,0
ID21044,0
ID21045,0
ID21046,0
ID21047,0
ID21048,0
ID21049,0
ID21050,0
ID21051,0
ID21052,0
ID21053,0
ID21054,0
ID21055,0
ID21056,0
ID21057,0
ID21058,0
ID21059,0
ID21060,0
ID21061,0
ID21062,0
ID21063,0
ID21064,0
ID21065,0
ID21066,0
ID21067,0
ID21068,0
ID21069,0
ID21070,0
ID21071,0
ID21072,0
ID21073,0
ID21074,0
ID21075,0
ID21076,1
ID21077,0
ID21078,0
ID21079,0
ID21080,0
ID21081,0
ID21082,0
ID21083,0
ID21084,0
ID21085,1
ID21086,0
ID21087,0
ID21088,0
ID21089,0
ID21090,0
ID21091,0
ID21092,0
ID21093,0
ID21094,0
ID21095,0
ID21096,0
ID21097,0
ID21098,0
ID21099,0
ID21100,0
ID21101,0
ID21102,1
ID21103,0
ID21104,0
ID21105,0
ID21106,1
ID21107,0
ID21108,0
ID21109,0
ID21110,0
ID21111,0
ID21112,0
ID21113,0
ID21114,0
ID21115,0
ID21116,1
ID21117,0
ID21118,1
ID21119,0
ID21120,0
ID21121,0
ID21122,0
ID21123,0
ID21124,0
ID21125,0
ID21126,0
ID21127,0
ID21128,0
ID21129,0
ID21130,0
ID21131,0
ID21132,0
ID21133,0
ID21134,0
ID21135,0
ID21136,0
ID21137,0
ID21138,0
ID21139,0
ID21140,0
ID21141,0
ID21142,0
ID21143,0
ID21144,0
ID21145,0
ID21146,0
ID21147,1
ID21148,0
ID21149,1
ID21150,0
ID21151,1
ID21152,0
ID21153,0
ID21154,0
ID21155,0
ID21156,0
ID21157,0
ID21158,0
ID21159,1
ID21160,0
ID21161,0
ID21162,0
ID21163,0
ID21164,0
ID21165,0
ID21166,0
ID21167,0
ID21168,0
ID21169,0
ID21170,0
ID21171,0
ID21172,0
ID21173,0
ID21174,0
ID21175,0
ID21176,0
ID21177,0
ID21178,0
ID21179,0
ID21180,0
ID21181,0
ID21182,0
ID21183,0
ID21184,0
ID21185,1
ID21186,0
ID21187,0
ID21188,0
ID21189,0
ID21190,0
ID21191,0
ID21192,0
ID21193,1
ID21194,0
ID21195,0
ID21196,0
ID21197,0
ID21198,0
ID21199,0
ID21200,0
ID21201,0
ID21202,0
ID21203,0
ID21204,0
ID21205,1
ID21206,0
ID21207,0
ID21208,0
ID21209,0
ID21210,0
ID21211,0
ID21212,0
ID21213,0
ID21214,0
ID21215,0
ID21216,0
ID21217,0
ID21218,0
ID21219,0
ID21220,0
ID21221,0
ID21222,0
ID21223,0
ID21224,0
ID21225,0
ID21226,0
ID21227,0
ID21228,0
ID21229,0
ID21230,0
ID21231,0
ID21232,0
ID21233,1
ID21234,0
ID21235,0
ID21236,0
ID21237,0
ID21238,0
ID21239,0
ID21240,0
ID21241,0
ID21242,0
ID21243,0
ID21244,0
ID21245,0
ID21246,0
ID21247,0
ID21248,0
ID21249,0
ID21250,0
ID21251,0
ID21252,0
ID21253,0
ID21254,0
ID21255,0
ID21256,0
ID21257,0
ID21258,0
ID21259,0
ID21260,0
ID21261,0
ID21262,0
ID21263,0
ID21264,0
ID21265,0
ID21266,0
ID21267,0
ID21268,0
ID21269,0
ID21270,0
ID21271,0
ID21272,0
ID21273,0
ID21274,0
ID21275,0
ID21276,0
ID21277,0
ID21278,0
ID21279,0
ID21280,0
ID21281,0
ID21282,0
ID21283,0
ID21284,0
ID21285,0
ID21286,0
ID21287,0
ID21288,0
ID21289,0
ID21290,0
ID21291,0
ID21292,0
ID21293,0
ID21294,0
ID21295,0
ID21296,0
ID21297,0
ID21298,0
ID21299,0
ID21300,0
ID21301,0
ID21302,0
ID21303,0
ID21304,0
ID21305,0
ID21306,0
ID21307,0
ID21308,0
ID21309,0
ID21310,0
ID21311,1
ID21312,0
ID21313,0
ID21314,0
ID21315,0
ID21316,0
ID21317,0
ID21318,0
ID21319,0
ID21320,0
ID21321,0
ID21322,0
ID21323,0
ID21324,0
ID21325,0
ID21326,0
ID21327,0
ID21328,0
ID21329,0
ID21330,0
ID21331,0
ID21332,0
ID21333,0
ID21334,1
ID21335,0
ID21336,0
ID21337,0
ID21338,0
ID21339,0
ID21340,0
ID21341,0
ID21342,0
ID21343,0
ID21344,0
ID21345,0
ID21346,1
ID21347,0
ID21348,0
ID21349,0
ID21350,1
ID21351,0
ID21352,0
ID21353,0
ID21354,1
ID21355,0
ID21356,0
ID21357,0
ID21358,0
ID21359,0
ID21360,0
ID21361,0
ID21362,0
ID21363,0
ID21364,0
ID21365,0
ID21366,0
ID21367,0
ID21368,0
ID21369,0
ID21370,0
ID21371,0
ID21372,0
ID21373,0
ID21374,0
ID21375,0
ID21376,0
ID21377,0
ID21378,0
ID21379,0
ID21380,0
ID21381,0
ID21382,0
ID21383,0
ID21384,0
ID21385,0
ID21386,0
ID21387,0
ID21388,0
ID21389,0
ID21390,0
ID21391,0
ID21392,0
ID21393,0
ID21394,0
ID21395,0
ID21396,0
ID21397,0
ID21398,0
ID21399,0
ID21400,0
ID21401,0
ID21402,0
ID21403,0
ID21404,0
ID21405,0
ID21406,0
ID21407,0
ID21408,0
ID21409,0
ID21410,0
ID21411,0
ID21412,0
ID21413,0
ID21414,0
ID21415,0
ID21416,0
ID21417,0
ID21418,1
ID21419,0
ID21420,0
ID21421,0
ID21422,0
ID21423,0
ID21424,1
ID21425,0
ID21426,0
ID21427,0
ID21428,0
ID21429,0
ID21430,0
ID21431,0
ID21432,0
ID21433,0
ID21434,0
ID21435,0
ID21436,0
ID21437,0
ID21438,0
ID21439,0
ID21440,0
ID21441,0
ID21442,0
ID21443,0
ID21444,0
ID21445,0
ID21446,0
ID21447,0
ID21448,0
ID21449,0
ID21450,0
ID21451,0
ID21452,0
ID21453,0
ID21454,0
ID21455,0
ID21456,0
ID21457,0
ID21458,0
ID21459,0
ID21460,0
ID21461,0
ID21462,0
ID21463,0
ID21464,0
ID21465,0
ID21466,0
ID21467,0
ID21468,0
ID21469,0
ID21470,0
ID21471,0
ID21472,0
ID21473,0
ID21474,0
ID21475,0
ID21476,0
ID21477,0
ID21478,0
ID21479,0
ID21480,0
ID21481,0
ID21482,0
ID21483,0
ID21484,0
ID21485,0
ID21486,0
ID21487,0
ID21488,0
ID21489,0
ID21490,0
ID21491,0
ID21492,0
ID21493,0
ID21494,0
ID21495,1
ID21496,0
ID21497,1
ID21498,0
ID21499,0
ID21500,0
ID21501,0
ID21502,0
ID21503,0
ID21504,0
ID21505,0
ID21506,0
ID21507,0
ID21508,0
ID21509,0
ID21510,0
ID21511,0
ID21512,0
ID21513,0
ID21514,0
ID21515,0
ID21516,0
ID21517,0
ID21518,0
ID21519,0
ID21520,0
ID21521,0
ID21522,0
ID21523,0
ID21524,0
ID21525,0
ID21526,0
ID21527,0
ID21528,0
ID21529,0
ID21530,0
ID21531,0
ID21532,0
ID21533,0
ID21534,1
ID21535,0
ID21536,0
ID21537,0
ID21538,0
ID21539,0
ID21540,0
ID21541,0
ID21542,0
ID21543,0
ID21544,0
ID21545,1
ID21546,0
ID21547,0
ID21548,0
ID21549,0
ID21550,0
ID21551,0
ID21552,0
ID21553,0
ID21554,0
ID21555,0
ID21556,0
ID21557,0
ID21558,0
ID21559,0
ID21560,0
ID21561,0
ID21562,0
ID21563,0
ID21564,0
ID21565,0
ID21566,0
ID21567,0
ID21568,0
ID21569,0
ID21570,0
ID21571,0
ID21572,0
ID21573,0
ID21574,0
ID21575,0
ID21576,0
ID21577,0
ID21578,0
ID21579,0
ID21580,0
ID21581,1
ID21582,0
ID21583,0
ID21584,0
ID21585,0
ID21586,0
ID21587,0
ID21588,1
ID21589,0
ID21590,0
ID21591,0
ID21592,0
ID21593,0
ID21594,0
ID21595,0
ID21596,0
ID21597,0
ID21598,0
ID21599,0
ID21600,0
ID21601,0
ID21602,0
ID21603,0
ID21604,0
ID21605,0
ID21606,0
ID21607,0
ID21608,1
ID21609,0
ID21610,0
ID21611,0
ID21612,0
ID21613,0
ID21614,0
ID21615,0
ID21616,0
ID21617,0
ID21618,0
ID21619,1
ID21620,0
ID21621,0
ID21622,0
ID21623,0
ID21624,0
ID21625,0
ID21626,0
ID21627,1
ID21628,0
ID21629,0
ID21630,0
ID21631,0
ID21632,0
ID21633,0
ID21634,0
ID21635,0
ID21636,0
ID21637,0
ID21638,0
ID21639,0
ID21640,0
ID21641,0
ID21642,0
ID21643,0
ID21644,0
ID21645,0
ID21646,0
ID21647,0
ID21648,0
ID21649,0
ID21650,0
ID21651,0
ID21652,0
ID21653,0
ID21654,0
ID21655,0
ID21656,0
ID21657,0
ID21658,0
ID21659,0
ID21660,0
ID21661,0
ID21662,0
ID21663,0
ID21664,0
ID21665,0
ID21666,0
ID21667,0
ID21668,0
ID21669,0
ID21670,0
ID21671,0
ID21672,0
ID21673,0
ID21674,0
ID21675,0
ID21676,1
ID21677,0
ID21678,0
ID21679,0
ID21680,0
ID21681,0
ID21682,0
ID21683,0
ID21684,0
ID21685,0
ID21686,0
ID21687,0
ID21688,0
ID21689,0
ID21690,0
ID21691,0
ID21692,0
ID21693,0
ID21694,0
ID21695,0
ID21696,0
ID21697,0
ID21698,0
ID21699,0
ID21700,0
ID21701,0
ID21702,0
ID21703,0
ID21704,1
ID21705,0
ID21706,0
ID21707,0
ID21708,1
ID21709,0
ID21710,1
ID21711,0
ID21712,0
ID21713,0
ID21714,0
ID21715,0
ID21716,0
ID21717,0
ID21718,0
ID21719,1
ID21720,0
ID21721,0
ID21722,0
ID21723,0
ID21724,0
ID21725,0
ID21726,0
ID21727,1
ID21728,0
ID21729,0
ID21730,0
ID21731,0
ID21732,0
ID21733,0
ID21734,1
ID21735,0
ID21736,0
ID21737,0
ID21738,0
ID21739,0
ID21740,0
ID21741,0
ID21742,0
ID21743,0
ID21744,0
ID21745,0
ID21746,0
ID21747,0
ID21748,0
ID21749,0
ID21750,0
ID21751,0
ID21752,0
ID21753,0
ID21754,0
ID21755,0
ID21756,0
ID21757,0
ID21758,0
ID21759,0
ID21760,0
ID21761,0
ID21762,0
ID21763,0
ID21764,0
ID21765,0
ID21766,0
ID21767,0
ID21768,1
ID21769,0
ID21770,0
ID21771,0
ID21772,0
ID21773,0
ID21774,0
ID21775,0
ID21776,0
ID21777,0
ID21778,0
ID21779,0
ID21780,0
ID21781,0
ID21782,0
ID21783,1
ID21784,0
ID21785,1
ID21786,1
ID21787,0
ID21788,0
ID21789,0
ID21790,0
ID21791,0
ID21792,0
ID21793,0
ID21794,0
ID21795,0
ID21796,0
ID21797,0
ID21798,0
ID21799,0
ID21800,0
ID21801,0
ID21802,0
ID21803,0
ID21804,0
ID21805,0
ID21806,0
ID21807,0
ID21808,0
ID21809,0
ID21810,0
ID21811,0
ID21812,0
ID21813,0
ID21814,1
ID21815,0
ID21816,0
ID21817,0
ID21818,0
ID21819,0
ID21820,0
ID21821,0
ID21822,0
ID21823,0
ID21824,0
ID21825,1
ID21826,1
ID21827,0
ID21828,0
ID21829,0
ID21830,0
ID21831,0
ID21832,0
ID21833,0
ID21834,0
ID21835,1
ID21836,0
ID21837,0
ID21838,0
ID21839,0
ID21840,0
ID21841,0
ID21842,0
ID21843,0
ID21844,0
ID21845,0
ID21846,0
ID21847,0
ID21848,0
ID21849,0
ID21850,0
ID21851,0
ID21852,0
ID21853,0
ID21854,0
ID21855,0
ID21856,0
ID21857,0
ID21858,1
ID21859,0
ID21860,0
ID21861,0
ID21862,0
ID21863,0
ID21864,0
ID21865,0
ID21866,0
ID21867,0
ID21868,0
ID21869,0
ID21870,0
ID21871,0
ID21872,0
ID21873,0
ID21874,0
ID21875,0
ID21876,0
ID21877,1
ID21878,0
ID21879,0
ID21880,0
ID21881,0
ID21882,0
ID21883,0
ID21884,0
ID21885,0
ID21886,0
ID21887,0
ID21888,0
ID21889,0
ID21890,0
ID21891,0
ID21892,0
ID21893,0
ID21894,0
ID21895,0
ID21896,0
ID21897,0
ID21898,0
ID21899,0
ID21900,0
ID21901,1
ID21902,0
ID21903,0
ID21904,0
ID21905,0
ID21906,0
ID21907,0
ID21908,0
ID21909,1
ID21910,1
ID21911,0
ID21912,0
ID21913,0
ID21914,0
ID21915,0
ID21916,0
ID21917,0
ID21918,0
ID21919,0
ID21920,0
ID21921,0
ID21922,0
ID21923,0
ID21924,0
ID21925,0
ID21926,0
ID21927,0
ID21928,0
ID21929,0
ID21930,0
ID21931,0
ID21932,0
ID21933,0
ID21934,0
ID21935,0
ID21936,0
ID21937,0
ID21938,0
ID21939,0
ID21940,0
ID21941,0
ID21942,0
ID21943,0
ID21944,0
ID21945,0
ID21946,0
ID21947,1
ID21948,0
ID21949,0
ID21950,0
ID21951,0
ID21952,0
ID21953,0
ID21954,0
ID21955,0
ID21956,1
ID21957,0
ID21958,0
ID21959,0
ID21960,0
ID21961,0
ID21962,0
ID21963,0
ID21964,0
ID21965,0
ID21966,0
ID21967,0
ID21968,0
ID21969,0
ID21970,0
ID21971,1
ID21972,0
ID21973,0
ID21974,0
ID21975,0
ID21976,0
ID21977,0
ID21978,0
ID21979,0
ID21980,1
ID21981,0
ID21982,0
ID21983,0
ID21984,0
ID21985,0
ID21986,0
ID21987,0
ID21988,0
ID21989,0
ID21990,0
ID21991,0
ID21992,0
ID21993,0
ID21994,0
ID21995,0
ID21996,0
ID21997,0
ID21998,0
ID21999,0
ID22000,0
ID22001,0
ID22002,0
ID22003,0
ID22004,0
ID22005,0
ID22006,0
ID22007,0
ID22008,0
ID22009,0
ID22010,0
ID22011,0
ID22012,0
ID22013,0
ID22014,0
ID22015,0
ID22016,0
ID22017,1
ID22018,0
ID22019,0
ID22020,0
ID22021,0
ID22022,0
ID22023,0
ID22024,0
ID22025,0
ID22026,0
ID22027,0
ID22028,0
ID22029,0
ID22030,0
ID22031,0
ID22032,0
ID22033,0
ID22034,0
ID22035,0
ID22036,0
ID22037,0
ID22038,0
ID22039,0
ID22040,0
ID22041,0
ID22042,0
ID22043,0
ID22044,0
ID22045,0
ID22046,0
ID22047,1
ID22048,0
ID22049,0
ID22050,0
ID22051,0
ID22052,0
ID22053,0
ID22054,0
ID22055,0
ID22056,0
ID22057,0
ID22058,0
ID22059,0
ID22060,0
ID22061,1
ID22062,0
ID22063,0
ID22064,0
ID22065,0
ID22066,0
ID22067,0
ID22068,0
ID22069,0
ID22070,0
ID22071,0
ID22072,0
ID22073,0
ID22074,0
ID22075,0
ID22076,0
ID22077,0
ID22078,0
ID22079,0
ID22080,0
ID22081,0
ID22082,0
ID22083,0
ID22084,0
ID22085,0
ID22086,0
ID22087,0
ID22088,0
ID22089,0
ID22090,0
ID22091,0
ID22092,1
ID22093,0
ID22094,0
ID22095,0
ID22096,0
ID22097,0
ID22098,0
ID22099,0
ID22100,1
ID22101,0
ID22102,0
ID22103,0
ID22104,0
ID22105,0
ID22106,0
ID22107,0
ID22108,0
ID22109,0
ID22110,1
ID22111,0
ID22112,1
ID22113,0
ID22114,0
ID22115,0
ID22116,0
ID22117,0
ID22118,0
ID22119,1
ID22120,1
ID22121,0
ID22122,0
ID22123,0
ID22124,0
ID22125,1
ID22126,0
ID22127,0
ID22128,0
ID22129,0
ID22130,0
ID22131,0
ID22132,0
ID22133,0
ID22134,0
ID22135,0
ID22136,0
ID22137,0
ID22138,0
ID22139,0
ID22140,0
ID22141,0
ID22142,0
ID22143,0
ID22144,0
ID22145,0
ID22146,0
ID22147,0
ID22148,0
ID22149,0
ID22150,0
ID22151,0
ID22152,0
ID22153,0
ID22154,0
ID22155,0
ID22156,0
ID22157,0
ID22158,0
ID22159,0
ID22160,1
ID22161,0
ID22162,0
ID22163,0
ID22164,0
ID22165,0
ID22166,0
ID22167,0
ID22168,0
ID22169,0
ID22170,0
ID22171,1
ID22172,0
ID22173,0
ID22174,0
ID22175,0
ID22176,0
ID22177,0
ID22178,0
ID22179,0
ID22180,0
ID22181,0
ID22182,0
ID22183,0
ID22184,0
ID22185,0
ID22186,0
ID22187,0
ID22188,0
ID22189,0
ID22190,0
ID22191,0
ID22192,0
ID22193,0
ID22194,0
ID22195,0
ID22196,0
ID22197,0
ID22198,0
ID22199,0
ID22200,0
ID22201,0
ID22202,0
ID22203,0
ID22204,0
ID22205,0
ID22206,0
ID22207,0
ID22208,0
ID22209,0
ID22210,0
ID22211,0
ID22212,0
ID22213,0
ID22214,0
ID22215,0
ID22216,0
ID22217,0
ID22218,0
ID22219,0
ID22220,0
ID22221,0
ID22222,0
ID22223,0
ID22224,0
ID22225,0
ID22226,0
ID22227,0
ID22228,1
ID22229,0
ID22230,0
ID22231,0
ID22232,0
ID22233,0
ID22234,0
ID22235,0
ID22236,1
ID22237,0
ID22238,0
ID22239,0
ID22240,0
ID22241,0
ID22242,0
ID22243,0
ID22244,0
ID22245,0
ID22246,0
ID22247,0
ID22248,0
ID22249,0
ID22250,0
ID22251,0
ID22252,0
ID22253,1
ID22254,0
ID22255,0
ID22256,0
ID22257,0
ID22258,0
ID22259,0
ID22260,0
ID22261,0
ID22262,0
ID22263,0
ID22264,0
ID22265,0
ID22266,0
ID22267,0
ID22268,0
ID22269,0
ID22270,0
ID22271,0
ID22272,0
ID22273,0
ID22274,0
ID22275,0
ID22276,0
ID22277,0
ID22278,0
ID22279,0
ID22280,0
ID22281,0
ID22282,0
ID22283,0
ID22284,0
ID22285,0
ID22286,0
ID22287,0
ID22288,0
ID22289,0
ID22290,0
ID22291,0
ID22292,1
ID22293,0
ID22294,0
ID22295,0
ID22296,0
ID22297,0
ID22298,0
ID22299,0
ID22300,0
ID22301,0
ID22302,0
ID22303,0
ID22304,0
ID22305,0
ID22306,1
ID22307,0
ID22308,0
ID22309,0
ID22310,0
ID22311,0
ID22312,0
ID22313,0
ID22314,0
ID22315,0
ID22316,0
ID22317,0
ID22318,0
ID22319,0
ID22320,0
ID22321,0
ID22322,0
ID22323,0
ID22324,0
ID22325,0
ID22326,0
ID22327,0
ID22328,0
ID22329,0
ID22330,0
ID22331,0
ID22332,0
ID22333,0
ID22334,0
ID22335,0
ID22336,0
ID22337,0
ID22338,1
ID22339,0
ID22340,1
ID22341,0
ID22342,1
ID22343,0
ID22344,1
ID22345,0
ID22346,0
ID22347,0
ID22348,0
ID22349,0
ID22350,0
ID22351,0
ID22352,0
ID22353,1
ID22354,0
ID22355,0
ID22356,0
ID22357,0
ID22358,0
ID22359,0
ID22360,0
ID22361,0
ID22362,0
ID22363,0
ID22364,1
ID22365,0
ID22366,1
ID22367,0
ID22368,0
ID22369,0
ID22370,0
ID22371,0
ID22372,0
ID22373,0
ID22374,0
ID22375,0
ID22376,0
ID22377,0
ID22378,0
ID22379,0
ID22380,0
ID22381,0
ID22382,0
ID22383,0
ID22384,0
ID22385,0
ID22386,0
ID22387,0
ID22388,0
ID22389,0
ID22390,0
ID22391,0
ID22392,0
ID22393,0
ID22394,0
ID22395,0
ID22396,0
ID22397,1
ID22398,0
ID22399,0
ID22400,0
ID22401,0
ID22402,0
ID22403,0
ID22404,0
ID22405,0
ID22406,0
ID22407,0
ID22408,0
ID22409,0
ID22410,0
ID22411,0
ID22412,0
ID22413,0
ID22414,0
ID22415,0
ID22416,0
ID22417,0
ID22418,1
ID22419,1
ID22420,0
ID22421,1
ID22422,0
ID22423,0
ID22424,1
ID22425,0
ID22426,0
ID22427,0
ID22428,0
ID22429,0
ID22430,0
ID22431,0
ID22432,0
ID22433,0
ID22434,0
ID22435,0
ID22436,0
ID22437,0
ID22438,0
ID22439,0
ID22440,0
ID22441,0
ID22442,0
ID22443,0
ID22444,0
ID22445,0
ID22446,0
ID22447,0
ID22448,1
ID22449,0
ID22450,0
ID22451,1
ID22452,0
ID22453,0
ID22454,0
ID22455,0
ID22456,0
ID22457,0
ID22458,0
ID22459,0
ID22460,0
ID22461,0
ID22462,0
ID22463,0
ID22464,0
ID22465,0
ID22466,0
ID22467,0
ID22468,0
ID22469,0
ID22470,0
ID22471,0
ID22472,0
ID22473,0
ID22474,0
ID22475,0
ID22476,0
ID22477,0
ID22478,0
ID22479,0
ID22480,0
ID22481,1
ID22482,0
ID22483,0
ID22484,0
ID22485,0
ID22486,0
ID22487,0
ID22488,0
ID22489,0
ID22490,0
ID22491,0
ID22492,0
ID22493,1
ID22494,0
ID22495,0
ID22496,0
ID22497,0
ID22498,0
ID22499,1
ID22500,0
ID22501,0
ID22502,0
ID22503,0
ID22504,0
ID22505,0
ID22506,0
ID22507,0
ID22508,0
ID22509,0
ID22510,0
ID22511,0
ID22512,1
ID22513,0
ID22514,0
ID22515,0
ID22516,0
ID22517,1
ID22518,0
ID22519,0
ID22520,0
ID22521,0
ID22522,0
ID22523,0
ID22524,0
ID22525,0
ID22526,0
ID22527,0
ID22528,0
ID22529,0
ID22530,0
ID22531,0
ID22532,0
ID22533,0
ID22534,0
ID22535,0
ID22536,0
ID22537,0
ID22538,0
ID22539,0
ID22540,0
ID22541,0
ID22542,0
ID22543,0
ID22544,0
ID22545,0
ID22546,0
ID22547,0
ID22548,0
ID22549,0
ID22550,0
ID22551,0
ID22552,1
ID22553,0
ID22554,0
ID22555,0
ID22556,0
ID22557,1
ID22558,0
ID22559,0
ID22560,0
ID22561,0
ID22562,0
ID22563,0
ID22564,0
ID22565,0
ID22566,0
ID22567,0
ID22568,0
ID22569,0
ID22570,0
ID22571,0
ID22572,0
ID22573,0
ID22574,0
ID22575,0
ID22576,0
ID22577,0
ID22578,0
ID22579,0
ID22580,0
ID22581,0
ID22582,0
ID22583,0
ID22584,0
ID22585,0
ID22586,0
ID22587,0
ID22588,0
ID22589,0
ID22590,0
ID22591,0
ID22592,0
ID22593,0
ID22594,0
ID22595,0
ID22596,0
ID22597,0
ID22598,0
ID22599,0
ID22600,0
ID22601,0
ID22602,0
ID22603,0
ID22604,0
ID22605,0
ID22606,0
ID22607,1
ID22608,0
ID22609,0
ID22610,0
ID22611,0
ID22612,0
ID22613,0
ID22614,0
ID22615,0
ID22616,0
ID22617,0
ID22618,0
ID22619,0
ID22620,0
ID22621,0
ID22622,1
ID22623,0
ID22624,1
ID22625,0
ID22626,0
ID22627,0
ID22628,0
ID22629,0
ID22630,0
ID22631,1
ID22632,0
ID22633,0
ID22634,0
ID22635,0
ID22636,0
ID22637,0
ID22638,0
ID22639,0
ID22640,0
ID22641,0
ID22642,0
ID22643,0
ID22644,0
ID22645,0
ID22646,0
ID22647,0
ID22648,0
ID22649,1
ID22650,0
ID22651,0
ID22652,0
ID22653,0
ID22654,0
ID22655,0
ID22656,0
ID22657,0
ID22658,0
ID22659,0
ID22660,0
ID22661,0
ID22662,0
ID22663,0
ID22664,0
ID22665,0
ID22666,1
ID22667,0
ID22668,0
ID22669,0
ID22670,0
ID22671,0
ID22672,0
ID22673,0
ID22674,0
ID22675,0
ID22676,0
ID22677,0
ID22678,0
ID22679,0
ID22680,0
ID22681,1
ID22682,0
ID22683,0
ID22684,0
ID22685,0
ID22686,0
ID22687,0
ID22688,0
ID22689,0
ID22690,0
ID22691,0
ID22692,0
ID22693,0
ID22694,0
ID22695,0
ID22696,0
ID22697,0
ID22698,0
ID22699,0
ID22700,0
ID22701,0
ID22702,0
ID22703,1
ID22704,1
ID22705,0
ID22706,0
ID22707,0
ID22708,0
ID22709,0
ID22710,1
ID22711,0
ID22712,0
ID22713,0
ID22714,0
ID22715,0
ID22716,0
ID22717,0
ID22718,0
ID22719,0
ID22720,0
ID22721,0
ID22722,0
ID22723,0
ID22724,0
ID22725,0
ID22726,0
ID22727,0
ID22728,0
ID22729,0
ID22730,0
ID22731,0
ID22732,0
ID22733,0
ID22734,1
ID22735,0
ID22736,0
ID22737,0
ID22738,0
ID22739,0
ID22740,0
ID22741,0
ID22742,0
ID22743,0
ID22744,0
ID22745,0
ID22746,0
ID22747,0
ID22748,0
ID22749,0
ID22750,0
ID22751,0
ID22752,0
ID22753,0
ID22754,0
ID22755,0
ID22756,0
ID22757,0
ID22758,0
ID22759,0
ID22760,0
ID22761,0
ID22762,1
ID22763,1
ID22764,0
ID22765,0
ID22766,0
ID22767,0
ID22768,0
ID22769,0
ID22770,0
ID22771,0
ID22772,0
ID22773,0
ID22774,0
ID22775,1
ID22776,0
ID22777,0
ID22778,0
ID22779,0
ID22780,0
ID22781,0
ID22782,0
ID22783,0
ID22784,0
ID22785,0
ID22786,0
ID22787,0
ID22788,0
ID22789,0
ID22790,0
ID22791,0
ID22792,0
ID22793,0
ID22794,0
ID22795,0
ID22796,0
ID22797,0
ID22798,0
ID22799,0
ID22800,0
ID22801,0
ID22802,0
ID22803,0
ID22804,0
ID22805,0
ID22806,0
ID22807,1
ID22808,0
ID22809,0
ID22810,0
ID22811,0
ID22812,0
ID22813,0
ID22814,0
ID22815,0
ID22816,0
ID22817,0
ID22818,0
ID22819,0
ID22820,0
ID22821,0
ID22822,0
ID22823,0
ID22824,0
ID22825,0
ID22826,0
ID22827,0
ID22828,0
ID22829,0
ID22830,0
ID22831,0
ID22832,0
ID22833,0
ID22834,0
ID22835,0
ID22836,0
ID22837,0
ID22838,0
ID22839,0
ID22840,0
ID22841,0
ID22842,0
ID22843,1
ID22844,0
ID22845,0
ID22846,0
ID22847,0
ID22848,0
ID22849,0
ID22850,0
ID22851,0
ID22852,0
ID22853,0
ID22854,0
ID22855,0
ID22856,0
ID22857,0
ID22858,0
ID22859,1
ID22860,0
ID22861,0
ID22862,0
ID22863,0
ID22864,0
ID22865,0
ID22866,0
ID22867,0
ID22868,0
ID22869,0
ID22870,0
ID22871,0
ID22872,1
ID22873,0
ID22874,0
ID22875,0
ID22876,1
ID22877,0
ID22878,0
ID22879,0
ID22880,0
ID22881,0
ID22882,0
ID22883,0
ID22884,0
ID22885,0
ID22886,0
ID22887,0
ID22888,0
ID22889,0
ID22890,0
ID22891,0
ID22892,0
ID22893,0
ID22894,0
ID22895,0
ID22896,0
ID22897,0
ID22898,0
ID22899,0
ID22900,0
ID22901,0
ID22902,0
ID22903,0
ID22904,0
ID22905,0
ID22906,0
ID22907,1
ID22908,0
ID22909,0
ID22910,0
ID22911,0
ID22912,0
ID22913,0
ID22914,0
ID22915,0
ID22916,0
ID22917,0
ID22918,0
ID22919,0
ID22920,0
ID22921,0
ID22922,0
ID22923,0
ID22924,0
ID22925,0
ID22926,0
ID22927,0
ID22928,0
ID22929,0
ID22930,0
ID22931,0
ID22932,0
ID22933,0
ID22934,1
ID22935,1
ID22936,0
ID22937,0
ID22938,0
ID22939,0
ID22940,0
ID22941,0
ID22942,0
ID22943,0
ID22944,0
ID22945,0
ID22946,0
ID22947,0
ID22948,0
ID22949,0
ID22950,0
ID22951,0
ID22952,0
ID22953,0
ID22954,0
ID22955,0
ID22956,0
ID22957,0
ID22958,0
ID22959,0
ID22960,0
ID22961,1
ID22962,1
ID22963,0
ID22964,0
ID22965,0
ID22966,0
ID22967,0
ID22968,0
ID22969,0
ID22970,0
ID22971,0
ID22972,0
ID22973,0
ID22974,0
ID22975,0
ID22976,0
ID22977,0
ID22978,0
ID22979,0
ID22980,0
ID22981,0
ID22982,0
ID22983,0
ID22984,0
ID22985,0
ID22986,0
ID22987,0
ID22988,0
ID22989,0
ID22990,0
ID22991,0
ID22992,0
ID22993,0
ID22994,0
ID22995,0
ID22996,0
ID22997,0
ID22998,0
ID22999,0
ID23000,0
ID23001,0
ID23002,0
ID23003,0
ID23004,0
ID23005,0
ID23006,0
ID23007,0
ID23008,0
ID23009,0
ID23010,0
ID23011,0
ID23012,0
ID23013,0
ID23014,0
ID23015,0
ID23016,0
ID23017,0
ID23018,0
ID23019,0
ID23020,0
ID23021,0
ID23022,0
ID23023,0
ID23024,0
ID23025,0
ID23026,0
ID23027,0
ID23028,0
ID23029,0
ID23030,0
ID23031,0
ID23032,0
ID23033,0
ID23034,0
ID23035,0
ID23036,0
ID23037,0
ID23038,0
ID23039,0
ID23040,0
ID23041,1
ID23042,0
ID23043,0
ID23044,0
ID23045,0
ID23046,0
ID23047,0
ID23048,0
ID23049,0
ID23050,0
ID23051,0
ID23052,0
ID23053,0
ID23054,0
ID23055,0
ID23056,0
ID23057,0
ID23058,0
ID23059,0
ID23060,0
ID23061,0
ID23062,0
ID23063,0
ID23064,0
ID23065,0
ID23066,0
ID23067,0
ID23068,0
ID23069,0
ID23070,0
ID23071,0
ID23072,0
ID23073,0
ID23074,0
ID23075,0
ID23076,0
ID23077,0
ID23078,0
ID23079,0
ID23080,0
ID23081,0
ID23082,0
ID23083,0
ID23084,0
ID23085,0
ID23086,0
ID23087,0
ID23088,0
ID23089,0
ID23090,0
ID23091,1
ID23092,0
ID23093,0
ID23094,0
ID23095,0
ID23096,0
ID23097,0
ID23098,0
ID23099,0
ID23100,1
ID23101,0
ID23102,1
ID23103,0
ID23104,0
ID23105,0
ID23106,0
ID23107,0
ID23108,0
ID23109,0
ID23110,0
ID23111,1
ID23112,0
ID23113,0
ID23114,0
ID23115,0
ID23116,0
ID23117,0
ID23118,0
ID23119,0
ID23120,0
ID23121,0
ID23122,0
ID23123,0
ID23124,0
ID23125,0
ID23126,0
ID23127,0
ID23128,0
ID23129,0
ID23130,0
ID23131,0
ID23132,0
ID23133,0
ID23134,0
ID23135,0
ID23136,0
ID23137,0
ID23138,1
ID23139,0
ID23140,0
ID23141,0
ID23142,0
ID23143,0
ID23144,0
ID23145,0
ID23146,0
ID23147,0
ID23148,0
ID23149,0
ID23150,0
ID23151,0
ID23152,0
ID23153,0
ID23154,0
ID23155,0
ID23156,0
ID23157,1
ID23158,1
ID23159,0
ID23160,0
ID23161,0
ID23162,0
ID23163,0
ID23164,0
ID23165,0
ID23166,0
ID23167,0
ID23168,0
ID23169,0
ID23170,0
ID23171,0
ID23172,0
ID23173,0
ID23174,0
ID23175,0
ID23176,1
ID23177,0
ID23178,0
ID23179,0
ID23180,0
ID23181,0
ID23182,0
ID23183,0
ID23184,1
ID23185,0
ID23186,0
ID23187,0
ID23188,0
ID23189,0
ID23190,0
ID23191,1
ID23192,1
ID23193,0
ID23194,0
ID23195,0
ID23196,0
ID23197,0
ID23198,0
ID23199,1
ID23200,0
ID23201,0
ID23202,0
ID23203,1
ID23204,0
ID23205,0
ID23206,0
ID23207,0
ID23208,0
ID23209,0
ID23210,0
ID23211,0
ID23212,0
ID23213,0
ID23214,1
ID23215,0
ID23216,0
ID23217,0
ID23218,0
ID23219,1
ID23220,0
ID23221,0
ID23222,0
ID23223,0
ID23224,0
ID23225,0
ID23226,1
ID23227,0
ID23228,1
ID23229,0
ID23230,0
ID23231,0
ID23232,0
ID23233,0
ID23234,0
ID23235,0
ID23236,0
ID23237,0
ID23238,0
ID23239,0
ID23240,0
ID23241,0
ID23242,0
ID23243,0
ID23244,0
ID23245,0
ID23246,0
ID23247,0
ID23248,0
ID23249,1
ID23250,0
ID23251,0
ID23252,0
ID23253,0
ID23254,1
ID23255,0
ID23256,0
ID23257,0
ID23258,0
ID23259,0
ID23260,0
ID23261,0
ID23262,0
ID23263,0
ID23264,0
ID23265,0
ID23266,0
ID23267,0
ID23268,0
ID23269,0
ID23270,0
ID23271,1
ID23272,0
ID23273,0
ID23274,0
ID23275,0
ID23276,0
ID23277,0
ID23278,0
ID23279,0
ID23280,0
ID23281,0
ID23282,0
ID23283,0
ID23284,0
ID23285,0
ID23286,0
ID23287,0
ID23288,1
ID23289,0
ID23290,0
ID23291,1
ID23292,1
ID23293,0
ID23294,0
ID23295,0
ID23296,0
ID23297,0
ID23298,0
ID23299,1
ID23300,0
ID23301,0
ID23302,0
ID23303,0
ID23304,0
ID23305,0
ID23306,0
ID23307,0
ID23308,0
ID23309,0
ID23310,0
ID23311,0
ID23312,0
ID23313,0
ID23314,0
ID23315,0
ID23316,0
ID23317,1
ID23318,0
ID23319,0
ID23320,0
ID23321,0
ID23322,0
ID23323,0
ID23324,0
ID23325,0
ID23326,0
ID23327,0
ID23328,0
ID23329,0
ID23330,0
ID23331,0
ID23332,0
ID23333,0
ID23334,0
ID23335,0
ID23336,0
ID23337,0
ID23338,0
ID23339,1
ID23340,0
ID23341,1
ID23342,0
ID23343,1
ID23344,0
ID23345,0
ID23346,0
ID23347,0
ID23348,0
ID23349,0
ID23350,0
ID23351,0
ID23352,0
ID23353,0
ID23354,0
ID23355,0
ID23356,0
ID23357,0
ID23358,0
ID23359,0
ID23360,0
ID23361,0
ID23362,0
ID23363,0
ID23364,0
ID23365,0
ID23366,0
ID23367,0
ID23368,0
ID23369,0
ID23370,0
ID23371,0
ID23372,0
ID23373,0
ID23374,0
ID23375,0
ID23376,0
ID23377,0
ID23378,0
ID23379,1
ID23380,0
ID23381,1
ID23382,0
ID23383,0
ID23384,0
ID23385,0
ID23386,0
ID23387,0
ID23388,0
ID23389,0
ID23390,0
ID23391,0
ID23392,0
ID23393,0
ID23394,0
ID23395,0
ID23396,0
ID23397,0
ID23398,0
ID23399,0
ID23400,0
ID23401,0
ID23402,0
ID23403,0
ID23404,0
ID23405,0
ID23406,0
ID23407,0
ID23408,0
ID23409,0
ID23410,1
ID23411,0
ID23412,0
ID23413,0
ID23414,0
ID23415,0
ID23416,0
ID23417,0
ID23418,0
ID23419,0
ID23420,0
ID23421,0
ID23422,0
ID23423,0
ID23424,0
ID23425,0
ID23426,0
ID23427,0
ID23428,0
ID23429,0
ID23430,0
ID23431,0
ID23432,0
ID23433,0
ID23434,0
ID23435,0
ID23436,0
ID23437,0
ID23438,0
ID23439,0
ID23440,0
ID23441,1
ID23442,0
ID23443,0
ID23444,0
ID23445,0
ID23446,0
ID23447,0
ID23448,0
ID23449,0
ID23450,0
ID23451,0
ID23452,0
ID23453,1
ID23454,0
ID23455,0
ID23456,0
ID23457,0
ID23458,0
ID23459,0
ID23460,0
ID23461,1
ID23462,0
ID23463,0
ID23464,0
ID23465,0
ID23466,0
ID23467,0
ID23468,0
ID23469,0
ID23470,0
ID23471,0
ID23472,0
ID23473,0
ID23474,0
ID23475,0
ID23476,0
ID23477,0
ID23478,0
ID23479,0
ID23480,0
ID23481,0
ID23482,0
ID23483,0
ID23484,0
ID23485,0
ID23486,0
ID23487,0
ID23488,0
ID23489,0
ID23490,0
ID23491,0
ID23492,0
ID23493,0
ID23494,0
ID23495,1
ID23496,0
ID23497,0
ID23498,0
ID23499,0
ID23500,0
ID23501,0
ID23502,0
ID23503,0
ID23504,0
ID23505,0
ID23506,0
ID23507,0
ID23508,0
ID23509,0
ID23510,0
ID23511,0
ID23512,0
ID23513,0
ID23514,0
ID23515,0
ID23516,0
ID23517,0
ID23518,1
ID23519,0
ID23520,0
ID23521,0
ID23522,0
ID23523,1
ID23524,0
ID23525,0
ID23526,0
ID23527,0
ID23528,0
ID23529,1
ID23530,0
ID23531,0
ID23532,0
ID23533,0
ID23534,0
ID23535,1
ID23536,0
ID23537,0
ID23538,0
ID23539,0
ID23540,0
ID23541,0
ID23542,0
ID23543,0
ID23544,0
ID23545,0
ID23546,0
ID23547,0
ID23548,0
ID23549,0
ID23550,0
ID23551,0
ID23552,0
ID23553,0
ID23554,0
ID23555,0
ID23556,0
ID23557,0
ID23558,0
ID23559,0
ID23560,0
ID23561,0
ID23562,0
ID23563,0
ID23564,1
ID23565,0
ID23566,0
ID23567,0
ID23568,0
ID23569,0
ID23570,0
ID23571,1
ID23572,0
ID23573,0
ID23574,0
ID23575,0
ID23576,0
ID23577,0
ID23578,0
ID23579,0
ID23580,0
ID23581,0
ID23582,0
ID23583,0
ID23584,0
ID23585,0
ID23586,0
ID23587,0
ID23588,0
ID23589,0
ID23590,0
ID23591,0
ID23592,0
ID23593,1
ID23594,0
ID23595,0
ID23596,0
ID23597,0
ID23598,0
ID23599,0
ID23600,0
ID23601,0
ID23602,1
ID23603,0
ID23604,0
ID23605,0
ID23606,0
ID23607,0
ID23608,0
ID23609,0
ID23610,0
ID23611,0
ID23612,0
ID23613,0
ID23614,0
ID23615,0
ID23616,0
ID23617,0
ID23618,0
ID23619,0
ID23620,0
ID23621,0
ID23622,0
ID23623,0
ID23624,0
ID23625,0
ID23626,0
ID23627,0
ID23628,0
ID23629,0
ID23630,0
ID23631,0
ID23632,0
ID23633,0
ID23634,0
ID23635,1
ID23636,0
ID23637,0
ID23638,0
ID23639,1
ID23640,0
ID23641,0
ID23642,0
ID23643,0
ID23644,0
ID23645,0
ID23646,0
ID23647,0
ID23648,0
ID23649,0
ID23650,0
ID23651,0
ID23652,0
ID23653,1
ID23654,0
ID23655,0
ID23656,0
ID23657,0
ID23658,0
ID23659,1
ID23660,0
ID23661,0
ID23662,0
ID23663,0
ID23664,0
ID23665,0
ID23666,1
ID23667,0
ID23668,0
ID23669,0
ID23670,0
ID23671,0
ID23672,0
ID23673,0
ID23674,0
ID23675,0
ID23676,0
ID23677,0
ID23678,0
ID23679,0
ID23680,0
ID23681,0
ID23682,0
ID23683,0
ID23684,0
ID23685,0
ID23686,0
ID23687,0
ID23688,0
ID23689,0
ID23690,0
ID23691,0
ID23692,0
ID23693,0
ID23694,0
ID23695,0
ID23696,0
ID23697,0
ID23698,0
ID23699,0
ID23700,0
ID23701,1
ID23702,0
ID23703,1
ID23704,0
ID23705,0
ID23706,0
ID23707,0
ID23708,0
ID23709,0
ID23710,0
ID23711,0
ID23712,0
ID23713,0
ID23714,0
ID23715,0
ID23716,0
ID23717,0
ID23718,0
ID23719,0
ID23720,0
ID23721,0
ID23722,0
ID23723,0
ID23724,0
ID23725,0
ID23726,0
ID23727,0
ID23728,0
ID23729,0
ID23730,0
ID23731,0
ID23732,0
ID23733,0
ID23734,0
ID23735,0
ID23736,0
ID23737,1
ID23738,0
ID23739,0
ID23740,0
ID23741,1
ID23742,0
ID23743,0
ID23744,0
ID23745,1
ID23746,0
ID23747,0
ID23748,0
ID23749,0
ID23750,0
ID23751,0
ID23752,0
ID23753,0
ID23754,0
ID23755,0
ID23756,0
ID23757,0
ID23758,0
ID23759,0
ID23760,0
ID23761,0
ID23762,0
ID23763,0
ID23764,0
ID23765,0
ID23766,0
ID23767,0
ID23768,0
ID23769,0
ID23770,0
ID23771,0
ID23772,0
ID23773,0
ID23774,0
ID23775,0
ID23776,0
ID23777,0
ID23778,0
ID23779,0
ID23780,0
ID23781,0
ID23782,0
ID23783,0
ID23784,0
ID23785,0
ID23786,0
ID23787,0
ID23788,0
ID23789,0
ID23790,0
ID23791,0
ID23792,0
ID23793,0
ID23794,1
ID23795,0
ID23796,0
ID23797,0
ID23798,0
ID23799,1
ID23800,0
ID23801,0
ID23802,0
ID23803,0
ID23804,0
ID23805,0
ID23806,0
ID23807,0
ID23808,0
ID23809,0
ID23810,0
ID23811,0
ID23812,0
ID23813,0
ID23814,0
ID23815,0
ID23816,0
ID23817,0
ID23818,0
ID23819,0
ID23820,0
ID23821,0
ID23822,0
ID23823,0
ID23824,0
ID23825,0
ID23826,0
ID23827,0
ID23828,0
ID23829,0
ID23830,0
ID23831,0
ID23832,0
ID23833,0
ID23834,0
ID23835,0
ID23836,0
ID23837,0
ID23838,0
ID23839,0
ID23840,0
ID23841,0
ID23842,0
ID23843,0
ID23844,0
ID23845,0
ID23846,1
ID23847,0
ID23848,0
ID23849,0
ID23850,0
ID23851,1
ID23852,0
ID23853,0
ID23854,0
ID23855,0
ID23856,0
ID23857,0
ID23858,0
ID23859,0
ID23860,0
ID23861,0
ID23862,0
ID23863,0
ID23864,0
ID23865,0
ID23866,0
ID23867,0
ID23868,0
ID23869,0
ID23870,0
ID23871,0
ID23872,0
ID23873,0
ID23874,0
ID23875,0
ID23876,0
ID23877,0
ID23878,1
ID23879,0
ID23880,0
ID23881,0
ID23882,0
ID23883,0
ID23884,0
ID23885,0
ID23886,0
ID23887,0
ID23888,0
ID23889,0
ID23890,0
ID23891,0
ID23892,0
ID23893,0
ID23894,0
ID23895,0
ID23896,0
ID23897,1
ID23898,0
ID23899,0
ID23900,0
ID23901,0
ID23902,0
ID23903,0
ID23904,0
ID23905,0
ID23906,0
ID23907,0
ID23908,0
ID23909,0
ID23910,0
ID23911,0
ID23912,0
ID23913,0
ID23914,0
ID23915,0
ID23916,0
ID23917,0
ID23918,0
ID23919,1
ID23920,0
ID23921,0
ID23922,0
ID23923,0
ID23924,0
ID23925,0
ID23926,0
ID23927,0
ID23928,1
ID23929,0
ID23930,0
ID23931,0
ID23932,0
ID23933,0
ID23934,0
ID23935,0
ID23936,0
ID23937,0
ID23938,0
ID23939,0
ID23940,0
ID23941,0
ID23942,1
ID23943,0
ID23944,0
ID23945,0
ID23946,0
ID23947,0
ID23948,0
ID23949,0
ID23950,1
ID23951,0
ID23952,0
ID23953,0
ID23954,0
ID23955,0
ID23956,0
ID23957,0
ID23958,0
ID23959,0
ID23960,0
ID23961,0
ID23962,0
ID23963,0
ID23964,0
ID23965,0
ID23966,1
ID23967,0
ID23968,0
ID23969,0
ID23970,0
ID23971,0
ID23972,0
ID23973,0
ID23974,0
ID23975,0
ID23976,0
ID23977,0
ID23978,0
ID23979,0
ID23980,0
ID23981,0
ID23982,0
ID23983,0
ID23984,0
ID23985,0
ID23986,0
ID23987,0
ID23988,0
ID23989,0
ID23990,0
ID23991,0
ID23992,1
ID23993,0
ID23994,0
ID23995,0
ID23996,0
ID23997,0
ID23998,0
ID23999,0
ID24000,0
ID24001,0
ID24002,0
ID24003,1
ID24004,0
ID24005,0
ID24006,0
ID24007,0
ID24008,0
ID24009,0
ID24010,0
ID24011,0
ID24012,0
ID24013,0
ID24014,0
ID24015,0
ID24016,0
ID24017,0
ID24018,0
ID24019,0
ID24020,0
ID24021,0
ID24022,0
ID24023,0
ID24024,0
ID24025,0
ID24026,1
ID24027,0
ID24028,0
ID24029,0
ID24030,0
ID24031,0
ID24032,0
ID24033,0
ID24034,0
ID24035,0
ID24036,0
ID24037,0
ID24038,0
ID24039,0
ID24040,0
ID24041,0
ID24042,0
ID24043,0
ID24044,0
ID24045,1
ID24046,0
ID24047,0
ID24048,0
ID24049,0
ID24050,0
ID24051,0
ID24052,1
ID24053,0
ID24054,0
ID24055,0
ID24056,0
ID24057,0
ID24058,0
ID24059,0
ID24060,1
ID24061,0
ID24062,0
ID24063,0
ID24064,0
ID24065,1
ID24066,0
ID24067,0
ID24068,0
ID24069,0
ID24070,0
ID24071,0
ID24072,0
ID24073,1
ID24074,0
ID24075,0
ID24076,0
ID24077,0
ID24078,0
ID24079,1
ID24080,0
ID24081,0
ID24082,0
ID24083,0
ID24084,0
ID24085,0
ID24086,0
ID24087,0
ID24088,0
ID24089,0
ID24090,0
ID24091,0
ID24092,1
ID24093,0
ID24094,0
ID24095,0
ID24096,0
ID24097,0
ID24098,1
ID24099,1
ID24100,0
ID24101,0
ID24102,0
ID24103,0
ID24104,0
ID24105,0
ID24106,0
ID24107,0
ID24108,0
ID24109,0
ID24110,0
ID24111,0
ID24112,0
ID24113,0
ID24114,0
ID24115,0
ID24116,0
ID24117,0
ID24118,0
ID24119,0
ID24120,0
ID24121,0
ID24122,0
ID24123,0
ID24124,0
ID24125,0
ID24126,0
ID24127,0
ID24128,0
ID24129,0
ID24130,0
ID24131,0
ID24132,0
ID24133,0
ID24134,0
ID24135,0
ID24136,0
ID24137,0
ID24138,0
ID24139,0
ID24140,0
ID24141,0
ID24142,0
ID24143,0
ID24144,1
ID24145,0
ID24146,0
ID24147,0
ID24148,0
ID24149,0
ID24150,0
ID24151,0
ID24152,0
ID24153,0
ID24154,0
ID24155,0
ID24156,0
ID24157,0
ID24158,0
ID24159,0
ID24160,0
ID24161,1
ID24162,1
ID24163,0
ID24164,0
ID24165,0
ID24166,0
ID24167,0
ID24168,0
ID24169,0
ID24170,0
ID24171,0
ID24172,0
ID24173,0
ID24174,1
ID24175,0
ID24176,0
ID24177,0
ID24178,0
ID24179,0
ID24180,0
ID24181,0
ID24182,0
ID24183,0
ID24184,0
ID24185,0
ID24186,0
ID24187,0
ID24188,0
ID24189,0
ID24190,0
ID24191,0
ID24192,0
ID24193,0
ID24194,0
ID24195,0
ID24196,0
ID24197,0
ID24198,0
ID24199,0
ID24200,0
ID24201,1
ID24202,1
ID24203,0
ID24204,0
ID24205,0
ID24206,0
ID24207,0
ID24208,0
ID24209,0
ID24210,0
ID24211,0
ID24212,0
ID24213,0
ID24214,0
ID24215,0
ID24216,0
ID24217,1
ID24218,0
ID24219,0
ID24220,0
ID24221,0
ID24222,0
ID24223,0
ID24224,0
ID24225,0
ID24226,1
ID24227,0
ID24228,0
ID24229,0
ID24230,0
ID24231,0
ID24232,0
ID24233,0
ID24234,0
ID24235,0
ID24236,0
ID24237,0
ID24238,0
ID24239,0
ID24240,0
ID24241,0
ID24242,0
ID24243,0
ID24244,0
ID24245,0
ID24246,1
ID24247,0
ID24248,0
ID24249,1
ID24250,0
ID24251,0
ID24252,0
ID24253,0
ID24254,0
ID24255,0
ID24256,1
ID24257,0
ID24258,0
ID24259,0
ID24260,0
ID24261,0
ID24262,0
ID24263,1
ID24264,0
ID24265,0
ID24266,0
ID24267,1
ID24268,0
ID24269,0
ID24270,0
ID24271,0
ID24272,0
ID24273,0
ID24274,0
ID24275,0
ID24276,0
ID24277,0
ID24278,0
ID24279,0
ID24280,0
ID24281,0
ID24282,0
ID24283,0
ID24284,0
ID24285,0
ID24286,0
ID24287,0
ID24288,0
ID24289,0
ID24290,0
ID24291,0
ID24292,0
ID24293,0
ID24294,0
ID24295,0
ID24296,0
ID24297,0
ID24298,0
ID24299,0
ID24300,0
ID24301,0
ID24302,1
ID24303,0
ID24304,0
ID24305,0
ID24306,0
ID24307,0
ID24308,0
ID24309,1
ID24310,0
ID24311,0
ID24312,0
ID24313,0
ID24314,0
ID24315,1
ID24316,0
ID24317,0
ID24318,0
ID24319,0
ID24320,0
ID24321,0
ID24322,0
ID24323,0
ID24324,0
ID24325,0
ID24326,0
ID24327,0
ID24328,0
ID24329,1
ID24330,0
ID24331,0
ID24332,1
ID24333,1
ID24334,0
ID24335,0
ID24336,0
ID24337,0
ID24338,0
ID24339,0
ID24340,0
ID24341,0
ID24342,0
ID24343,0
ID24344,0
ID24345,0
ID24346,0
ID24347,0
ID24348,0
ID24349,0
ID24350,0
ID24351,0
ID24352,0
ID24353,0
ID24354,0
ID24355,0
ID24356,0
ID24357,0
ID24358,0
ID24359,0
ID24360,0
ID24361,0
ID24362,0
ID24363,0
ID24364,0
ID24365,0
ID24366,0
ID24367,0
ID24368,0
ID24369,0
ID24370,0
ID24371,0
ID24372,0
ID24373,0
ID24374,0
ID24375,0
ID24376,0
ID24377,0
ID24378,0
ID24379,0
ID24380,1
ID24381,0
ID24382,0
ID24383,0
ID24384,1
ID24385,0
ID24386,0
ID24387,0
ID24388,0
ID24389,0
ID24390,0
ID24391,0
ID24392,0
ID24393,0
ID24394,0
ID24395,0
ID24396,0
ID24397,0
ID24398,0
ID24399,0
ID24400,0
ID24401,0
ID24402,0
ID24403,0
ID24404,1
ID24405,0
ID24406,0
ID24407,0
ID24408,0
ID24409,0
ID24410,0
ID24411,0
ID24412,0
ID24413,0
ID24414,0
ID24415,0
ID24416,0
ID24417,1
ID24418,0
ID24419,0
ID24420,0
ID24421,0
ID24422,0
ID24423,0
ID24424,0
ID24425,0
ID24426,0
ID24427,0
ID24428,0
ID24429,0
ID24430,0
ID24431,0
ID24432,0
ID24433,0
ID24434,0
ID24435,0
ID24436,0
ID24437,0
ID24438,1
ID24439,0
ID24440,0
ID24441,0
ID24442,1
ID24443,0
ID24444,0
ID24445,0
ID24446,0
ID24447,0
ID24448,0
ID24449,0
ID24450,0
ID24451,0
ID24452,0
ID24453,0
ID24454,0
ID24455,1
ID24456,0
ID24457,0
ID24458,1
ID24459,0
ID24460,0
ID24461,0
ID24462,0
ID24463,0
ID24464,0
ID24465,0
ID24466,0
ID24467,1
ID24468,0
ID24469,0
ID24470,0
ID24471,0
ID24472,0
ID24473,0
ID24474,0
ID24475,0
ID24476,0
ID24477,0
ID24478,0
ID24479,0
ID24480,0
ID24481,0
ID24482,0
ID24483,0
ID24484,0
ID24485,0
ID24486,0
ID24487,0
ID24488,0
ID24489,0
ID24490,0
ID24491,0
ID24492,0
ID24493,0
ID24494,0
ID24495,0
ID24496,0
ID24497,0
ID24498,0
ID24499,0
ID24500,1
ID24501,0
ID24502,0
ID24503,0
ID24504,0
ID24505,0
ID24506,0
ID24507,0
ID24508,0
ID24509,0
ID24510,1
ID24511,0
ID24512,0
ID24513,0
ID24514,0
ID24515,0
ID24516,0
ID24517,0
ID24518,0
ID24519,1
ID24520,0
ID24521,0
ID24522,0
ID24523,0
ID24524,0
ID24525,0
ID24526,0
ID24527,0
ID24528,0
ID24529,1
ID24530,0
ID24531,0
ID24532,0
ID24533,0
ID24534,0
ID24535,0
ID24536,0
ID24537,0
ID24538,0
ID24539,0
ID24540,0
ID24541,0
ID24542,0
ID24543,0
ID24544,0
ID24545,0
ID24546,0
ID24547,1
ID24548,0
ID24549,0
ID24550,0
ID24551,0
ID24552,0
ID24553,0
ID24554,0
ID24555,0
ID24556,0
ID24557,0
ID24558,0
ID24559,0
ID24560,0
ID24561,0
ID24562,0
ID24563,0
ID24564,0
ID24565,0
ID24566,0
ID24567,0
ID24568,0
ID24569,0
ID24570,0
ID24571,0
ID24572,0
ID24573,0
ID24574,0
ID24575,0
ID24576,0
ID24577,0
ID24578,0
ID24579,0
ID24580,1
ID24581,0
ID24582,0
ID24583,0
ID24584,0
ID24585,0
ID24586,0
ID24587,0
ID24588,0
ID24589,0
ID24590,0
ID24591,0
ID24592,0
ID24593,1
ID24594,0
ID24595,0
ID24596,0
ID24597,0
ID24598,0
ID24599,0
ID24600,0
ID24601,0
ID24602,0
ID24603,0
ID24604,0
ID24605,1
ID24606,0
ID24607,0
ID24608,0
ID24609,0
ID24610,0
ID24611,0
ID24612,0
ID24613,0
ID24614,0
ID24615,0
ID24616,0
ID24617,0
ID24618,0
ID24619,0
ID24620,0
ID24621,0
ID24622,0
ID24623,0
ID24624,0
ID24625,0
ID24626,0
ID24627,0
ID24628,0
ID24629,0
ID24630,0
ID24631,0
ID24632,0
ID24633,0
ID24634,0
ID24635,0
ID24636,0
ID24637,0
ID24638,0
ID24639,0
ID24640,1
ID24641,0
ID24642,0
ID24643,0
ID24644,0
ID24645,0
ID24646,1
ID24647,0
ID24648,0
ID24649,0
ID24650,0
ID24651,0
ID24652,0
ID24653,0
ID24654,0
ID24655,0
ID24656,0
ID24657,0
ID24658,0
ID24659,0
ID24660,0
ID24661,0
ID24662,0
ID24663,0
ID24664,0
ID24665,0
ID24666,0
ID24667,0
ID24668,0
ID24669,0
ID24670,0
ID24671,0
ID24672,0
ID24673,0
ID24674,0
ID24675,0
ID24676,0
ID24677,0
ID24678,0
ID24679,0
ID24680,0
ID24681,0
ID24682,0
ID24683,0
ID24684,1
ID24685,0
ID24686,0
ID24687,0
ID24688,0
ID24689,0
ID24690,0
ID24691,1
ID24692,0
ID24693,1
ID24694,0
ID24695,0
ID24696,0
ID24697,0
ID24698,0
ID24699,0
ID24700,0
ID24701,0
ID24702,0
ID24703,1
ID24704,0
ID24705,0
ID24706,0
ID24707,0
ID24708,0
ID24709,0
ID24710,0
ID24711,0
ID24712,0
ID24713,0
ID24714,0
ID24715,0
ID24716,0
ID24717,0
ID24718,0
ID24719,0
ID24720,0
ID24721,0
ID24722,0
ID24723,0
ID24724,0
ID24725,1
ID24726,0
ID24727,0
ID24728,0
ID24729,0
ID24730,0
ID24731,0
ID24732,0
ID24733,0
ID24734,0
ID24735,0
ID24736,1
ID24737,0
ID24738,0
ID24739,0
ID24740,0
ID24741,0
ID24742,0
ID24743,1
ID24744,1
ID24745,0
ID24746,0
ID24747,0
ID24748,0
ID24749,0
ID24750,0
ID24751,0
ID24752,1
ID24753,0
ID24754,0
ID24755,0
ID24756,0
ID24757,0
ID24758,0
ID24759,0
ID24760,0
ID24761,0
ID24762,0
ID24763,0
ID24764,0
ID24765,0
ID24766,0
ID24767,1
ID24768,0
ID24769,0
ID24770,0
ID24771,0
ID24772,0
ID24773,0
ID24774,0
ID24775,0
ID24776,0
ID24777,0
ID24778,0
ID24779,0
ID24780,0
ID24781,0
ID24782,0
ID24783,0
ID24784,0
ID24785,0
ID24786,0
ID24787,0
ID24788,0
ID24789,0
ID24790,0
ID24791,0
ID24792,0
ID24793,0
ID24794,0
ID24795,0
ID24796,0
ID24797,0
ID24798,0
ID24799,0
ID24800,0
ID24801,0
ID24802,0
ID24803,0
ID24804,0
ID24805,0
ID24806,0
ID24807,0
ID24808,0
ID24809,0
ID24810,0
ID24811,0
ID24812,0
ID24813,0
ID24814,0
ID24815,0
ID24816,0
ID24817,0
ID24818,0
ID24819,0
ID24820,0
ID24821,0
ID24822,0
ID24823,0
ID24824,0
ID24825,0
ID24826,0
ID24827,0
ID24828,0
ID24829,0
ID24830,0
ID24831,0
ID24832,0
ID24833,0
ID24834,0
ID24835,0
ID24836,0
ID24837,0
ID24838,0
ID24839,0
ID24840,0
ID24841,0
ID24842,0
ID24843,1
ID24844,0
ID24845,0
ID24846,0
ID24847,0
ID24848,0
ID24849,0
ID24850,1
ID24851,0
ID24852,0
ID24853,0
ID24854,0
ID24855,0
ID24856,0
ID24857,0
ID24858,0
ID24859,0
ID24860,0
ID24861,0
ID24862,0
ID24863,0
ID24864,0
ID24865,0
ID24866,0
ID24867,0
ID24868,0
ID24869,0
ID24870,0
ID24871,0
ID24872,0
ID24873,0
ID24874,1
ID24875,0
ID24876,0
ID24877,1
ID24878,0
ID24879,0
ID24880,0
ID24881,0
ID24882,0
ID24883,0
ID24884,0
ID24885,0
ID24886,0
ID24887,0
ID24888,0
ID24889,0
ID24890,0
ID24891,0
ID24892,0
ID24893,0
ID24894,0
ID24895,0
ID24896,0
ID24897,1
ID24898,0
ID24899,0
ID24900,0
ID24901,0
ID24902,0
ID24903,0
ID24904,0
ID24905,0
ID24906,0
ID24907,0
ID24908,0
ID24909,0
ID24910,0
ID24911,0
ID24912,0
ID24913,0
ID24914,0
ID24915,0
ID24916,0
ID24917,0
ID24918,0
ID24919,1
ID24920,0
ID24921,0
ID24922,0
ID24923,0
ID24924,0
ID24925,0
ID24926,0
ID24927,0
ID24928,0
ID24929,0
ID24930,0
ID24931,0
ID24932,0
ID24933,0
ID24934,0
ID24935,0
ID24936,0
ID24937,0
ID24938,0
ID24939,0
ID24940,0
ID24941,0
ID24942,0
ID24943,0
ID24944,0
ID24945,0
ID24946,0
ID24947,0
ID24948,0
ID24949,0
ID24950,0
ID24951,0
ID24952,0
ID24953,0
ID24954,0
ID24955,0
ID24956,0
ID24957,0
ID24958,0
ID24959,1
ID24960,0
ID24961,0
ID24962,0
ID24963,0
ID24964,0
ID24965,0
ID24966,0
ID24967,1
ID24968,0
ID24969,0
ID24970,0
ID24971,0
ID24972,0
ID24973,0
ID24974,0
ID24975,0
ID24976,0
ID24977,0
ID24978,1
ID24979,0
ID24980,0
ID24981,0
ID24982,0
ID24983,0
ID24984,0
ID24985,1
ID24986,0
ID24987,0
ID24988,0
ID24989,0
ID24990,0
ID24991,0
ID24992,0
ID24993,0
ID24994,0
ID24995,0
ID24996,0
ID24997,0
ID24998,0
ID24999,0
ID25000,0
ID25001,1
ID25002,0
ID25003,0
ID25004,0
ID25005,0
ID25006,0
ID25007,0
ID25008,0
ID25009,0
ID25010,0
ID25011,0
ID25012,0
ID25013,0
ID25014,0
ID25015,0
ID25016,0
ID25017,0
ID25018,0
ID25019,0
ID25020,0
ID25021,0
ID25022,0
ID25023,0
ID25024,0
ID25025,0
ID25026,0
ID25027,0
ID25028,0
ID25029,0
ID25030,0
ID25031,0
ID25032,0
ID25033,0
ID25034,0
ID25035,0
ID25036,0
ID25037,0
ID25038,0
ID25039,0
ID25040,1
ID25041,0
ID25042,0
ID25043,1
ID25044,1
ID25045,0
ID25046,0
ID25047,0
ID25048,0
ID25049,0
ID25050,0
ID25051,0
ID25052,0
ID25053,0
ID25054,0
ID25055,0
ID25056,0
ID25057,0
ID25058,0
ID25059,0
ID25060,0
ID25061,0
ID25062,0
ID25063,0
ID25064,0
ID25065,0
ID25066,0
ID25067,0
ID25068,0
ID25069,0
ID25070,0
ID25071,0
ID25072,0
ID25073,0
ID25074,0
ID25075,0
ID25076,0
ID25077,0
ID25078,0
ID25079,0
ID25080,0
ID25081,0
ID25082,0
ID25083,0
ID25084,1
ID25085,0
ID25086,1
ID25087,0
ID25088,0
ID25089,0
ID25090,0
ID25091,0
ID25092,0
ID25093,0
ID25094,0
ID25095,0
ID25096,0
ID25097,0
ID25098,0
ID25099,0
ID25100,0
ID25101,0
ID25102,0
ID25103,0
ID25104,0
ID25105,0
ID25106,0
ID25107,0
ID25108,1
ID25109,0
ID25110,0
ID25111,0
ID25112,0
ID25113,0
ID25114,0
ID25115,0
ID25116,0
ID25117,0
ID25118,0
ID25119,0
ID25120,0
ID25121,0
ID25122,0
ID25123,0
ID25124,0
ID25125,0
ID25126,0
ID25127,0
ID25128,0
ID25129,0
ID25130,0
ID25131,0
ID25132,0
ID25133,0
ID25134,0
ID25135,0
ID25136,0
ID25137,0
ID25138,0
ID25139,0
ID25140,0
ID25141,0
ID25142,0
ID25143,0
ID25144,0
ID25145,0
ID25146,0
ID25147,0
ID25148,0
ID25149,0
ID25150,0
ID25151,0
ID25152,0
ID25153,0
ID25154,0
ID25155,0
ID25156,0
ID25157,0
ID25158,0
ID25159,0
ID25160,0
ID25161,0
ID25162,0
ID25163,0
ID25164,0
ID25165,0
ID25166,0
ID25167,0
ID25168,0
ID25169,0
ID25170,0
ID25171,1
ID25172,0
ID25173,0
ID25174,0
ID25175,0
ID25176,0
ID25177,0
ID25178,0
ID25179,0
ID25180,0
ID25181,0
ID25182,0
ID25183,0
ID25184,0
ID25185,0
ID25186,0
ID25187,0
ID25188,0
ID25189,0
ID25190,0
ID25191,0
ID25192,0
ID25193,0
ID25194,0
ID25195,0
ID25196,0
ID25197,0
ID25198,0
ID25199,1
ID25200,0
ID25201,0
ID25202,0
ID25203,0
ID25204,0
ID25205,0
ID25206,0
ID25207,0
ID25208,0
ID25209,0
ID25210,0
ID25211,0
ID25212,0
ID25213,1
ID25214,0
ID25215,0
ID25216,0
ID25217,0
ID25218,0
ID25219,0
ID25220,0
ID25221,0
ID25222,0
ID25223,0
ID25224,0
ID25225,0
ID25226,0
ID25227,0
ID25228,0
ID25229,0
ID25230,0
ID25231,0
ID25232,0
ID25233,0
ID25234,0
ID25235,0
ID25236,0
ID25237,0
ID25238,0
ID25239,0
ID25240,0
ID25241,0
ID25242,1
ID25243,0
ID25244,0
ID25245,0
ID25246,0
ID25247,0
ID25248,0
ID25249,0
ID25250,0
ID25251,0
ID25252,0
ID25253,0
ID25254,0
ID25255,0
ID25256,0
ID25257,0
ID25258,0
ID25259,0
ID25260,1
ID25261,0
ID25262,1
ID25263,0
ID25264,0
ID25265,0
ID25266,0
ID25267,0
ID25268,0
ID25269,0
ID25270,1
ID25271,0
ID25272,0
ID25273,0
ID25274,0
ID25275,0
ID25276,0
ID25277,0
ID25278,0
ID25279,0
ID25280,0
ID25281,0
ID25282,0
ID25283,0
ID25284,0
ID25285,0
ID25286,0
ID25287,0
ID25288,0
ID25289,0
ID25290,0
ID25291,0
ID25292,0
ID25293,0
ID25294,0
ID25295,0
ID25296,0
ID25297,0
ID25298,0
ID25299,1
ID25300,0
ID25301,0
ID25302,0
ID25303,0
ID25304,0
ID25305,0
ID25306,1
ID25307,0
ID25308,0
ID25309,0
ID25310,0
ID25311,0
ID25312,0
ID25313,0
ID25314,0
ID25315,0
ID25316,0
ID25317,0
ID25318,0
ID25319,0
ID25320,1
ID25321,0
ID25322,0
ID25323,0
ID25324,0
ID25325,0
ID25326,0
ID25327,1
ID25328,0
ID25329,0
ID25330,0
ID25331,0
ID25332,0
ID25333,0
ID25334,0
ID25335,0
ID25336,0
ID25337,0
ID25338,0
ID25339,0
ID25340,0
ID25341,1
ID25342,0
ID25343,0
ID25344,0
ID25345,0
ID25346,0
ID25347,0
ID25348,0
ID25349,0
ID25350,0
ID25351,0
ID25352,0
ID25353,1
ID25354,0
ID25355,0
ID25356,0
ID25357,1
ID25358,0
ID25359,0
ID25360,0
ID25361,0
ID25362,0
ID25363,0
ID25364,1
ID25365,0
ID25366,0
ID25367,0
ID25368,0
ID25369,0
ID25370,0
ID25371,0
ID25372,0
ID25373,0
ID25374,0
ID25375,0
ID25376,0
ID25377,0
ID25378,0
ID25379,0
ID25380,0
ID25381,0
ID25382,0
ID25383,0
ID25384,1
ID25385,0
ID25386,0
ID25387,0
ID25388,0
ID25389,0
ID25390,0
ID25391,0
ID25392,0
ID25393,0
ID25394,0
ID25395,0
ID25396,0
ID25397,0
ID25398,0
ID25399,0
ID25400,0
ID25401,0
ID25402,0
ID25403,0
ID25404,0
ID25405,0
ID25406,1
ID25407,0
ID25408,0
ID25409,0
ID25410,0
ID25411,0
ID25412,0
ID25413,0
ID25414,0
ID25415,0
ID25416,0
ID25417,1
ID25418,1
ID25419,0
ID25420,0
ID25421,1
ID25422,0
ID25423,0
ID25424,0
ID25425,0
ID25426,0
ID25427,0
ID25428,0
ID25429,0
ID25430,0
ID25431,0
ID25432,0
ID25433,0
ID25434,0
ID25435,0
ID25436,0
ID25437,0
ID25438,0
ID25439,0
ID25440,0
ID25441,0
ID25442,0
ID25443,0
ID25444,1
ID25445,0
ID25446,0
ID25447,0
ID25448,1
ID25449,0
ID25450,0
ID25451,0
ID25452,0
ID25453,0
ID25454,0
ID25455,0
ID25456,1
ID25457,1
ID25458,0
ID25459,0
ID25460,0
ID25461,0
ID25462,0
ID25463,0
ID25464,0
ID25465,0
ID25466,0
ID25467,0
ID25468,0
ID25469,0
ID25470,1
ID25471,0
ID25472,0
ID25473,0
ID25474,0
ID25475,0
ID25476,0
ID25477,0
ID25478,0
ID25479,0
ID25480,0
ID25481,0
ID25482,0
ID25483,0
ID25484,0
ID25485,0
ID25486,0
ID25487,0
ID25488,0
ID25489,0
ID25490,0
ID25491,0
ID25492,0
ID25493,0
ID25494,0
ID25495,0
ID25496,0
ID25497,0
ID25498,0
ID25499,0
ID25500,0
ID25501,0
ID25502,0
ID25503,0
ID25504,0
ID25505,0
ID25506,0
ID25507,0
ID25508,0
ID25509,0
ID25510,0
ID25511,1
ID25512,0
ID25513,0
ID25514,0
ID25515,0
ID25516,0
ID25517,0
ID25518,0
ID25519,0
ID25520,0
ID25521,0
ID25522,0
ID25523,0
ID25524,0
ID25525,0
ID25526,0
ID25527,0
ID25528,0
ID25529,0
ID25530,0
ID25531,0
ID25532,0
ID25533,0
ID25534,0
ID25535,0
ID25536,0
ID25537,0
ID25538,0
ID25539,1
ID25540,0
ID25541,1
ID25542,0
ID25543,0
ID25544,0
ID25545,0
ID25546,0
ID25547,0
ID25548,0
ID25549,0
ID25550,0
ID25551,0
ID25552,0
ID25553,0
ID25554,0
ID25555,0
ID25556,0
ID25557,0
ID25558,0
ID25559,0
ID25560,1
ID25561,0
ID25562,0
ID25563,0
ID25564,0
ID25565,0
ID25566,0
ID25567,1
ID25568,0
ID25569,0
ID25570,0
ID25571,0
ID25572,0
ID25573,0
ID25574,0
ID25575,0
ID25576,0
ID25577,0
ID25578,0
ID25579,0
ID25580,0
ID25581,0
ID25582,0
ID25583,0
ID25584,0
ID25585,0
ID25586,0
ID25587,0
ID25588,0
ID25589,0
ID25590,0
ID25591,0
ID25592,0
ID25593,0
ID25594,1
ID25595,0
ID25596,0
ID25597,0
ID25598,0
ID25599,0
ID25600,0
ID25601,0
ID25602,0
ID25603,0
ID25604,0
ID25605,0
ID25606,0
ID25607,0
ID25608,0
ID25609,0
ID25610,0
ID25611,0
ID25612,0
ID25613,0
ID25614,0
ID25615,0
ID25616,0
ID25617,0
ID25618,0
ID25619,0
ID25620,0
ID25621,0
ID25622,0
ID25623,0
ID25624,0
ID25625,0
ID25626,0
ID25627,0
ID25628,0
ID25629,0
ID25630,1
ID25631,0
ID25632,0
ID25633,0
ID25634,1
ID25635,0
ID25636,0
ID25637,0
ID25638,0
ID25639,0
ID25640,0
ID25641,0
ID25642,1
ID25643,0
ID25644,0
ID25645,0
ID25646,0
ID25647,0
ID25648,0
ID25649,0
ID25650,0
ID25651,0
ID25652,0
ID25653,0
ID25654,0
ID25655,0
ID25656,0
ID25657,1
ID25658,0
ID25659,0
ID25660,0
ID25661,0
ID25662,0
ID25663,1
ID25664,0
ID25665,0
ID25666,0
ID25667,0
ID25668,0
ID25669,0
ID25670,0
ID25671,0
ID25672,0
ID25673,0
ID25674,0
ID25675,0
ID25676,0
ID25677,0
ID25678,0
ID25679,0
ID25680,0
ID25681,0
ID25682,1
ID25683,0
ID25684,0
ID25685,0
ID25686,1
ID25687,0
ID25688,0
ID25689,0
ID25690,0
ID25691,0
ID25692,0
ID25693,0
ID25694,0
ID25695,0
ID25696,0
ID25697,0
ID25698,0
ID25699,0
ID25700,0
ID25701,0
ID25702,0
ID25703,0
ID25704,0
ID25705,0
ID25706,0
ID25707,0
ID25708,0
ID25709,0
ID25710,0
ID25711,0
ID25712,1
ID25713,0
ID25714,0
ID25715,0
ID25716,0
ID25717,0
ID25718,0
ID25719,0
ID25720,0
ID25721,0
ID25722,0
ID25723,0
ID25724,0
ID25725,0
ID25726,0
ID25727,0
ID25728,0
ID25729,0
ID25730,1
ID25731,0
ID25732,0
ID25733,0
ID25734,0
ID25735,0
ID25736,0
ID25737,0
ID25738,0
ID25739,0
ID25740,0
ID25741,0
ID25742,0
ID25743,0
ID25744,0
ID25745,0
ID25746,0
ID25747,0
ID25748,0
ID25749,0
ID25750,0
ID25751,0
ID25752,0
ID25753,0
ID25754,1
ID25755,0
ID25756,0
ID25757,0
ID25758,0
ID25759,0
ID25760,0
ID25761,0
ID25762,0
ID25763,0
ID25764,0
ID25765,0
ID25766,0
ID25767,0
ID25768,1
ID25769,1
ID25770,0
ID25771,0
ID25772,0
ID25773,0
ID25774,0
ID25775,1
ID25776,0
ID25777,0
ID25778,0
ID25779,0
ID25780,0
ID25781,0
ID25782,0
ID25783,0
ID25784,0
ID25785,0
ID25786,0
ID25787,0
ID25788,0
ID25789,0
ID25790,0
ID25791,0
ID25792,0
ID25793,0
ID25794,0
ID25795,0
ID25796,0
ID25797,0
ID25798,1
ID25799,0
ID25800,0
ID25801,0
ID25802,0
ID25803,0
ID25804,0
ID25805,1
ID25806,0
ID25807,0
ID25808,0
ID25809,0
ID25810,0
ID25811,0
ID25812,0
ID25813,0
ID25814,0
ID25815,0
ID25816,0
ID25817,0
ID25818,0
ID25819,0
ID25820,1
ID25821,0
ID25822,0
ID25823,0
ID25824,0
ID25825,0
ID25826,0
ID25827,0
ID25828,0
ID25829,0
ID25830,0
ID25831,0
ID25832,0
ID25833,0
ID25834,0
ID25835,0
ID25836,0
ID25837,0
ID25838,0
ID25839,0
ID25840,0
ID25841,0
ID25842,0
ID25843,0
ID25844,0
ID25845,0
ID25846,0
ID25847,0
ID25848,0
ID25849,0
ID25850,0
ID25851,0
ID25852,0
ID25853,0
ID25854,0
ID25855,0
ID25856,0
ID25857,0
ID25858,0
ID25859,0
ID25860,0
ID25861,0
ID25862,0
ID25863,0
ID25864,0
ID25865,0
ID25866,1
ID25867,0
ID25868,0
ID25869,0
ID25870,1
ID25871,0
ID25872,0
ID25873,0
ID25874,0
ID25875,0
ID25876,0
ID25877,0
ID25878,0
ID25879,0
ID25880,0
ID25881,0
ID25882,0
ID25883,0
ID25884,0
ID25885,0
ID25886,1
ID25887,1
ID25888,0
ID25889,0
ID25890,0
ID25891,1
ID25892,0
ID25893,0
ID25894,0
ID25895,0
ID25896,0
ID25897,0
ID25898,0
ID25899,0
ID25900,0
ID25901,0
ID25902,0
ID25903,0
ID25904,0
ID25905,0
ID25906,0
ID25907,0
ID25908,0
ID25909,0
ID25910,0
ID25911,0
ID25912,0
ID25913,0
ID25914,0
ID25915,1
ID25916,0
ID25917,0
ID25918,0
ID25919,0
ID25920,0
ID25921,0
ID25922,0
ID25923,0
ID25924,0
ID25925,0
ID25926,0
ID25927,0
ID25928,0
ID25929,0
ID25930,0
ID25931,0
ID25932,0
ID25933,0
ID25934,0
ID25935,0
ID25936,0
ID25937,0
ID25938,0
ID25939,0
ID25940,0
ID25941,0
ID25942,0
ID25943,0
ID25944,0
ID25945,0
ID25946,0
ID25947,0
ID25948,0
ID25949,0
ID25950,0
ID25951,0
ID25952,0
ID25953,0
ID25954,0
ID25955,0
ID25956,0
ID25957,0
ID25958,0
ID25959,0
ID25960,0
ID25961,0
ID25962,0
ID25963,0
ID25964,0
ID25965,0
ID25966,0
ID25967,0
ID25968,0
ID25969,0
ID25970,0
ID25971,0
ID25972,0
ID25973,0
ID25974,0
ID25975,0
ID25976,0
ID25977,0
ID25978,0
ID25979,1
ID25980,0
ID25981,0
ID25982,0
ID25983,0
ID25984,0
ID25985,0
ID25986,0
ID25987,0
ID25988,0
ID25989,0
ID25990,0
ID25991,0
ID25992,0
ID25993,0
ID25994,0
ID25995,0
ID25996,0
ID25997,0
ID25998,0
ID25999,0
ID26000,0
ID26001,0
ID26002,0
ID26003,0
ID26004,0
ID26005,0
ID26006,0
ID26007,0
ID26008,0
ID26009,0
ID26010,0
ID26011,0
ID26012,0
ID26013,0
ID26014,0
ID26015,0
ID26016,0
ID26017,0
ID26018,0
ID26019,0
ID26020,0
ID26021,0
ID26022,0
ID26023,0
ID26024,0
ID26025,1
ID26026,0
ID26027,1
ID26028,0
ID26029,0
ID26030,0
ID26031,0
ID26032,0
ID26033,0
ID26034,0
ID26035,0
ID26036,0
ID26037,0
ID26038,0
ID26039,0
ID26040,1
ID26041,0
ID26042,0
ID26043,0
ID26044,0
ID26045,0
ID26046,0
ID26047,0
ID26048,0
ID26049,0
ID26050,0
ID26051,0
ID26052,0
ID26053,0
ID26054,0
ID26055,0
ID26056,0
ID26057,0
ID26058,0
ID26059,0
ID26060,0
ID26061,0
ID26062,1
ID26063,0
ID26064,1
ID26065,0
ID26066,0
ID26067,0
ID26068,0
ID26069,1
ID26070,0
ID26071,0
ID26072,0
ID26073,0
ID26074,0
ID26075,0
ID26076,0
ID26077,0
ID26078,0
ID26079,0
ID26080,0
ID26081,0
ID26082,0
ID26083,0
ID26084,0
ID26085,0
ID26086,0
ID26087,0
ID26088,0
ID26089,0
ID26090,0
ID26091,0
ID26092,0
ID26093,0
ID26094,0
ID26095,0
ID26096,0
ID26097,0
ID26098,1
ID26099,0
ID26100,0
ID26101,0
ID26102,0
ID26103,0
ID26104,0
ID26105,0
ID26106,0
ID26107,0
ID26108,0
ID26109,0
ID26110,0
ID26111,0
ID26112,0
ID26113,0
ID26114,0
ID26115,0
ID26116,0
ID26117,0
ID26118,0
ID26119,0
ID26120,1
ID26121,0
ID26122,0
ID26123,0
ID26124,0
ID26125,0
ID26126,0
ID26127,0
ID26128,0
ID26129,0
ID26130,0
ID26131,0
ID26132,0
ID26133,0
ID26134,0
ID26135,0
ID26136,0
ID26137,0
ID26138,0
ID26139,0
ID26140,0
ID26141,0
ID26142,0
ID26143,0
ID26144,0
ID26145,0
ID26146,0
ID26147,0
ID26148,1
ID26149,0
ID26150,0
ID26151,0
ID26152,0
ID26153,0
ID26154,1
ID26155,0
ID26156,0
ID26157,0
ID26158,0
ID26159,0
ID26160,0
ID26161,0
ID26162,0
ID26163,0
ID26164,0
ID26165,0
ID26166,0
ID26167,0
ID26168,0
ID26169,1
ID26170,1
ID26171,0
ID26172,1
ID26173,0
ID26174,0
ID26175,1
ID26176,0
ID26177,0
ID26178,0
ID26179,0
ID26180,0
ID26181,0
ID26182,0
ID26183,0
ID26184,0
ID26185,0
ID26186,0
ID26187,0
ID26188,0
ID26189,0
ID26190,0
ID26191,0
ID26192,0
ID26193,0
ID26194,0
ID26195,1
ID26196,0
ID26197,0
ID26198,0
ID26199,0
ID26200,0
ID26201,0
ID26202,0
ID26203,0
ID26204,0
ID26205,0
ID26206,0
ID26207,0
ID26208,0
ID26209,0
ID26210,0
ID26211,0
ID26212,0
ID26213,0
ID26214,0
ID26215,0
ID26216,0
ID26217,0
ID26218,0
ID26219,0
ID26220,0
ID26221,0
ID26222,0
ID26223,0
ID26224,0
ID26225,0
ID26226,0
ID26227,0
ID26228,0
ID26229,0
ID26230,0
ID26231,0
ID26232,0
ID26233,0
ID26234,0
ID26235,0
ID26236,0
ID26237,0
ID26238,0
ID26239,0
ID26240,0
ID26241,0
ID26242,0
ID26243,0
ID26244,0
ID26245,0
ID26246,1
ID26247,0
ID26248,0
ID26249,0
ID26250,0
ID26251,0
ID26252,0
ID26253,0
ID26254,0
ID26255,0
ID26256,0
ID26257,1
ID26258,0
ID26259,0
ID26260,0
ID26261,0
ID26262,0
ID26263,0
ID26264,0
ID26265,0
ID26266,0
ID26267,0
ID26268,0
ID26269,0
ID26270,0
ID26271,0
ID26272,0
ID26273,0
ID26274,0
ID26275,0
ID26276,0
ID26277,0
ID26278,1
ID26279,0
ID26280,1
ID26281,0
ID26282,0
ID26283,0
ID26284,1
ID26285,1
ID26286,0
ID26287,0
ID26288,0
ID26289,0
ID26290,0
ID26291,0
ID26292,0
ID26293,0
ID26294,0
ID26295,0
ID26296,0
ID26297,1
ID26298,0
ID26299,0
ID26300,0
ID26301,1
ID26302,0
ID26303,0
ID26304,0
ID26305,0
ID26306,0
ID26307,0
ID26308,0
ID26309,0
ID26310,1
ID26311,0
ID26312,0
ID26313,0
ID26314,0
ID26315,0
ID26316,0
ID26317,0
ID26318,0
ID26319,0
ID26320,0
ID26321,0
ID26322,0
ID26323,0
ID26324,0
ID26325,0
ID26326,0
ID26327,0
ID26328,0
ID26329,0
ID26330,0
ID26331,0
ID26332,0
ID26333,0
ID26334,0
ID26335,0
ID26336,0
ID26337,0
ID26338,0
ID26339,1
ID26340,0
ID26341,0
ID26342,0
ID26343,0
ID26344,0
ID26345,0
ID26346,0
ID26347,1
ID26348,0
ID26349,0
ID26350,0
ID26351,0
ID26352,0
ID26353,0
ID26354,0
ID26355,0
ID26356,0
ID26357,1
ID26358,0
ID26359,0
ID26360,0
ID26361,0
ID26362,0
ID26363,0
ID26364,0
ID26365,0
ID26366,0
ID26367,0
ID26368,0
ID26369,0
ID26370,0
ID26371,0
ID26372,0
ID26373,0
ID26374,0
ID26375,0
ID26376,0
ID26377,0
ID26378,0
ID26379,0
ID26380,0
ID26381,0
ID26382,0
ID26383,0
ID26384,0
ID26385,0
ID26386,0
ID26387,0
ID26388,0
ID26389,0
ID26390,0
ID26391,0
ID26392,0
ID26393,0
ID26394,0
ID26395,1
ID26396,0
ID26397,1
ID26398,1
ID26399,0
ID26400,0
ID26401,0
ID26402,0
ID26403,0
ID26404,0
ID26405,0
ID26406,1
ID26407,0
ID26408,0
ID26409,0
ID26410,0
ID26411,0
ID26412,0
ID26413,0
ID26414,0
ID26415,0
ID26416,0
ID26417,0
ID26418,0
ID26419,1
ID26420,0
ID26421,1
ID26422,0
ID26423,0
ID26424,1
ID26425,0
ID26426,0
ID26427,0
ID26428,0
ID26429,0
ID26430,0
ID26431,0
ID26432,0
ID26433,0
ID26434,0
ID26435,0
ID26436,0
ID26437,0
ID26438,0
ID26439,0
ID26440,0
ID26441,0
ID26442,1
ID26443,0
ID26444,0
ID26445,0
ID26446,0
ID26447,0
ID26448,0
ID26449,0
ID26450,0
ID26451,0
ID26452,0
ID26453,0
ID26454,0
ID26455,0
ID26456,0
ID26457,0
ID26458,0
ID26459,0
ID26460,0
ID26461,0
ID26462,0
ID26463,0
ID26464,0
ID26465,0
ID26466,0
ID26467,0
ID26468,0
ID26469,1
ID26470,0
ID26471,0
ID26472,0
ID26473,0
ID26474,0
ID26475,0
ID26476,0
ID26477,0
ID26478,0
ID26479,0
ID26480,0
ID26481,0
ID26482,0
ID26483,0
ID26484,0
ID26485,0
ID26486,0
ID26487,0
ID26488,0
ID26489,0
ID26490,0
ID26491,0
ID26492,0
ID26493,0
ID26494,0
ID26495,0
ID26496,0
ID26497,1
ID26498,0
ID26499,0
ID26500,0
ID26501,0
ID26502,0
ID26503,0
ID26504,0
ID26505,0
ID26506,0
ID26507,0
ID26508,1
ID26509,0
ID26510,0
ID26511,0
ID26512,0
ID26513,0
ID26514,0
ID26515,0
ID26516,0
ID26517,1
ID26518,1
ID26519,0
ID26520,0
ID26521,0
ID26522,0
ID26523,0
ID26524,0
ID26525,0
ID26526,0
ID26527,0
ID26528,0
ID26529,0
ID26530,0
ID26531,0
ID26532,0
ID26533,0
ID26534,0
ID26535,0
ID26536,0
ID26537,0
ID26538,1
ID26539,0
ID26540,0
ID26541,0
ID26542,0
ID26543,0
ID26544,0
ID26545,0
ID26546,1
ID26547,0
ID26548,0
ID26549,0
ID26550,0
ID26551,0
ID26552,0
ID26553,0
ID26554,0
ID26555,0
ID26556,0
ID26557,0
ID26558,1
ID26559,0
ID26560,0
ID26561,0
ID26562,0
ID26563,1
ID26564,0
ID26565,0
ID26566,0
ID26567,0
ID26568,0
ID26569,0
ID26570,0
ID26571,1
ID26572,1
ID26573,0
ID26574,0
ID26575,0
ID26576,0
ID26577,0
ID26578,0
ID26579,1
ID26580,0
ID26581,0
ID26582,0
ID26583,0
ID26584,0
ID26585,0
ID26586,0
ID26587,0
ID26588,0
ID26589,0
ID26590,1
ID26591,0
ID26592,0
ID26593,0
ID26594,0
ID26595,0
ID26596,0
ID26597,0
ID26598,0
ID26599,0
ID26600,0
ID26601,0
ID26602,0
ID26603,0
ID26604,0
ID26605,0
ID26606,0
ID26607,0
ID26608,0
ID26609,0
ID26610,0
ID26611,0
ID26612,0
ID26613,0
ID26614,0
ID26615,0
ID26616,0
ID26617,0
ID26618,0
ID26619,0
ID26620,0
ID26621,0
ID26622,0
ID26623,0
ID26624,0
ID26625,0
ID26626,0
ID26627,0
ID26628,1
ID26629,0
ID26630,0
ID26631,0
ID26632,0
ID26633,0
ID26634,0
ID26635,0
ID26636,0
ID26637,0
ID26638,0
ID26639,0
ID26640,0
ID26641,0
ID26642,0
ID26643,0
ID26644,0
ID26645,0
ID26646,0
ID26647,0
ID26648,0
ID26649,0
ID26650,0
ID26651,0
ID26652,0
ID26653,0
ID26654,0
ID26655,0
ID26656,0
ID26657,0
ID26658,1
ID26659,0
ID26660,0
ID26661,1
ID26662,0
ID26663,0
ID26664,0
ID26665,0
ID26666,0
ID26667,0
ID26668,0
ID26669,0
ID26670,0
ID26671,0
ID26672,0
ID26673,0
ID26674,0
ID26675,0
ID26676,0
ID26677,0
ID26678,0
ID26679,0
ID26680,1
ID26681,0
ID26682,0
ID26683,0
ID26684,0
ID26685,0
ID26686,1
ID26687,0
ID26688,0
ID26689,0
ID26690,0
ID26691,0
ID26692,0
ID26693,0
ID26694,0
ID26695,0
ID26696,0
ID26697,0
ID26698,0
ID26699,0
ID26700,0
ID26701,0
ID26702,0
ID26703,0
ID26704,0
ID26705,0
ID26706,0
ID26707,0
ID26708,1
ID26709,0
ID26710,0
ID26711,0
ID26712,0
ID26713,0
ID26714,0
ID26715,0
ID26716,0
ID26717,1
ID26718,0
ID26719,0
ID26720,0
ID26721,0
ID26722,0
ID26723,0
ID26724,0
ID26725,0
ID26726,0
ID26727,0
ID26728,0
ID26729,0
ID26730,0
ID26731,0
ID26732,0
ID26733,0
ID26734,0
ID26735,0
ID26736,0
ID26737,0
ID26738,0
ID26739,0
ID26740,0
ID26741,0
ID26742,0
ID26743,0
ID26744,0
ID26745,0
ID26746,0
ID26747,0
ID26748,0
ID26749,0
ID26750,0
ID26751,0
ID26752,0
ID26753,0
ID26754,0
ID26755,0
ID26756,0
ID26757,0
ID26758,0
ID26759,0
ID26760,0
ID26761,0
ID26762,0
ID26763,0
ID26764,0
ID26765,0
ID26766,0
ID26767,0
ID26768,0
ID26769,0
ID26770,0
ID26771,1
ID26772,0
ID26773,0
ID26774,0
ID26775,0
ID26776,1
ID26777,0
ID26778,0
ID26779,0
ID26780,0
ID26781,0
ID26782,0
ID26783,0
ID26784,0
ID26785,0
ID26786,0
ID26787,0
ID26788,0
ID26789,0
ID26790,0
ID26791,0
ID26792,1
ID26793,0
ID26794,1
ID26795,0
ID26796,0
ID26797,0
ID26798,0
ID26799,1
ID26800,0
ID26801,0
ID26802,0
ID26803,0
ID26804,0
ID26805,1
ID26806,0
ID26807,0
ID26808,0
ID26809,0
ID26810,0
ID26811,0
ID26812,0
ID26813,0
ID26814,0
ID26815,0
ID26816,0
ID26817,0
ID26818,0
ID26819,0
ID26820,0
ID26821,0
ID26822,0
ID26823,0
ID26824,0
ID26825,0
ID26826,0
ID26827,0
ID26828,0
ID26829,0
ID26830,0
ID26831,0
ID26832,0
ID26833,0
ID26834,0
ID26835,0
ID26836,0
ID26837,0
ID26838,0
ID26839,0
ID26840,0
ID26841,0
ID26842,0
ID26843,0
ID26844,0
ID26845,0
ID26846,0
ID26847,0
ID26848,0
ID26849,0
ID26850,0
ID26851,0
ID26852,0
ID26853,0
ID26854,1
ID26855,1
ID26856,0
ID26857,0
ID26858,0
ID26859,0
ID26860,0
ID26861,0
ID26862,0
ID26863,0
ID26864,0
ID26865,0
ID26866,0
ID26867,0
ID26868,0
ID26869,0
ID26870,0
ID26871,0
ID26872,0
ID26873,0
ID26874,0
ID26875,0
ID26876,0
ID26877,0
ID26878,0
ID26879,0
ID26880,0
ID26881,0
ID26882,0
ID26883,0
ID26884,0
ID26885,0
ID26886,1
ID26887,0
ID26888,0
ID26889,0
ID26890,0
ID26891,0
ID26892,0
ID26893,0
ID26894,1
ID26895,0
ID26896,0
ID26897,0
ID26898,0
ID26899,0
ID26900,1
ID26901,0
ID26902,0
ID26903,0
ID26904,0
ID26905,0
ID26906,0
ID26907,0
ID26908,0
ID26909,0
ID26910,0
ID26911,0
ID26912,0
ID26913,0
ID26914,0
ID26915,0
ID26916,0
ID26917,1
ID26918,0
ID26919,0
ID26920,0
ID26921,0
ID26922,0
ID26923,1
ID26924,0
ID26925,0
ID26926,0
ID26927,0
ID26928,0
ID26929,0
ID26930,0
ID26931,0
ID26932,0
ID26933,0
ID26934,0
ID26935,0
ID26936,0
ID26937,0
ID26938,0
ID26939,0
ID26940,0
ID26941,0
ID26942,0
ID26943,0
ID26944,0
ID26945,0
ID26946,0
ID26947,0
ID26948,1
ID26949,0
ID26950,0
ID26951,0
ID26952,0
ID26953,0
ID26954,0
ID26955,0
ID26956,0
ID26957,0
ID26958,0
ID26959,0
ID26960,1
ID26961,0
ID26962,0
ID26963,0
ID26964,0
ID26965,0
ID26966,0
ID26967,0
ID26968,0
ID26969,0
ID26970,0
ID26971,0
ID26972,0
ID26973,0
ID26974,0
ID26975,1
ID26976,0
ID26977,0
ID26978,0
ID26979,0
ID26980,0
ID26981,0
ID26982,0
ID26983,0
ID26984,0
ID26985,0
ID26986,0
ID26987,0
ID26988,0
ID26989,0
ID26990,0
ID26991,0
ID26992,1
ID26993,0
ID26994,0
ID26995,0
ID26996,0
ID26997,0
ID26998,0
ID26999,0
ID27000,0
ID27001,1
ID27002,0
ID27003,0
ID27004,0
ID27005,0
ID27006,1
ID27007,0
ID27008,0
ID27009,0
ID27010,0
ID27011,0
ID27012,0
ID27013,0
ID27014,0
ID27015,0
ID27016,0
ID27017,0
ID27018,0
ID27019,0
ID27020,0
ID27021,0
ID27022,0
ID27023,0
ID27024,0
ID27025,0
ID27026,0
ID27027,0
ID27028,0
ID27029,0
ID27030,0
ID27031,0
ID27032,0
ID27033,0
ID27034,0
ID27035,0
ID27036,0
ID27037,0
ID27038,0
ID27039,0
ID27040,0
ID27041,0
ID27042,0
ID27043,0
ID27044,0
ID27045,0
ID27046,0
ID27047,0
ID27048,0
ID27049,0
ID27050,1
ID27051,0
ID27052,0
ID27053,1
ID27054,0
ID27055,0
ID27056,0
ID27057,0
ID27058,0
ID27059,0
ID27060,0
ID27061,0
ID27062,0
ID27063,0
ID27064,0
ID27065,0
ID27066,0
ID27067,0
ID27068,0
ID27069,0
ID27070,0
ID27071,0
ID27072,0
ID27073,0
ID27074,0
ID27075,0
ID27076,0
ID27077,0
ID27078,1
ID27079,0
ID27080,0
ID27081,0
ID27082,0
ID27083,0
ID27084,0
ID27085,0
ID27086,0
ID27087,0
ID27088,0
ID27089,0
ID27090,0
ID27091,0
ID27092,0
ID27093,0
ID27094,0
ID27095,0
ID27096,0
ID27097,1
ID27098,0
ID27099,0
ID27100,0
ID27101,0
ID27102,0
ID27103,0
ID27104,0
ID27105,0
ID27106,0
ID27107,0
ID27108,0
ID27109,0
ID27110,0
ID27111,0
ID27112,0
ID27113,0
ID27114,0
ID27115,0
ID27116,0
ID27117,0
ID27118,0
ID27119,0
ID27120,0
ID27121,0
ID27122,0
ID27123,0
ID27124,0
ID27125,0
ID27126,0
ID27127,0
ID27128,0
ID27129,0
ID27130,0
ID27131,0
ID27132,0
ID27133,0
ID27134,0
ID27135,0
ID27136,0
ID27137,0
ID27138,0
ID27139,0
ID27140,0
ID27141,0
ID27142,0
ID27143,0
ID27144,0
ID27145,0
ID27146,0
ID27147,0
ID27148,0
ID27149,0
ID27150,0
ID27151,0
ID27152,1
ID27153,0
ID27154,0
ID27155,0
ID27156,1
ID27157,0
ID27158,0
ID27159,0
ID27160,0
ID27161,0
ID27162,0
ID27163,0
ID27164,0
ID27165,1
ID27166,0
ID27167,0
ID27168,0
ID27169,0
ID27170,0
ID27171,0
ID27172,0
ID27173,0
ID27174,0
ID27175,0
ID27176,0
ID27177,0
ID27178,0
ID27179,0
ID27180,0
ID27181,0
ID27182,0
ID27183,0
ID27184,0
ID27185,0
ID27186,0
ID27187,0
ID27188,0
ID27189,0
ID27190,0
ID27191,0
ID27192,0
ID27193,0
ID27194,0
ID27195,0
ID27196,0
ID27197,0
ID27198,0
ID27199,0
ID27200,0
ID27201,0
ID27202,0
ID27203,1
ID27204,0
ID27205,0
ID27206,0
ID27207,0
ID27208,0
ID27209,0
ID27210,0
ID27211,0
ID27212,0
ID27213,0
ID27214,0
ID27215,0
ID27216,0
ID27217,0
ID27218,1
ID27219,0
ID27220,0
ID27221,1
ID27222,0
ID27223,0
ID27224,0
ID27225,0
ID27226,0
ID27227,1
ID27228,0
ID27229,0
ID27230,0
ID27231,0
ID27232,0
ID27233,0
ID27234,0
ID27235,0
ID27236,0
ID27237,0
ID27238,0
ID27239,0
ID27240,0
ID27241,0
ID27242,1
ID27243,0
ID27244,0
ID27245,0
ID27246,0
ID27247,0
ID27248,0
ID27249,0
ID27250,0
ID27251,0
ID27252,0
ID27253,0
ID27254,0
ID27255,0
ID27256,0
ID27257,0
ID27258,0
ID27259,0
ID27260,0
ID27261,0
ID27262,0
ID27263,0
ID27264,0
ID27265,0
ID27266,0
ID27267,0
ID27268,0
ID27269,0
ID27270,0
ID27271,0
ID27272,0
ID27273,0
ID27274,0
ID27275,0
ID27276,0
ID27277,0
ID27278,0
ID27279,0
ID27280,0
ID27281,0
ID27282,1
ID27283,0
ID27284,0
ID27285,0
ID27286,0
ID27287,0
ID27288,0
ID27289,0
ID27290,0
ID27291,1
ID27292,0
ID27293,0
ID27294,0
ID27295,0
ID27296,0
ID27297,0
ID27298,0
ID27299,0
ID27300,0
ID27301,0
ID27302,0
ID27303,0
ID27304,1
ID27305,0
ID27306,0
ID27307,0
ID27308,0
ID27309,0
ID27310,0
ID27311,0
ID27312,0
ID27313,0
ID27314,0
ID27315,0
ID27316,0
ID27317,0
ID27318,0
ID27319,0
ID27320,0
ID27321,0
ID27322,0
ID27323,0
ID27324,0
ID27325,0
ID27326,0
ID27327,0
ID27328,0
ID27329,0
ID27330,0
ID27331,0
ID27332,0
ID27333,0
ID27334,1
ID27335,0
ID27336,0
ID27337,0
ID27338,0
ID27339,0
ID27340,0
ID27341,0
ID27342,0
ID27343,0
ID27344,1
ID27345,0
ID27346,0
ID27347,0
ID27348,0
ID27349,0
ID27350,0
ID27351,0
ID27352,0
ID27353,0
ID27354,0
ID27355,0
ID27356,0
ID27357,0
ID27358,0
ID27359,0
ID27360,0
ID27361,0
ID27362,0
ID27363,0
ID27364,0
ID27365,0
ID27366,0
ID27367,0
ID27368,0
ID27369,0
ID27370,0
ID27371,0
ID27372,0
ID27373,0
ID27374,0
ID27375,0
ID27376,0
ID27377,0
ID27378,0
ID27379,0
ID27380,0
ID27381,0
ID27382,0
ID27383,0
ID27384,0
ID27385,0
ID27386,0
ID27387,0
ID27388,0
ID27389,1
ID27390,0
ID27391,0
ID27392,0
ID27393,1
ID27394,0
ID27395,0
ID27396,0
ID27397,0
ID27398,0
ID27399,0
ID27400,1
ID27401,0
ID27402,0
ID27403,0
ID27404,0
ID27405,1
ID27406,0
ID27407,0
ID27408,0
ID27409,0
ID27410,0
ID27411,0
ID27412,0
ID27413,0
ID27414,0
ID27415,0
ID27416,0
ID27417,0
ID27418,0
ID27419,0
ID27420,0
ID27421,0
ID27422,0
ID27423,0
ID27424,0
ID27425,0
ID27426,1
ID27427,0
ID27428,0
ID27429,0
ID27430,0
ID27431,0
ID27432,0
ID27433,0
ID27434,0
ID27435,0
ID27436,0
ID27437,0
ID27438,1
ID27439,0
ID27440,0
ID27441,0
ID27442,0
ID27443,0
ID27444,0
ID27445,0
ID27446,0
ID27447,0
ID27448,0
ID27449,0
ID27450,0
ID27451,0
ID27452,0
ID27453,1
ID27454,0
ID27455,0
ID27456,0
ID27457,0
ID27458,0
ID27459,1
ID27460,0
ID27461,0
ID27462,0
ID27463,0
ID27464,0
ID27465,0
ID27466,0
ID27467,0
ID27468,0
ID27469,0
ID27470,0
ID27471,0
ID27472,0
ID27473,0
ID27474,0
ID27475,0
ID27476,0
ID27477,0
ID27478,0
ID27479,0
ID27480,0
ID27481,1
ID27482,0
ID27483,0
ID27484,0
ID27485,0
ID27486,0
ID27487,0
ID27488,0
ID27489,0
ID27490,0
ID27491,0
ID27492,1
ID27493,0
ID27494,0
ID27495,0
ID27496,0
ID27497,0
ID27498,0
ID27499,0
ID27500,0
ID27501,0
ID27502,0
ID27503,0
ID27504,0
ID27505,0
ID27506,0
ID27507,0
ID27508,0
ID27509,0
ID27510,0
ID27511,0
ID27512,0
ID27513,0
ID27514,0
ID27515,0
ID27516,0
ID27517,0
ID27518,0
ID27519,0
ID27520,0
ID27521,0
ID27522,0
ID27523,0
ID27524,0
ID27525,0
ID27526,0
ID27527,0
ID27528,0
ID27529,0
ID27530,0
ID27531,0
ID27532,0
ID27533,0
ID27534,0
ID27535,0
ID27536,0
ID27537,0
ID27538,0
ID27539,0
ID27540,0
ID27541,0
ID27542,0
ID27543,0
ID27544,0
ID27545,0
ID27546,0
ID27547,1
ID27548,0
ID27549,0
ID27550,0
ID27551,0
ID27552,0
ID27553,0
ID27554,0
ID27555,0
ID27556,0
ID27557,0
ID27558,0
ID27559,0
ID27560,1
ID27561,0
ID27562,0
ID27563,0
ID27564,0
ID27565,0
ID27566,0
ID27567,0
ID27568,0
ID27569,0
ID27570,0
ID27571,0
ID27572,0
ID27573,0
ID27574,1
ID27575,0
ID27576,0
ID27577,0
ID27578,0
ID27579,0
ID27580,0
ID27581,0
ID27582,0
ID27583,0
ID27584,0
ID27585,0
ID27586,0
ID27587,0
ID27588,1
ID27589,1
ID27590,0
ID27591,0
ID27592,0
ID27593,0
ID27594,0
ID27595,0
ID27596,0
ID27597,0
ID27598,0
ID27599,0
ID27600,0
ID27601,0
ID27602,0
ID27603,0
ID27604,0
ID27605,0
ID27606,0
ID27607,0
ID27608,0
ID27609,0
ID27610,0
ID27611,0
ID27612,0
ID27613,0
ID27614,0
ID27615,0
ID27616,0
ID27617,0
ID27618,1
ID27619,0
ID27620,0
ID27621,0
ID27622,0
ID27623,0
ID27624,0
ID27625,0
ID27626,0
ID27627,0
ID27628,0
ID27629,0
ID27630,0
ID27631,0
ID27632,0
ID27633,0
ID27634,0
ID27635,0
ID27636,0
ID27637,0
ID27638,0
ID27639,0
ID27640,0
ID27641,0
ID27642,0
ID27643,0
ID27644,0
ID27645,0
ID27646,0
ID27647,0
ID27648,0
ID27649,1
ID27650,0
ID27651,0
ID27652,0
ID27653,0
ID27654,0
ID27655,1
ID27656,0
ID27657,0
ID27658,0
ID27659,0
ID27660,0
ID27661,0
ID27662,0
ID27663,0
ID27664,0
ID27665,1
ID27666,0
ID27667,0
ID27668,0
ID27669,0
ID27670,0
ID27671,0
ID27672,1
ID27673,0
ID27674,0
ID27675,0
ID27676,0
ID27677,0
ID27678,0
ID27679,0
ID27680,1
ID27681,1
ID27682,0
ID27683,0
ID27684,0
ID27685,0
ID27686,0
ID27687,0
ID27688,0
ID27689,0
ID27690,0
ID27691,0
ID27692,0
ID27693,0
ID27694,0
ID27695,0
ID27696,0
ID27697,0
ID27698,0
ID27699,0
ID27700,0
ID27701,0
ID27702,0
ID27703,0
ID27704,0
ID27705,0
ID27706,0
ID27707,0
ID27708,0
ID27709,0
ID27710,0
ID27711,1
ID27712,0
ID27713,0
ID27714,0
ID27715,0
ID27716,0
ID27717,0
ID27718,0
ID27719,0
ID27720,0
ID27721,0
ID27722,0
ID27723,0
ID27724,0
ID27725,0
ID27726,0
ID27727,0
ID27728,0
ID27729,0
ID27730,0
ID27731,0
ID27732,0
ID27733,0
ID27734,0
ID27735,0
ID27736,0
ID27737,0
ID27738,0
ID27739,0
ID27740,0
ID27741,0
ID27742,0
ID27743,0
ID27744,0
ID27745,0
ID27746,0
ID27747,0
ID27748,0
ID27749,0
ID27750,0
ID27751,0
ID27752,0
ID27753,0
ID27754,0
ID27755,0
ID27756,0
ID27757,0
ID27758,0
ID27759,0
ID27760,0
ID27761,0
ID27762,0
ID27763,0
ID27764,0
ID27765,0
ID27766,0
ID27767,0
ID27768,0
ID27769,0
ID27770,0
ID27771,0
ID27772,0
ID27773,0
ID27774,0
ID27775,0
ID27776,0
ID27777,0
ID27778,0
ID27779,1
ID27780,0
ID27781,0
ID27782,1
ID27783,0
ID27784,0
ID27785,0
ID27786,0
ID27787,0
ID27788,0
ID27789,0
ID27790,0
ID27791,0
ID27792,0
ID27793,0
ID27794,0
ID27795,0
ID27796,0
ID27797,0
ID27798,0
ID27799,0
ID27800,0
ID27801,0
ID27802,0
ID27803,0
ID27804,0
ID27805,0
ID27806,0
ID27807,0
ID27808,0
ID27809,0
ID27810,0
ID27811,0
ID27812,0
ID27813,0
ID27814,0
ID27815,0
ID27816,0
ID27817,0
ID27818,0
ID27819,0
ID27820,1
ID27821,0
ID27822,0
ID27823,0
ID27824,0
ID27825,0
ID27826,0
ID27827,0
ID27828,1
ID27829,0
ID27830,0
ID27831,0
ID27832,0
ID27833,0
ID27834,0
ID27835,0
ID27836,1
ID27837,0
ID27838,0
ID27839,0
ID27840,0
ID27841,0
ID27842,0
ID27843,0
ID27844,0
ID27845,0
ID27846,0
ID27847,0
ID27848,0
ID27849,0
ID27850,0
ID27851,0
ID27852,0
ID27853,0
ID27854,0
ID27855,0
ID27856,0
ID27857,0
ID27858,0
ID27859,0
ID27860,0
ID27861,0
ID27862,1
ID27863,0
ID27864,0
ID27865,0
ID27866,0
ID27867,0
ID27868,0
ID27869,0
ID27870,0
ID27871,0
ID27872,0
ID27873,1
ID27874,0
ID27875,0
ID27876,0
ID27877,1
ID27878,0
ID27879,1
ID27880,0
ID27881,0
ID27882,0
ID27883,0
ID27884,0
ID27885,0
ID27886,0
ID27887,0
ID27888,0
ID27889,0
ID27890,0
ID27891,0
ID27892,0
ID27893,0
ID27894,0
ID27895,0
ID27896,0
ID27897,1
ID27898,0
ID27899,0
ID27900,0
ID27901,0
ID27902,0
ID27903,0
ID27904,0
ID27905,0
ID27906,0
ID27907,0
ID27908,0
ID27909,0
ID27910,0
ID27911,0
ID27912,1
ID27913,0
ID27914,0
ID27915,0
ID27916,0
ID27917,0
ID27918,0
ID27919,1
ID27920,0
ID27921,0
ID27922,1
ID27923,0
ID27924,0
ID27925,0
ID27926,0
ID27927,0
ID27928,0
ID27929,0
ID27930,0
ID27931,0
ID27932,0
ID27933,0
ID27934,0
ID27935,0
ID27936,0
ID27937,0
ID27938,0
ID27939,0
ID27940,0
ID27941,0
ID27942,0
ID27943,0
ID27944,0
ID27945,0
ID27946,0
ID27947,1
ID27948,0
ID27949,0
ID27950,0
ID27951,0
ID27952,0
ID27953,0
ID27954,0
ID27955,0
ID27956,0
ID27957,0
ID27958,0
ID27959,0
ID27960,1
ID27961,0
ID27962,0
ID27963,0
ID27964,0
ID27965,0
ID27966,0
ID27967,0
ID27968,0
ID27969,0
ID27970,0
ID27971,0
ID27972,1
ID27973,0
ID27974,0
ID27975,0
ID27976,0
ID27977,0
ID27978,0
ID27979,0
ID27980,0
ID27981,0
ID27982,0
ID27983,0
ID27984,0
ID27985,0
ID27986,1
ID27987,0
ID27988,0
ID27989,0
ID27990,0
ID27991,0
ID27992,0
ID27993,0
ID27994,0
ID27995,0
ID27996,0
ID27997,0
ID27998,0
ID27999,0
ID28000,0
ID28001,0
ID28002,0
ID28003,0
ID28004,1
ID28005,0
ID28006,0
ID28007,0
ID28008,0
ID28009,0
ID28010,0
ID28011,1
ID28012,0
ID28013,0
ID28014,0
ID28015,1
ID28016,0
ID28017,0
ID28018,0
ID28019,0
ID28020,0
ID28021,0
ID28022,0
ID28023,1
ID28024,0
ID28025,0
ID28026,0
ID28027,0
ID28028,0
ID28029,0
ID28030,0
ID28031,0
ID28032,0
ID28033,0
ID28034,0
ID28035,0
ID28036,0
ID28037,0
ID28038,0
ID28039,0
ID28040,0
ID28041,0
ID28042,0
ID28043,0
ID28044,0
ID28045,0
ID28046,0
ID28047,0
ID28048,0
ID28049,0
ID28050,0
ID28051,0
ID28052,0
ID28053,0
ID28054,0
ID28055,0
ID28056,0
ID28057,0
ID28058,0
ID28059,0
ID28060,0
ID28061,0
ID28062,0
ID28063,0
ID28064,1
ID28065,1
ID28066,0
ID28067,0
ID28068,0
ID28069,0
ID28070,0
ID28071,0
ID28072,0
ID28073,0
ID28074,1
ID28075,0
ID28076,0
ID28077,0
ID28078,0
ID28079,0
ID28080,0
ID28081,0
ID28082,0
ID28083,0
ID28084,1
ID28085,0
ID28086,0
ID28087,0
ID28088,0
ID28089,0
ID28090,0
ID28091,0
ID28092,0
ID28093,0
ID28094,0
ID28095,0
ID28096,0
ID28097,0
ID28098,0
ID28099,0
ID28100,0
ID28101,0
ID28102,0
ID28103,0
ID28104,0
ID28105,0
ID28106,0
ID28107,0
ID28108,0
ID28109,0
ID28110,0
ID28111,1
ID28112,0
ID28113,1
ID28114,0
ID28115,0
ID28116,0
ID28117,0
ID28118,0
ID28119,0
ID28120,0
ID28121,0
ID28122,0
ID28123,0
ID28124,0
ID28125,0
ID28126,0
ID28127,0
ID28128,0
ID28129,0
ID28130,0
ID28131,0
ID28132,0
ID28133,0
ID28134,0
ID28135,0
ID28136,0
ID28137,0
ID28138,0
ID28139,0
ID28140,0
ID28141,0
ID28142,0
ID28143,0
ID28144,0
ID28145,0
ID28146,0
ID28147,0
ID28148,0
ID28149,0
ID28150,0
ID28151,0
ID28152,0
ID28153,1
ID28154,0
ID28155,1
ID28156,1
ID28157,0
ID28158,0
ID28159,0
ID28160,0
ID28161,0
ID28162,0
ID28163,0
ID28164,0
ID28165,0
ID28166,0
ID28167,0
ID28168,0
ID28169,0
ID28170,0
ID28171,0
ID28172,0
ID28173,0
ID28174,0
ID28175,0
ID28176,0
ID28177,0
ID28178,0
ID28179,0
ID28180,0
ID28181,0
ID28182,0
ID28183,0
ID28184,0
ID28185,0
ID28186,0
ID28187,1
ID28188,0
ID28189,0
ID28190,0
ID28191,0
ID28192,0
ID28193,0
ID28194,0
ID28195,0
ID28196,0
ID28197,0
ID28198,0
ID28199,0
ID28200,0
ID28201,0
ID28202,0
ID28203,0
ID28204,0
ID28205,0
ID28206,0
ID28207,0
ID28208,0
ID28209,0
ID28210,0
ID28211,1
ID28212,0
ID28213,0
ID28214,0
ID28215,0
ID28216,0
ID28217,0
ID28218,0
ID28219,0
ID28220,0
ID28221,0
ID28222,0
ID28223,1
ID28224,0
ID28225,0
ID28226,0
ID28227,0
ID28228,0
ID28229,0
ID28230,0
ID28231,0
ID28232,0
ID28233,0
ID28234,0
ID28235,0
ID28236,0
ID28237,0
ID28238,0
ID28239,0
ID28240,0
ID28241,0
ID28242,0
ID28243,0
ID28244,0
ID28245,0
ID28246,0
ID28247,0
ID28248,1
ID28249,0
ID28250,1
ID28251,0
ID28252,0
ID28253,0
ID28254,0
ID28255,1
ID28256,0
ID28257,0
ID28258,0
ID28259,0
ID28260,0
ID28261,0
ID28262,0
ID28263,0
ID28264,0
ID28265,0
ID28266,0
ID28267,0
ID28268,0
ID28269,0
ID28270,0
ID28271,0
ID28272,0
ID28273,0
ID28274,0
ID28275,0
ID28276,0
ID28277,0
ID28278,0
ID28279,0
ID28280,0
ID28281,0
ID28282,0
ID28283,0
ID28284,0
ID28285,0
ID28286,0
ID28287,0
ID28288,0
ID28289,0
ID28290,0
ID28291,0
ID28292,0
ID28293,0
ID28294,0
ID28295,0
ID28296,0
ID28297,0
ID28298,0
ID28299,0
ID28300,0
ID28301,0
ID28302,0
ID28303,0
ID28304,1
ID28305,0
ID28306,0
ID28307,0
ID28308,0
ID28309,0
ID28310,0
ID28311,0
ID28312,0
ID28313,0
ID28314,0
ID28315,0
ID28316,0
ID28317,1
ID28318,0
ID28319,0
ID28320,0
ID28321,0
ID28322,0
ID28323,0
ID28324,0
ID28325,0
ID28326,0
ID28327,0
ID28328,0
ID28329,0
ID28330,0
ID28331,0
ID28332,0
ID28333,1
ID28334,0
ID28335,0
ID28336,0
ID28337,0
ID28338,0
ID28339,0
ID28340,1
ID28341,0
ID28342,0
ID28343,0
ID28344,0
ID28345,0
ID28346,0
ID28347,0
ID28348,0
ID28349,0
ID28350,0
ID28351,0
ID28352,0
ID28353,0
ID28354,0
ID28355,0
ID28356,0
ID28357,0
ID28358,0
ID28359,0
ID28360,0
ID28361,0
ID28362,0
ID28363,0
ID28364,0
ID28365,0
ID28366,0
ID28367,0
ID28368,0
ID28369,0
ID28370,0
ID28371,0
ID28372,0
ID28373,0
ID28374,0
ID28375,0
ID28376,1
ID28377,0
ID28378,0
ID28379,0
ID28380,0
ID28381,0
ID28382,0
ID28383,1
ID28384,0
ID28385,0
ID28386,0
ID28387,0
ID28388,0
ID28389,0
ID28390,0
ID28391,0
ID28392,0
ID28393,0
ID28394,0
ID28395,0
ID28396,1
ID28397,0
ID28398,0
ID28399,0
ID28400,0
ID28401,0
ID28402,0
ID28403,0
ID28404,0
ID28405,0
ID28406,0
ID28407,0
ID28408,0
ID28409,0
ID28410,0
ID28411,0
ID28412,0
ID28413,0
ID28414,1
ID28415,0
ID28416,0
ID28417,0
ID28418,0
ID28419,0
ID28420,0
ID28421,0
ID28422,0
ID28423,0
ID28424,0
ID28425,0
ID28426,0
ID28427,1
ID28428,0
ID28429,0
ID28430,0
ID28431,0
ID28432,1
ID28433,0
ID28434,0
ID28435,0
ID28436,0
ID28437,0
ID28438,0
ID28439,0
ID28440,0
ID28441,0
ID28442,0
ID28443,0
ID28444,0
ID28445,1
ID28446,0
ID28447,0
ID28448,0
ID28449,0
ID28450,1
ID28451,0
ID28452,0
ID28453,1
ID28454,1
ID28455,0
ID28456,0
ID28457,0
ID28458,0
ID28459,0
ID28460,0
ID28461,0
ID28462,0
ID28463,0
ID28464,0
ID28465,0
ID28466,0
ID28467,0
ID28468,0
ID28469,0
ID28470,0
ID28471,0
ID28472,0
ID28473,0
ID28474,0
ID28475,0
ID28476,0
ID28477,0
ID28478,0
ID28479,0
ID28480,0
ID28481,0
ID28482,0
ID28483,0
ID28484,0
ID28485,0
ID28486,0
ID28487,0
ID28488,0
ID28489,0
ID28490,0
ID28491,0
ID28492,0
ID28493,0
ID28494,0
ID28495,0
ID28496,0
ID28497,0
ID28498,0
ID28499,1
ID28500,0
ID28501,0
ID28502,0
ID28503,0
ID28504,0
ID28505,0
ID28506,0
ID28507,0
ID28508,0
ID28509,0
ID28510,0
ID28511,0
ID28512,1
ID28513,0
ID28514,0
ID28515,0
ID28516,0
ID28517,0
ID28518,0
ID28519,0
ID28520,0
ID28521,0
ID28522,0
ID28523,0
ID28524,0
ID28525,0
ID28526,0
ID28527,0
ID28528,0
ID28529,0
ID28530,0
ID28531,0
ID28532,0
ID28533,0
ID28534,0
ID28535,0
ID28536,0
ID28537,0
ID28538,0
ID28539,0
ID28540,0
ID28541,0
ID28542,0
ID28543,0
ID28544,0
ID28545,0
ID28546,0
ID28547,0
ID28548,0
ID28549,0
ID28550,0
ID28551,0
ID28552,0
ID28553,0
ID28554,0
ID28555,0
ID28556,0
ID28557,0
ID28558,0
ID28559,0
ID28560,0
ID28561,0
ID28562,0
ID28563,0
ID28564,1
ID28565,0
ID28566,0
ID28567,0
ID28568,0
ID28569,0
ID28570,0
ID28571,0
ID28572,0
ID28573,0
ID28574,0
ID28575,0
ID28576,0
ID28577,0
ID28578,0
ID28579,0
ID28580,0
ID28581,0
ID28582,0
ID28583,0
ID28584,0
ID28585,1
ID28586,0
ID28587,0
ID28588,0
ID28589,0
ID28590,0
ID28591,0
ID28592,0
ID28593,0
ID28594,0
ID28595,0
ID28596,1
ID28597,0
ID28598,0
ID28599,0
ID28600,0
ID28601,0
ID28602,0
ID28603,0
ID28604,0
ID28605,0
ID28606,1
ID28607,0
ID28608,1
ID28609,1
ID28610,0
ID28611,0
ID28612,1
ID28613,1
ID28614,0
ID28615,0
ID28616,0
ID28617,0
ID28618,0
ID28619,0
ID28620,0
ID28621,0
ID28622,0
ID28623,0
ID28624,0
ID28625,0
ID28626,0
ID28627,0
ID28628,1
ID28629,0
ID28630,0
ID28631,0
ID28632,0
ID28633,0
ID28634,0
ID28635,0
ID28636,0
ID28637,0
ID28638,0
ID28639,0
ID28640,0
ID28641,0
ID28642,0
ID28643,0
ID28644,0
ID28645,0
ID28646,0
ID28647,0
ID28648,0
ID28649,0
ID28650,0
ID28651,0
ID28652,0
ID28653,0
ID28654,0
ID28655,0
ID28656,0
ID28657,0
ID28658,0
ID28659,0
ID28660,0
ID28661,0
ID28662,0
ID28663,0
ID28664,0
ID28665,1
ID28666,0
ID28667,0
ID28668,0
ID28669,1
ID28670,1
ID28671,0
ID28672,0
ID28673,0
ID28674,0
ID28675,0
ID28676,1
ID28677,0
ID28678,0
ID28679,0
ID28680,0
ID28681,0
ID28682,1
ID28683,1
ID28684,0
ID28685,0
ID28686,0
ID28687,0
ID28688,0
ID28689,0
ID28690,0
ID28691,0
ID28692,0
ID28693,0
ID28694,0
ID28695,0
ID28696,0
ID28697,0
ID28698,0
ID28699,0
ID28700,0
ID28701,0
ID28702,1
ID28703,0
ID28704,0
ID28705,0
ID28706,0
ID28707,0
ID28708,0
ID28709,0
ID28710,0
ID28711,0
ID28712,0
ID28713,0
ID28714,0
ID28715,0
ID28716,0
ID28717,0
ID28718,0
ID28719,1
ID28720,0
ID28721,0
ID28722,0
ID28723,0
ID28724,0
ID28725,0
ID28726,0
ID28727,0
ID28728,0
ID28729,0
ID28730,0
ID28731,0
ID28732,0
ID28733,0
ID28734,0
ID28735,0
ID28736,0
ID28737,0
ID28738,1
ID28739,0
ID28740,0
ID28741,0
ID28742,0
ID28743,0
ID28744,0
ID28745,0
ID28746,0
ID28747,0
ID28748,0
ID28749,0
ID28750,0
ID28751,0
ID28752,0
ID28753,0
ID28754,0
ID28755,0
ID28756,0
ID28757,0
ID28758,1
ID28759,0
ID28760,0
ID28761,0
ID28762,0
ID28763,0
ID28764,0
ID28765,0
ID28766,0
ID28767,0
ID28768,0
ID28769,0
ID28770,0
ID28771,0
ID28772,0
ID28773,0
ID28774,0
ID28775,0
ID28776,0
ID28777,0
ID28778,0
ID28779,0
ID28780,0
ID28781,0
ID28782,0
ID28783,0
ID28784,0
ID28785,0
ID28786,0
ID28787,0
ID28788,0
ID28789,0
ID28790,0
ID28791,0
ID28792,0
ID28793,0
ID28794,0
ID28795,0
ID28796,0
ID28797,0
ID28798,1
ID28799,0
ID28800,0
ID28801,0
ID28802,0
ID28803,0
ID28804,1
ID28805,0
ID28806,0
ID28807,0
ID28808,0
ID28809,0
ID28810,0
ID28811,0
ID28812,0
ID28813,0
ID28814,0
ID28815,0
ID28816,0
ID28817,0
ID28818,0
ID28819,0
ID28820,0
ID28821,1
ID28822,0
ID28823,0
ID28824,0
ID28825,0
ID28826,0
ID28827,0
ID28828,0
ID28829,0
ID28830,0
ID28831,0
ID28832,0
ID28833,0
ID28834,0
ID28835,0
ID28836,0
ID28837,0
ID28838,0
ID28839,0
ID28840,0
ID28841,0
ID28842,0
ID28843,0
ID28844,0
ID28845,0
ID28846,0
ID28847,0
ID28848,0
ID28849,0
ID28850,0
ID28851,0
ID28852,0
ID28853,0
ID28854,0
ID28855,0
ID28856,0
ID28857,0
ID28858,0
ID28859,0
ID28860,0
ID28861,0
ID28862,0
ID28863,0
ID28864,0
ID28865,0
ID28866,0
ID28867,0
ID28868,0
ID28869,0
ID28870,0
ID28871,0
ID28872,0
ID28873,0
ID28874,0
ID28875,0
ID28876,0
ID28877,0
ID28878,0
ID28879,0
ID28880,0
ID28881,0
ID28882,0
ID28883,0
ID28884,0
ID28885,0
ID28886,0
ID28887,0
ID28888,0
ID28889,0
ID28890,0
ID28891,0
ID28892,0
ID28893,0
ID28894,0
ID28895,0
ID28896,0
ID28897,0
ID28898,0
ID28899,0
ID28900,0
ID28901,0
ID28902,0
ID28903,0
ID28904,0
ID28905,0
ID28906,0
ID28907,0
ID28908,0
ID28909,0
ID28910,0
ID28911,0
ID28912,0
ID28913,0
ID28914,0
ID28915,0
ID28916,0
ID28917,0
ID28918,1
ID28919,0
ID28920,1
ID28921,0
ID28922,0
ID28923,0
ID28924,0
ID28925,0
ID28926,0
ID28927,0
ID28928,0
ID28929,0
ID28930,0
ID28931,0
ID28932,0
ID28933,0
ID28934,0
ID28935,0
ID28936,0
ID28937,0
ID28938,0
ID28939,0
ID28940,0
ID28941,0
ID28942,0
ID28943,1
ID28944,0
ID28945,0
ID28946,0
ID28947,0
ID28948,0
ID28949,0
ID28950,0
ID28951,0
ID28952,0
ID28953,0
ID28954,1
ID28955,0
ID28956,0
ID28957,0
ID28958,0
ID28959,0
ID28960,0
ID28961,0
ID28962,0
ID28963,0
ID28964,0
ID28965,0
ID28966,0
ID28967,0
ID28968,1
ID28969,0
ID28970,0
ID28971,0
ID28972,0
ID28973,0
ID28974,0
ID28975,0
ID28976,0
ID28977,0
ID28978,0
ID28979,0
ID28980,0
ID28981,0
ID28982,0
ID28983,0
ID28984,0
ID28985,0
ID28986,0
ID28987,0
ID28988,0
ID28989,0
ID28990,0
ID28991,0
ID28992,0
ID28993,0
ID28994,0
ID28995,0
ID28996,0
ID28997,0
ID28998,0
ID28999,0
ID29000,0
ID29001,0
ID29002,0
ID29003,0
ID29004,0
ID29005,0
ID29006,0
ID29007,0
ID29008,0
ID29009,0
ID29010,0
ID29011,0
ID29012,0
ID29013,0
ID29014,0
ID29015,0
ID29016,1
ID29017,0
ID29018,0
ID29019,0
ID29020,0
ID29021,0
ID29022,0
ID29023,0
ID29024,0
ID29025,0
ID29026,0
ID29027,1
ID29028,0
ID29029,0
ID29030,0
ID29031,0
ID29032,0
ID29033,0
ID29034,0
ID29035,0
ID29036,0
ID29037,0
ID29038,0
ID29039,0
ID29040,1
ID29041,0
ID29042,0
ID29043,0
ID29044,0
ID29045,0
ID29046,1
ID29047,0
ID29048,0
ID29049,0
ID29050,0
ID29051,0
ID29052,0
ID29053,0
ID29054,0
ID29055,0
ID29056,0
ID29057,0
ID29058,0
ID29059,0
ID29060,0
ID29061,0
ID29062,0
ID29063,0
ID29064,0
ID29065,0
ID29066,0
ID29067,0
ID29068,0
ID29069,0
ID29070,0
ID29071,0
ID29072,0
ID29073,0
ID29074,1
ID29075,0
ID29076,0
ID29077,0
ID29078,0
ID29079,0
ID29080,0
ID29081,0
ID29082,0
ID29083,0
ID29084,0
ID29085,0
ID29086,0
ID29087,0
ID29088,0
ID29089,0
ID29090,0
ID29091,0
ID29092,0
ID29093,0
ID29094,0
ID29095,0
ID29096,0
ID29097,0
ID29098,0
ID29099,0
ID29100,0
ID29101,0
ID29102,0
ID29103,0
ID29104,0
ID29105,0
ID29106,1
ID29107,0
ID29108,0
ID29109,0
ID29110,1
ID29111,0
ID29112,0
ID29113,0
ID29114,0
ID29115,0
ID29116,0
ID29117,0
ID29118,0
ID29119,0
ID29120,0
ID29121,0
ID29122,0
ID29123,0
ID29124,0
ID29125,0
ID29126,0
ID29127,0
ID29128,0
ID29129,0
ID29130,0
ID29131,0
ID29132,0
ID29133,0
ID29134,0
ID29135,0
ID29136,0
ID29137,0
ID29138,0
ID29139,0
ID29140,0
ID29141,0
ID29142,0
ID29143,0
ID29144,0
ID29145,0
ID29146,0
ID29147,0
ID29148,0
ID29149,0
ID29150,0
ID29151,0
ID29152,0
ID29153,0
ID29154,1
ID29155,0
ID29156,0
ID29157,0
ID29158,0
ID29159,0
ID29160,0
ID29161,0
ID29162,0
ID29163,0
ID29164,0
ID29165,0
ID29166,0
ID29167,0
ID29168,0
ID29169,0
ID29170,0
ID29171,0
ID29172,0
ID29173,0
ID29174,0
ID29175,0
ID29176,0
ID29177,0
ID29178,0
ID29179,0
ID29180,0
ID29181,0
ID29182,0
ID29183,1
ID29184,0
ID29185,0
ID29186,0
ID29187,0
ID29188,0
ID29189,0
ID29190,0
ID29191,0
ID29192,0
ID29193,0
ID29194,0
ID29195,0
ID29196,0
ID29197,0
ID29198,0
ID29199,0
ID29200,0
ID29201,0
ID29202,0
ID29203,0
ID29204,0
ID29205,0
ID29206,0
ID29207,1
ID29208,0
ID29209,0
ID29210,0
ID29211,0
ID29212,0
ID29213,0
ID29214,0
ID29215,0
ID29216,0
ID29217,1
ID29218,0
ID29219,0
ID29220,0
ID29221,0
ID29222,0
ID29223,0
ID29224,0
ID29225,0
ID29226,0
ID29227,0
ID29228,0
ID29229,0
ID29230,0
ID29231,0
ID29232,0
ID29233,0
ID29234,0
ID29235,0
ID29236,0
ID29237,0
ID29238,0
ID29239,0
ID29240,1
ID29241,0
ID29242,0
ID29243,0
ID29244,0
ID29245,0
ID29246,0
ID29247,0
ID29248,0
ID29249,0
ID29250,0
ID29251,0
ID29252,0
ID29253,0
ID29254,0
ID29255,0
ID29256,0
ID29257,0
ID29258,0
ID29259,0
ID29260,0
ID29261,0
ID29262,0
ID29263,0
ID29264,0
ID29265,0
ID29266,1
ID29267,0
ID29268,0
ID29269,0
ID29270,0
ID29271,0
ID29272,1
ID29273,0
ID29274,0
ID29275,0
ID29276,0
ID29277,0
ID29278,0
ID29279,0
ID29280,1
ID29281,0
ID29282,0
ID29283,0
ID29284,0
ID29285,0
ID29286,0
ID29287,0
ID29288,0
ID29289,0
ID29290,0
ID29291,0
ID29292,0
ID29293,0
ID29294,0
ID29295,0
ID29296,0
ID29297,0
ID29298,0
ID29299,0
ID29300,0
ID29301,0
ID29302,0
ID29303,1
ID29304,0
ID29305,0
ID29306,0
ID29307,0
ID29308,0
ID29309,0
ID29310,0
ID29311,0
ID29312,0
ID29313,0
ID29314,0
ID29315,0
ID29316,0
ID29317,0
ID29318,1
ID29319,0
ID29320,0
ID29321,0
ID29322,0
ID29323,0
ID29324,0
ID29325,0
ID29326,0
ID29327,0
ID29328,0
ID29329,0
ID29330,0
ID29331,0
ID29332,0
ID29333,0
ID29334,0
ID29335,0
ID29336,0
ID29337,0
ID29338,0
ID29339,0
ID29340,0
ID29341,0
ID29342,0
ID29343,0
ID29344,0
ID29345,0
ID29346,0
ID29347,0
ID29348,0
ID29349,0
ID29350,0
ID29351,0
ID29352,0
ID29353,0
ID29354,0
ID29355,0
ID29356,0
ID29357,0
ID29358,0
ID29359,0
ID29360,0
ID29361,0
ID29362,0
ID29363,0
ID29364,0
ID29365,0
ID29366,0
ID29367,0
ID29368,0
ID29369,0
ID29370,0
ID29371,0
ID29372,1
ID29373,0
ID29374,0
ID29375,0
ID29376,0
ID29377,0
ID29378,0
ID29379,0
ID29380,0
ID29381,0
ID29382,0
ID29383,0
ID29384,1
ID29385,0
ID29386,0
ID29387,0
ID29388,0
ID29389,0
ID29390,0
ID29391,0
ID29392,0
ID29393,0
ID29394,1
ID29395,0
ID29396,0
ID29397,0
ID29398,0
ID29399,0
ID29400,0
ID29401,0
ID29402,0
ID29403,0
ID29404,0
ID29405,0
ID29406,0
ID29407,1
ID29408,1
ID29409,0
ID29410,0
ID29411,0
ID29412,0
ID29413,0
ID29414,0
ID29415,0
ID29416,0
ID29417,0
ID29418,0
ID29419,0
ID29420,0
ID29421,0
ID29422,0
ID29423,0
ID29424,0
ID29425,0
ID29426,0
ID29427,0
ID29428,0
ID29429,0
ID29430,0
ID29431,0
ID29432,0
ID29433,0
ID29434,0
ID29435,0
ID29436,0
ID29437,0
ID29438,0
ID29439,0
ID29440,0
ID29441,0
ID29442,0
ID29443,0
ID29444,0
ID29445,0
ID29446,0
ID29447,0
ID29448,0
ID29449,0
ID29450,0
ID29451,0
ID29452,0
ID29453,0
ID29454,0
ID29455,0
ID29456,0
ID29457,0
ID29458,0
ID29459,0
ID29460,0
ID29461,0
ID29462,0
ID29463,0
ID29464,1
ID29465,0
ID29466,0
ID29467,0
ID29468,0
ID29469,0
ID29470,0
ID29471,0
ID29472,1
ID29473,0
ID29474,0
ID29475,0
ID29476,0
ID29477,0
ID29478,1
ID29479,0
ID29480,0
ID29481,0
ID29482,0
ID29483,0
ID29484,1
ID29485,0
ID29486,0
ID29487,0
ID29488,1
ID29489,0
ID29490,0
ID29491,0
ID29492,0
ID29493,0
ID29494,0
ID29495,0
ID29496,1
ID29497,0
ID29498,0
ID29499,0
ID29500,0
ID29501,0
ID29502,0
ID29503,0
ID29504,0
ID29505,0
ID29506,0
ID29507,0
ID29508,0
ID29509,0
ID29510,0
ID29511,0
ID29512,0
ID29513,0
ID29514,1
ID29515,0
ID29516,0
ID29517,0
ID29518,0
ID29519,0
ID29520,0
ID29521,0
ID29522,1
ID29523,0
ID29524,0
ID29525,0
ID29526,0
ID29527,0
ID29528,0
ID29529,0
ID29530,0
ID29531,0
ID29532,0
ID29533,0
ID29534,0
ID29535,0
ID29536,0
ID29537,0
ID29538,0
ID29539,0
ID29540,1
ID29541,0
ID29542,0
ID29543,0
ID29544,0
ID29545,0
ID29546,0
ID29547,0
ID29548,0
ID29549,0
ID29550,1
ID29551,0
ID29552,0
ID29553,0
ID29554,0
ID29555,0
ID29556,0
ID29557,1
ID29558,0
ID29559,0
ID29560,0
ID29561,0
ID29562,0
ID29563,0
ID29564,0
ID29565,0
ID29566,0
ID29567,0
ID29568,0
ID29569,0
ID29570,0
ID29571,1
ID29572,0
ID29573,0
ID29574,0
ID29575,0
ID29576,0
ID29577,0
ID29578,0
ID29579,0
ID29580,1
ID29581,0
ID29582,0
ID29583,0
ID29584,0
ID29585,0
ID29586,0
ID29587,0
ID29588,0
ID29589,0
ID29590,0
ID29591,0
ID29592,0
ID29593,0
ID29594,0
ID29595,0
ID29596,1
ID29597,0
ID29598,1
ID29599,0
ID29600,0
ID29601,0
ID29602,0
ID29603,0
ID29604,0
ID29605,0
ID29606,0
ID29607,0
ID29608,0
ID29609,0
ID29610,0
ID29611,0
ID29612,0
ID29613,0
ID29614,0
ID29615,1
ID29616,0
ID29617,0
ID29618,0
ID29619,0
ID29620,0
ID29621,0
ID29622,0
ID29623,0
ID29624,0
ID29625,0
ID29626,0
ID29627,0
ID29628,0
ID29629,0
ID29630,0
ID29631,0
ID29632,0
ID29633,0
ID29634,0
ID29635,0
ID29636,1
ID29637,1
ID29638,0
ID29639,0
ID29640,0
ID29641,0
ID29642,0
ID29643,0
ID29644,0
ID29645,0
ID29646,0
ID29647,0
ID29648,0
ID29649,0
ID29650,0
ID29651,0
ID29652,0
ID29653,0
ID29654,0
ID29655,1
ID29656,0
ID29657,0
ID29658,0
ID29659,0
ID29660,0
ID29661,1
ID29662,0
ID29663,0
ID29664,0
ID29665,1
ID29666,0
ID29667,0
ID29668,0
ID29669,0
ID29670,0
ID29671,0
ID29672,0
ID29673,0
ID29674,0
ID29675,0
ID29676,0
ID29677,0
ID29678,0
ID29679,0
ID29680,0
ID29681,0
ID29682,0
ID29683,0
ID29684,0
ID29685,0
ID29686,0
ID29687,0
ID29688,0
ID29689,0
ID29690,0
ID29691,0
ID29692,0
ID29693,0
ID29694,0
ID29695,0
ID29696,0
ID29697,0
ID29698,0
ID29699,0
ID29700,0
ID29701,0
ID29702,0
ID29703,0
ID29704,1
ID29705,1
ID29706,0
ID29707,0
ID29708,0
ID29709,0
ID29710,0
ID29711,0
ID29712,0
ID29713,0
ID29714,0
ID29715,0
ID29716,0
ID29717,0
ID29718,0
ID29719,0
ID29720,0
ID29721,0
ID29722,0
ID29723,0
ID29724,0
ID29725,0
ID29726,0
ID29727,0
ID29728,1
ID29729,0
ID29730,0
ID29731,0
ID29732,0
ID29733,0
ID29734,1
ID29735,0
ID29736,0
ID29737,0
ID29738,0
ID29739,0
ID29740,0
ID29741,0
ID29742,0
ID29743,0
ID29744,0
ID29745,0
ID29746,0
ID29747,0
ID29748,1
ID29749,0
ID29750,0
ID29751,0
ID29752,0
ID29753,0
ID29754,0
ID29755,0
ID29756,1
ID29757,0
ID29758,0
ID29759,0
ID29760,0
ID29761,0
ID29762,0
ID29763,0
ID29764,0
ID29765,0
ID29766,0
ID29767,0
ID29768,0
ID29769,0
ID29770,0
ID29771,0
ID29772,0
ID29773,0
ID29774,0
ID29775,0
ID29776,0
ID29777,0
ID29778,0
ID29779,0
ID29780,0
ID29781,0
ID29782,0
ID29783,0
ID29784,0
ID29785,1
ID29786,0
ID29787,0
ID29788,0
ID29789,0
ID29790,0
ID29791,0
ID29792,0
ID29793,0
ID29794,0
ID29795,1
ID29796,0
ID29797,0
ID29798,1
ID29799,0
ID29800,1
ID29801,0
ID29802,0
ID29803,0
ID29804,0
ID29805,0
ID29806,0
ID29807,0
ID29808,0
ID29809,0
ID29810,0
ID29811,0
ID29812,0
ID29813,0
ID29814,0
ID29815,0
ID29816,0
ID29817,0
ID29818,0
ID29819,0
ID29820,0
ID29821,0
ID29822,0
ID29823,0
ID29824,0
ID29825,0
ID29826,0
ID29827,0
ID29828,0
ID29829,0
ID29830,0
ID29831,0
ID29832,0
ID29833,0
ID29834,0
ID29835,0
ID29836,0
ID29837,0
ID29838,0
ID29839,0
ID29840,0
ID29841,0
ID29842,0
ID29843,0
ID29844,0
ID29845,0
ID29846,0
ID29847,0
ID29848,0
ID29849,0
ID29850,0
ID29851,0
ID29852,0
ID29853,0
ID29854,0
ID29855,0
ID29856,0
ID29857,0
ID29858,0
ID29859,0
ID29860,0
ID29861,0
ID29862,0
ID29863,0
ID29864,0
ID29865,0
ID29866,0
ID29867,0
ID29868,0
ID29869,0
ID29870,0
ID29871,0
ID29872,0
ID29873,0
ID29874,0
ID29875,0
ID29876,0
ID29877,1
ID29878,1
ID29879,0
ID29880,0
ID29881,0
ID29882,1
ID29883,0
ID29884,0
ID29885,0
ID29886,0
ID29887,0
ID29888,0
ID29889,0
ID29890,0
ID29891,0
ID29892,1
ID29893,0
ID29894,0
ID29895,0
ID29896,0
ID29897,0
ID29898,0
ID29899,0
ID29900,0
ID29901,0
ID29902,0
ID29903,0
ID29904,1
ID29905,0
ID29906,0
ID29907,0
ID29908,0
ID29909,0
ID29910,0
ID29911,0
ID29912,0
ID29913,0
ID29914,0
ID29915,0
ID29916,0
ID29917,0
ID29918,0
ID29919,0
ID29920,0
ID29921,0
ID29922,0
ID29923,0
ID29924,0
ID29925,0
ID29926,0
ID29927,0
ID29928,0
ID29929,0
ID29930,0
ID29931,0
ID29932,0
ID29933,0
ID29934,0
ID29935,0
ID29936,0
ID29937,0
ID29938,0
ID29939,0
ID29940,0
ID29941,0
ID29942,0
ID29943,0
ID29944,0
ID29945,0
ID29946,0
ID29947,0
ID29948,0
ID29949,0
ID29950,0
ID29951,0
ID29952,0
ID29953,0
ID29954,0
ID29955,0
ID29956,0
ID29957,1
ID29958,0
ID29959,0
ID29960,1
ID29961,0
ID29962,0
ID29963,0
ID29964,0
ID29965,0
ID29966,0
ID29967,0
ID29968,0
ID29969,0
ID29970,0
ID29971,0
ID29972,1
ID29973,0
ID29974,0
ID29975,0
ID29976,0
ID29977,0
ID29978,0
ID29979,0
ID29980,0
ID29981,0
ID29982,0
ID29983,0
ID29984,0
ID29985,0
ID29986,0
ID29987,0
ID29988,0
ID29989,0
ID29990,0
ID29991,0
ID29992,0
ID29993,0
ID29994,0
ID29995,0
ID29996,0
ID29997,0
ID29998,0
ID29999,0
ID30000,0
ID30001,0
ID30002,0
ID30003,0
ID30004,0
ID30005,0
ID30006,0
ID30007,0
ID30008,0
ID30009,0
ID30010,0
ID30011,0
ID30012,0
ID30013,0
ID30014,0
ID30015,0
ID30016,0
ID30017,0
ID30018,0
ID30019,0
ID30020,0
ID30021,0
ID30022,0
ID30023,0
ID30024,1
ID30025,0
ID30026,0
ID30027,0
ID30028,0
ID30029,0
ID30030,0
ID30031,0
ID30032,0
ID30033,0
ID30034,0
ID30035,0
ID30036,0
ID30037,0
ID30038,0
ID30039,0
ID30040,0
ID30041,0
ID30042,0
ID30043,0
ID30044,0
ID30045,0
ID30046,0
ID30047,0
ID30048,0
ID30049,1
ID30050,0
ID30051,0
ID30052,0
ID30053,0
ID30054,0
ID30055,0
ID30056,0
ID30057,0
ID30058,0
ID30059,0
ID30060,0
ID30061,0
ID30062,0
ID30063,0
ID30064,0
ID30065,0
ID30066,0
ID30067,0
ID30068,0
ID30069,0
ID30070,0
ID30071,0
ID30072,0
ID30073,0
ID30074,0
ID30075,1
ID30076,0
ID30077,0
ID30078,0
ID30079,0
ID30080,0
ID30081,0
ID30082,0
ID30083,0
ID30084,0
ID30085,0
ID30086,0
ID30087,0
ID30088,0
ID30089,0
ID30090,0
ID30091,0
ID30092,0
ID30093,0
ID30094,0
ID30095,0
ID30096,0
ID30097,0
ID30098,0
ID30099,0
ID30100,0
ID30101,0
ID30102,1
ID30103,0
ID30104,0
ID30105,0
ID30106,0
ID30107,0
ID30108,0
ID30109,0
ID30110,0
ID30111,0
ID30112,0
ID30113,0
ID30114,0
ID30115,0
ID30116,0
ID30117,0
ID30118,0
ID30119,0
ID30120,0
ID30121,0
ID30122,0
ID30123,0
ID30124,0
ID30125,0
ID30126,0
ID30127,0
ID30128,0
ID30129,0
ID30130,0
ID30131,0
ID30132,1
ID30133,0
ID30134,0
ID30135,0
ID30136,1
ID30137,0
ID30138,0
ID30139,0
ID30140,0
ID30141,0
ID30142,0
ID30143,1
ID30144,0
ID30145,0
ID30146,0
ID30147,0
ID30148,0
ID30149,0
ID30150,1
ID30151,0
ID30152,0
ID30153,0
ID30154,0
ID30155,0
ID30156,0
ID30157,0
ID30158,0
ID30159,0
ID30160,0
ID30161,0
ID30162,0
ID30163,0
ID30164,1
ID30165,0
ID30166,0
ID30167,0
ID30168,0
ID30169,0
ID30170,0
ID30171,0
ID30172,0
ID30173,0
ID30174,0
ID30175,0
ID30176,0
ID30177,0
ID30178,0
ID30179,0
ID30180,0
ID30181,0
ID30182,0
ID30183,0
ID30184,0
ID30185,0
ID30186,0
ID30187,0
ID30188,0
ID30189,0
ID30190,0
ID30191,0
ID30192,0
ID30193,0
ID30194,1
ID30195,0
ID30196,0
ID30197,0
ID30198,0
ID30199,0
ID30200,0
ID30201,0
ID30202,0
ID30203,0
ID30204,0
ID30205,0
ID30206,0
ID30207,0
ID30208,0
ID30209,0
ID30210,0
ID30211,1
ID30212,0
ID30213,0
ID30214,0
ID30215,0
ID30216,0
ID30217,0
ID30218,0
ID30219,0
ID30220,0
ID30221,0
ID30222,0
ID30223,0
ID30224,0
ID30225,0
ID30226,0
ID30227,0
ID30228,0
ID30229,0
ID30230,0
ID30231,0
ID30232,0
ID30233,1
ID30234,0
ID30235,0
ID30236,0
ID30237,0
ID30238,0
ID30239,0
ID30240,0
ID30241,0
ID30242,0
ID30243,1
ID30244,1
ID30245,0
ID30246,0
ID30247,0
ID30248,0
ID30249,0
ID30250,0
ID30251,0
ID30252,0
ID30253,0
ID30254,0
ID30255,0
ID30256,0
ID30257,0
ID30258,0
ID30259,0
ID30260,0
ID30261,0
ID30262,0
ID30263,1
ID30264,0
ID30265,0
ID30266,0
ID30267,0
ID30268,0
ID30269,1
ID30270,0
ID30271,0
ID30272,0
ID30273,0
ID30274,0
ID30275,0
ID30276,0
ID30277,0
ID30278,0
ID30279,0
ID30280,0
ID30281,0
ID30282,0
ID30283,0
ID30284,0
ID30285,0
ID30286,0
ID30287,0
ID30288,0
ID30289,0
ID30290,0
ID30291,0
ID30292,0
ID30293,0
ID30294,0
ID30295,0
ID30296,0
ID30297,0
ID30298,0
ID30299,0
ID30300,0
ID30301,0
ID30302,0
ID30303,0
ID30304,0
ID30305,0
ID30306,0
ID30307,0
ID30308,0
ID30309,0
ID30310,0
ID30311,0
ID30312,0
ID30313,0
ID30314,0
ID30315,0
ID30316,1
ID30317,0
ID30318,0
ID30319,0
ID30320,0
ID30321,0
ID30322,0
ID30323,0
ID30324,0
ID30325,0
ID30326,0
ID30327,0
ID30328,0
ID30329,0
ID30330,0
ID30331,0
ID30332,0
ID30333,0
ID30334,0
ID30335,0
ID30336,0
ID30337,0
ID30338,1
ID30339,0
ID30340,0
ID30341,0
ID30342,0
ID30343,0
ID30344,0
ID30345,0
ID30346,0
ID30347,0
ID30348,0
ID30349,0
ID30350,1
ID30351,0
ID30352,0
ID30353,1
ID30354,0
ID30355,0
ID30356,0
ID30357,0
ID30358,0
ID30359,0
ID30360,0
ID30361,1
ID30362,0
ID30363,1
ID30364,0
ID30365,0
ID30366,0
ID30367,1
ID30368,0
ID30369,0
ID30370,0
ID30371,0
ID30372,1
ID30373,0
ID30374,0
ID30375,0
ID30376,0
ID30377,0
ID30378,0
ID30379,0
ID30380,0
ID30381,0
ID30382,0
ID30383,0
ID30384,0
ID30385,0
ID30386,0
ID30387,0
ID30388,0
ID30389,0
ID30390,0
ID30391,0
ID30392,0
ID30393,0
ID30394,1
ID30395,0
ID30396,0
ID30397,0
ID30398,0
ID30399,1
ID30400,0
ID30401,0
ID30402,0
ID30403,0
ID30404,0
ID30405,0
ID30406,0
ID30407,0
ID30408,0
ID30409,0
ID30410,0
ID30411,1
ID30412,0
ID30413,0
ID30414,0
ID30415,0
ID30416,0
ID30417,0
ID30418,0
ID30419,0
ID30420,0
ID30421,0
ID30422,0
ID30423,0
ID30424,0
ID30425,0
ID30426,0
ID30427,0
ID30428,1
ID30429,0
ID30430,0
ID30431,0
ID30432,0
ID30433,0
ID30434,0
ID30435,0
ID30436,0
ID30437,0
ID30438,0
ID30439,0
ID30440,0
ID30441,0
ID30442,0
ID30443,1
ID30444,0
ID30445,0
ID30446,0
ID30447,0
ID30448,0
ID30449,0
ID30450,0
ID30451,0
ID30452,0
ID30453,0
ID30454,0
ID30455,0
ID30456,1
ID30457,0
ID30458,0
ID30459,0
ID30460,0
ID30461,0
ID30462,0
ID30463,0
ID30464,0
ID30465,0
ID30466,0
ID30467,0
ID30468,0
ID30469,0
ID30470,0
ID30471,0
ID30472,0
ID30473,0
ID30474,1
ID30475,0
ID30476,0
ID30477,1
ID30478,0
ID30479,0
ID30480,0
ID30481,0
ID30482,0
ID30483,0
ID30484,0
ID30485,0
ID30486,0
ID30487,0
ID30488,0
ID30489,0
ID30490,0
ID30491,1
ID30492,0
ID30493,0
ID30494,0
ID30495,0
ID30496,0
ID30497,0
ID30498,0
ID30499,0
ID30500,0
ID30501,0
ID30502,0
ID30503,0
ID30504,0
ID30505,0
ID30506,0
ID30507,0
ID30508,1
ID30509,0
ID30510,0
ID30511,0
ID30512,0
ID30513,0
ID30514,0
ID30515,0
ID30516,0
ID30517,0
ID30518,0
ID30519,0
ID30520,1
ID30521,0
ID30522,0
ID30523,1
ID30524,0
ID30525,0
ID30526,0
ID30527,0
ID30528,0
ID30529,0
ID30530,0
ID30531,0
ID30532,0
ID30533,0
ID30534,1
ID30535,0
ID30536,0
ID30537,0
ID30538,0
ID30539,0
ID30540,0
ID30541,0
ID30542,0
ID30543,0
ID30544,0
ID30545,0
ID30546,0
ID30547,0
ID30548,0
ID30549,0
ID30550,0
ID30551,0
ID30552,0
ID30553,0
ID30554,0
ID30555,0
ID30556,0
ID30557,0
ID30558,0
ID30559,0
ID30560,0
ID30561,0
ID30562,0
ID30563,0
ID30564,0
ID30565,0
ID30566,1
ID30567,0
ID30568,0
ID30569,0
ID30570,0
ID30571,0
ID30572,0
ID30573,0
ID30574,0
ID30575,0
ID30576,1
ID30577,0
ID30578,0
ID30579,0
ID30580,0
ID30581,0
ID30582,0
ID30583,0
ID30584,0
ID30585,0
ID30586,0
ID30587,0
ID30588,0
ID30589,0
ID30590,0
ID30591,0
ID30592,0
ID30593,0
ID30594,0
ID30595,0
ID30596,0
ID30597,0
ID30598,0
ID30599,0
ID30600,0
ID30601,0
ID30602,0
ID30603,0
ID30604,0
ID30605,1
ID30606,0
ID30607,0
ID30608,0
ID30609,0
ID30610,0
ID30611,0
ID30612,0
ID30613,0
ID30614,0
ID30615,1
ID30616,0
ID30617,0
ID30618,0
ID30619,0
ID30620,1
ID30621,0
ID30622,0
ID30623,0
ID30624,0
ID30625,0
ID30626,0
ID30627,0
ID30628,0
ID30629,0
ID30630,0
ID30631,0
ID30632,0
ID30633,0
ID30634,0
ID30635,0
ID30636,0
ID30637,1
ID30638,0
ID30639,0
ID30640,0
ID30641,0
ID30642,0
ID30643,0
ID30644,0
ID30645,1
ID30646,0
ID30647,1
ID30648,0
ID30649,0
ID30650,0
ID30651,0
ID30652,0
ID30653,0
ID30654,0
ID30655,0
ID30656,0
ID30657,0
ID30658,0
ID30659,0
ID30660,0
ID30661,0
ID30662,0
ID30663,0
ID30664,0
ID30665,0
ID30666,0
ID30667,0
ID30668,0
ID30669,0
ID30670,0
ID30671,0
ID30672,0
ID30673,0
ID30674,0
ID30675,0
ID30676,0
ID30677,0
ID30678,0
ID30679,0
ID30680,0
ID30681,0
ID30682,0
ID30683,0
ID30684,0
ID30685,0
ID30686,0
ID30687,0
ID30688,0
ID30689,0
ID30690,0
ID30691,0
ID30692,0
ID30693,0
ID30694,0
ID30695,0
ID30696,0
ID30697,0
ID30698,0
ID30699,0
ID30700,0
ID30701,0
ID30702,0
ID30703,0
ID30704,0
ID30705,0
ID30706,0
ID30707,0
ID30708,0
ID30709,0
ID30710,0
ID30711,0
ID30712,0
ID30713,1
ID30714,0
ID30715,0
ID30716,0
ID30717,0
ID30718,0
ID30719,0
ID30720,0
ID30721,0
ID30722,0
ID30723,0
ID30724,0
ID30725,0
ID30726,0
ID30727,0
ID30728,0
ID30729,0
ID30730,0
ID30731,0
ID30732,0
ID30733,0
ID30734,0
ID30735,0
ID30736,0
ID30737,0
ID30738,0
ID30739,0
ID30740,0
ID30741,0
ID30742,0
ID30743,0
ID30744,0
ID30745,0
ID30746,0
ID30747,0
ID30748,0
ID30749,0
ID30750,0
ID30751,0
ID30752,0
ID30753,0
ID30754,0
ID30755,0
ID30756,0
ID30757,0
ID30758,0
ID30759,0
ID30760,0
ID30761,0
ID30762,0
ID30763,0
ID30764,0
ID30765,0
ID30766,0
ID30767,0
ID30768,0
ID30769,1
ID30770,0
ID30771,0
ID30772,0
ID30773,0
ID30774,0
ID30775,0
ID30776,0
ID30777,0
ID30778,0
ID30779,0
ID30780,0
ID30781,0
ID30782,1
ID30783,0
ID30784,0
ID30785,0
ID30786,0
ID30787,0
ID30788,1
ID30789,0
ID30790,0
ID30791,0
ID30792,0
ID30793,0
ID30794,1
ID30795,0
ID30796,0
ID30797,1
ID30798,0
ID30799,0
ID30800,0
ID30801,0
ID30802,0
ID30803,1
ID30804,0
ID30805,0
ID30806,0
ID30807,0
ID30808,0
ID30809,0
ID30810,0
ID30811,0
ID30812,0
ID30813,1
ID30814,1
ID30815,0
ID30816,0
ID30817,0
ID30818,0
ID30819,0
ID30820,0
ID30821,0
ID30822,0
ID30823,0
ID30824,0
ID30825,0
ID30826,0
ID30827,0
ID30828,0
ID30829,1
ID30830,0
ID30831,0
ID30832,0
ID30833,0
ID30834,0
ID30835,0
ID30836,0
ID30837,1
ID30838,0
ID30839,0
ID30840,0
ID30841,0
ID30842,0
ID30843,0
ID30844,0
ID30845,1
ID30846,0
ID30847,0
ID30848,0
ID30849,0
ID30850,0
ID30851,0
ID30852,0
ID30853,0
ID30854,0
ID30855,0
ID30856,0
ID30857,0
ID30858,0
ID30859,0
ID30860,0
ID30861,0
ID30862,0
ID30863,0
ID30864,0
ID30865,0
ID30866,0
ID30867,0
ID30868,0
ID30869,0
ID30870,1
ID30871,0
ID30872,0
ID30873,0
ID30874,0
ID30875,0
ID30876,0
ID30877,0
ID30878,0
ID30879,0
ID30880,1
ID30881,0
ID30882,1
ID30883,0
ID30884,0
ID30885,0
ID30886,0
ID30887,0
ID30888,0
ID30889,0
ID30890,0
ID30891,0
ID30892,0
ID30893,0
ID30894,0
ID30895,0
ID30896,0
ID30897,0
ID30898,0
ID30899,0
ID30900,0
ID30901,0
ID30902,0
ID30903,0
ID30904,0
ID30905,0
ID30906,0
ID30907,1
ID30908,0
ID30909,0
ID30910,0
ID30911,0
ID30912,0
ID30913,0
ID30914,0
ID30915,0
ID30916,0
ID30917,0
ID30918,0
ID30919,0
ID30920,0
ID30921,0
ID30922,0
ID30923,0
ID30924,0
ID30925,0
ID30926,0
ID30927,0
ID30928,0
ID30929,0
ID30930,0
ID30931,0
ID30932,0
ID30933,1
ID30934,0
ID30935,0
ID30936,0
ID30937,0
ID30938,0
ID30939,0
ID30940,0
ID30941,0
ID30942,0
ID30943,0
ID30944,0
ID30945,0
ID30946,0
ID30947,0
ID30948,0
ID30949,0
ID30950,0
ID30951,0
ID30952,0
ID30953,0
ID30954,0
ID30955,0
ID30956,0
ID30957,0
ID30958,0
ID30959,0
ID30960,0
ID30961,0
ID30962,0
ID30963,0
ID30964,0
ID30965,0
ID30966,0
ID30967,0
ID30968,0
ID30969,0
ID30970,0
ID30971,0
ID30972,0
ID30973,0
ID30974,0
ID30975,0
ID30976,0
ID30977,0
ID30978,0
ID30979,0
ID30980,1
ID30981,0
ID30982,0
ID30983,0
ID30984,0
ID30985,1
ID30986,0
ID30987,0
ID30988,0
ID30989,0
ID30990,0
ID30991,0
ID30992,0
ID30993,0
ID30994,0
ID30995,1
ID30996,0
ID30997,0
ID30998,0
ID30999,0
ID31000,0
ID31001,0
ID31002,0
ID31003,0
ID31004,0
ID31005,0
ID31006,0
ID31007,0
ID31008,0
ID31009,0
ID31010,0
ID31011,0
ID31012,0
ID31013,0
ID31014,1
ID31015,1
ID31016,0
ID31017,0
ID31018,0
ID31019,0
ID31020,0
ID31021,0
ID31022,0
ID31023,0
ID31024,0
ID31025,0
ID31026,0
ID31027,0
ID31028,0
ID31029,0
ID31030,0
ID31031,0
ID31032,0
ID31033,0
ID31034,0
ID31035,0
ID31036,0
ID31037,0
ID31038,0
ID31039,0
ID31040,0
ID31041,1
ID31042,0
ID31043,0
ID31044,1
ID31045,0
ID31046,0
ID31047,0
ID31048,0
ID31049,0
ID31050,0
ID31051,0
ID31052,0
ID31053,0
ID31054,0
ID31055,0
ID31056,0
ID31057,0
ID31058,0
ID31059,0
ID31060,0
ID31061,0
ID31062,0
ID31063,0
ID31064,0
ID31065,0
ID31066,1
ID31067,0
ID31068,0
ID31069,0
ID31070,0
ID31071,0
ID31072,0
ID31073,0
ID31074,0
ID31075,0
ID31076,0
ID31077,0
ID31078,0
ID31079,0
ID31080,0
ID31081,0
ID31082,0
ID31083,0
ID31084,0
ID31085,1
ID31086,0
ID31087,0
ID31088,0
ID31089,0
ID31090,0
ID31091,0
ID31092,1
ID31093,1
ID31094,1
ID31095,0
ID31096,0
ID31097,0
ID31098,0
ID31099,0
ID31100,0
ID31101,0
ID31102,1
ID31103,0
ID31104,0
ID31105,0
ID31106,0
ID31107,0
ID31108,0
ID31109,0
ID31110,0
ID31111,0
ID31112,1
ID31113,0
ID31114,0
ID31115,0
ID31116,0
ID31117,0
ID31118,0
ID31119,0
ID31120,0
ID31121,0
ID31122,0
ID31123,0
ID31124,0
ID31125,0
ID31126,0
ID31127,0
ID31128,0
ID31129,0
ID31130,0
ID31131,0
ID31132,0
ID31133,0
ID31134,0
ID31135,0
ID31136,0
ID31137,0
ID31138,0
ID31139,0
ID31140,0
ID31141,0
ID31142,0
ID31143,0
ID31144,0
ID31145,0
ID31146,0
ID31147,0
ID31148,0
ID31149,0
ID31150,0
ID31151,0
ID31152,0
ID31153,0
ID31154,0
ID31155,0
ID31156,0
ID31157,0
ID31158,0
ID31159,0
ID31160,0
ID31161,0
ID31162,0
ID31163,0
ID31164,0
ID31165,0
ID31166,1
ID31167,0
ID31168,0
ID31169,0
ID31170,0
ID31171,0
ID31172,0
ID31173,1
ID31174,0
ID31175,0
ID31176,0
ID31177,0
ID31178,0
ID31179,0
ID31180,0
ID31181,0
ID31182,0
ID31183,0
ID31184,0
ID31185,0
ID31186,0
ID31187,0
ID31188,0
ID31189,0
ID31190,1
ID31191,0
ID31192,0
ID31193,0
ID31194,0
ID31195,0
ID31196,0
ID31197,0
ID31198,1
ID31199,0
ID31200,0
ID31201,0
ID31202,0
ID31203,0
ID31204,0
ID31205,0
ID31206,0
ID31207,0
ID31208,0
ID31209,0
ID31210,0
ID31211,0
ID31212,0
ID31213,0
ID31214,0
ID31215,0
ID31216,0
ID31217,0
ID31218,0
ID31219,0
ID31220,0
ID31221,0
ID31222,0
ID31223,0
ID31224,0
ID31225,0
ID31226,0
ID31227,0
ID31228,0
ID31229,0
ID31230,0
ID31231,0
ID31232,0
ID31233,0
ID31234,0
ID31235,0
ID31236,0
ID31237,0
ID31238,0
ID31239,0
ID31240,0
ID31241,0
ID31242,0
ID31243,0
ID31244,0
ID31245,0
ID31246,0
ID31247,0
ID31248,0
ID31249,0
ID31250,0
ID31251,0
ID31252,1
ID31253,0
ID31254,0
ID31255,1
ID31256,0
ID31257,0
ID31258,0
ID31259,0
ID31260,0
ID31261,0
ID31262,0
ID31263,0
ID31264,0
ID31265,0
ID31266,0
ID31267,0
ID31268,0
ID31269,0
ID31270,0
ID31271,0
ID31272,0
ID31273,0
ID31274,1
ID31275,0
ID31276,0
ID31277,0
ID31278,0
ID31279,0
ID31280,0
ID31281,0
ID31282,0
ID31283,0
ID31284,0
ID31285,0
ID31286,0
ID31287,0
ID31288,0
ID31289,0
ID31290,0
ID31291,0
ID31292,0
ID31293,0
ID31294,0
ID31295,0
ID31296,1
ID31297,0
ID31298,0
ID31299,0
ID31300,1
ID31301,0
ID31302,0
ID31303,0
ID31304,0
ID31305,0
ID31306,0
ID31307,0
ID31308,0
ID31309,0
ID31310,0
ID31311,0
ID31312,0
ID31313,0
ID31314,0
ID31315,0
ID31316,0
ID31317,0
ID31318,0
ID31319,0
ID31320,0
ID31321,0
ID31322,0
ID31323,0
ID31324,0
ID31325,1
ID31326,0
ID31327,0
ID31328,0
ID31329,0
ID31330,0
ID31331,0
ID31332,0
ID31333,0
ID31334,0
ID31335,0
ID31336,0
ID31337,0
ID31338,0
ID31339,0
ID31340,0
ID31341,0
ID31342,0
ID31343,0
ID31344,0
ID31345,1
ID31346,0
ID31347,0
ID31348,0
ID31349,0
ID31350,0
ID31351,0
ID31352,0
ID31353,0
ID31354,0
ID31355,0
ID31356,0
ID31357,0
ID31358,0
ID31359,0
ID31360,0
ID31361,0
ID31362,0
ID31363,0
ID31364,0
ID31365,0
ID31366,0
ID31367,0
ID31368,0
ID31369,0
ID31370,0
ID31371,0
ID31372,0
ID31373,0
ID31374,0
ID31375,0
ID31376,0
ID31377,0
ID31378,0
ID31379,0
ID31380,0
ID31381,0
ID31382,0
ID31383,0
ID31384,0
ID31385,0
ID31386,0
ID31387,0
ID31388,0
ID31389,0
ID31390,0
ID31391,1
ID31392,0
ID31393,0
ID31394,1
ID31395,0
ID31396,0
ID31397,0
ID31398,0
ID31399,0
ID31400,0
ID31401,0
ID31402,0
ID31403,0
ID31404,0
ID31405,0
ID31406,0
ID31407,0
ID31408,0
ID31409,0
ID31410,0
ID31411,0
ID31412,0
ID31413,0
ID31414,0
ID31415,0
ID31416,0
ID31417,0
ID31418,0
ID31419,1
ID31420,0
ID31421,0
ID31422,0
ID31423,0
ID31424,0
ID31425,0
ID31426,0
ID31427,0
ID31428,0
ID31429,0
ID31430,0
ID31431,1
ID31432,0
ID31433,0
ID31434,0
ID31435,0
ID31436,0
ID31437,0
ID31438,0
ID31439,0
ID31440,0
ID31441,0
ID31442,0
ID31443,0
ID31444,0
ID31445,0
ID31446,0
ID31447,0
ID31448,0
ID31449,0
ID31450,0
ID31451,0
ID31452,0
ID31453,0
ID31454,0
ID31455,0
ID31456,0
ID31457,0
ID31458,0
ID31459,0
ID31460,0
ID31461,0
ID31462,0
ID31463,0
ID31464,0
ID31465,0
ID31466,0
ID31467,0
ID31468,0
ID31469,0
ID31470,0
ID31471,0
ID31472,0
ID31473,0
ID31474,0
ID31475,1
ID31476,0
ID31477,0
ID31478,1
ID31479,1
ID31480,0
ID31481,0
ID31482,0
ID31483,0
ID31484,0
ID31485,0
ID31486,0
ID31487,0
ID31488,0
ID31489,0
ID31490,0
ID31491,0
ID31492,0
ID31493,1
ID31494,0
ID31495,0
ID31496,0
ID31497,0
ID31498,0
ID31499,0
ID31500,0
ID31501,1
ID31502,0
ID31503,0
ID31504,0
ID31505,1
ID31506,0
ID31507,0
ID31508,0
ID31509,0
ID31510,1
ID31511,0
ID31512,0
ID31513,0
ID31514,0
ID31515,0
ID31516,1
ID31517,0
ID31518,0
ID31519,1
ID31520,0
ID31521,0
ID31522,0
ID31523,0
ID31524,0
ID31525,0
ID31526,0
ID31527,0
ID31528,0
ID31529,0
ID31530,0
ID31531,0
ID31532,0
ID31533,0
ID31534,0
ID31535,0
ID31536,0
ID31537,0
ID31538,0
ID31539,0
ID31540,0
ID31541,0
ID31542,0
ID31543,0
ID31544,0
ID31545,0
ID31546,0
ID31547,0
ID31548,0
ID31549,0
ID31550,0
ID31551,0
ID31552,1
ID31553,0
ID31554,0
ID31555,0
ID31556,0
ID31557,0
ID31558,0
ID31559,0
ID31560,0
ID31561,0
ID31562,0
ID31563,0
ID31564,0
ID31565,0
ID31566,0
ID31567,0
ID31568,0
ID31569,0
ID31570,0
ID31571,0
ID31572,0
ID31573,0
ID31574,0
ID31575,0
ID31576,1
ID31577,0
ID31578,0
ID31579,0
ID31580,0
ID31581,0
ID31582,0
ID31583,0
ID31584,0
ID31585,1
ID31586,0
ID31587,0
ID31588,0
ID31589,0
ID31590,0
ID31591,0
ID31592,0
ID31593,0
ID31594,0
ID31595,1
ID31596,0
ID31597,0
ID31598,0
ID31599,0
ID31600,1
ID31601,0
ID31602,0
ID31603,1
ID31604,0
ID31605,0
ID31606,0
ID31607,0
ID31608,0
ID31609,0
ID31610,0
ID31611,0
ID31612,0
ID31613,0
ID31614,0
ID31615,0
ID31616,0
ID31617,0
ID31618,0
ID31619,0
ID31620,0
ID31621,0
ID31622,0
ID31623,0
ID31624,0
ID31625,0
ID31626,0
ID31627,0
ID31628,0
ID31629,0
ID31630,0
ID31631,0
ID31632,0
ID31633,0
ID31634,0
ID31635,0
ID31636,0
ID31637,0
ID31638,1
ID31639,0
ID31640,1
ID31641,0
ID31642,0
ID31643,1
ID31644,0
ID31645,0
ID31646,0
ID31647,0
ID31648,0
ID31649,0
ID31650,0
ID31651,0
ID31652,0
ID31653,0
ID31654,0
ID31655,0
ID31656,0
ID31657,0
ID31658,0
ID31659,0
ID31660,0
ID31661,1
ID31662,0
ID31663,0
ID31664,0
ID31665,0
ID31666,0
ID31667,0
ID31668,0
ID31669,0
ID31670,0
ID31671,0
ID31672,0
ID31673,0
ID31674,1
ID31675,0
ID31676,0
ID31677,0
ID31678,0
ID31679,0
ID31680,0
ID31681,0
ID31682,0
ID31683,0
ID31684,0
ID31685,0
ID31686,1
ID31687,1
ID31688,0
ID31689,0
ID31690,0
ID31691,0
ID31692,0
ID31693,0
ID31694,0
ID31695,1
ID31696,0
ID31697,0
ID31698,0
ID31699,0
ID31700,0
ID31701,0
ID31702,0
ID31703,0
ID31704,0
ID31705,0
ID31706,1
ID31707,0
ID31708,0
ID31709,0
ID31710,0
ID31711,0
ID31712,0
ID31713,0
ID31714,0
ID31715,0
ID31716,0
ID31717,0
ID31718,0
ID31719,0
ID31720,0
ID31721,0
ID31722,0
ID31723,0
ID31724,0
ID31725,0
ID31726,0
ID31727,0
ID31728,0
ID31729,0
ID31730,0
ID31731,0
ID31732,0
ID31733,0
ID31734,0
ID31735,0
ID31736,0
ID31737,1
ID31738,0
ID31739,0
ID31740,0
ID31741,0
ID31742,0
ID31743,0
ID31744,0
ID31745,0
ID31746,0
ID31747,0
ID31748,0
ID31749,0
ID31750,0
ID31751,0
ID31752,0
ID31753,0
ID31754,0
ID31755,0
ID31756,0
ID31757,0
ID31758,0
ID31759,0
ID31760,0
ID31761,0
ID31762,0
ID31763,0
ID31764,0
ID31765,0
ID31766,0
ID31767,0
ID31768,0
ID31769,1
ID31770,0
ID31771,0
ID31772,0
ID31773,0
ID31774,0
ID31775,0
ID31776,0
ID31777,0
ID31778,0
ID31779,0
ID31780,0
ID31781,0
ID31782,0
ID31783,1
ID31784,0
ID31785,1
ID31786,0
ID31787,0
ID31788,0
ID31789,0
ID31790,0
ID31791,0
ID31792,0
ID31793,0
ID31794,0
ID31795,0
ID31796,0
ID31797,0
ID31798,0
ID31799,0
ID31800,0
ID31801,0
ID31802,0
ID31803,0
ID31804,0
ID31805,0
ID31806,0
ID31807,0
ID31808,0
ID31809,0
ID31810,0
ID31811,0
ID31812,0
ID31813,0
ID31814,0
ID31815,0
ID31816,0
ID31817,0
ID31818,0
ID31819,0
ID31820,0
ID31821,0
ID31822,1
ID31823,0
ID31824,0
ID31825,0
ID31826,0
ID31827,0
ID31828,0
ID31829,0
ID31830,0
ID31831,0
ID31832,0
ID31833,0
ID31834,0
ID31835,0
ID31836,0
ID31837,1
ID31838,0
ID31839,0
ID31840,0
ID31841,0
ID31842,0
ID31843,0
ID31844,0
ID31845,0
ID31846,0
ID31847,0
ID31848,0
ID31849,0
ID31850,0
ID31851,0
ID31852,0
ID31853,0
ID31854,0
ID31855,0
ID31856,0
ID31857,0
ID31858,1
ID31859,0
ID31860,0
ID31861,0
ID31862,0
ID31863,0
ID31864,0
ID31865,0
ID31866,0
ID31867,0
ID31868,0
ID31869,0
ID31870,0
ID31871,0
ID31872,0
ID31873,0
ID31874,0
ID31875,0
ID31876,1
ID31877,0
ID31878,0
ID31879,0
ID31880,0
ID31881,0
ID31882,0
ID31883,0
ID31884,1
ID31885,0
ID31886,0
ID31887,1
ID31888,1
ID31889,0
ID31890,0
ID31891,0
ID31892,0
ID31893,0
ID31894,0
ID31895,0
ID31896,0
ID31897,0
ID31898,0
ID31899,0
ID31900,0
ID31901,0
ID31902,1
ID31903,1
ID31904,1
ID31905,0
ID31906,0
ID31907,0
ID31908,0
ID31909,0
ID31910,0
ID31911,0
ID31912,0
ID31913,0
ID31914,0
ID31915,0
ID31916,0
ID31917,0
ID31918,0
ID31919,0
ID31920,0
ID31921,0
ID31922,0
ID31923,0
ID31924,0
ID31925,0
ID31926,0
ID31927,0
ID31928,0
ID31929,0
ID31930,0
ID31931,0
ID31932,0
ID31933,0
ID31934,1
ID31935,0
ID31936,0
ID31937,0
ID31938,0
ID31939,0
ID31940,0
ID31941,0
ID31942,0
ID31943,0
ID31944,0
ID31945,0
ID31946,0
ID31947,0
ID31948,0
ID31949,0
ID31950,0
ID31951,0
ID31952,0
ID31953,0
ID31954,0
ID31955,0
ID31956,0
ID31957,0
ID31958,0
ID31959,0
ID31960,0
ID31961,0
ID31962,0
ID31963,0
ID31964,0
ID31965,1
ID31966,1
ID31967,0
ID31968,0
ID31969,0
ID31970,0
ID31971,0
ID31972,0
ID31973,0
ID31974,0
ID31975,0
ID31976,0
ID31977,0
ID31978,0
ID31979,0
ID31980,0
ID31981,0
ID31982,0
ID31983,0
ID31984,0
ID31985,0
ID31986,0
ID31987,1
ID31988,0
ID31989,0
ID31990,0
ID31991,0
ID31992,1
ID31993,0
ID31994,0
ID31995,0
ID31996,0
ID31997,0
ID31998,0
ID31999,1
ID32000,0
ID32001,0
ID32002,0
ID32003,0
ID32004,0
ID32005,0
ID32006,0
ID32007,0
ID32008,0
ID32009,0
ID32010,0
ID32011,0
ID32012,0
ID32013,1
ID32014,0
ID32015,0
ID32016,0
ID32017,0
ID32018,0
ID32019,0
ID32020,0
ID32021,1
ID32022,0
ID32023,0
ID32024,0
ID32025,0
ID32026,0
ID32027,0
ID32028,0
ID32029,0
ID32030,0
ID32031,0
ID32032,0
ID32033,0
ID32034,0
ID32035,0
ID32036,0
ID32037,0
ID32038,0
ID32039,0
ID32040,0
ID32041,0
ID32042,0
ID32043,0
ID32044,0
ID32045,0
ID32046,0
ID32047,0
ID32048,0
ID32049,0
ID32050,0
ID32051,0
ID32052,0
ID32053,0
ID32054,0
ID32055,0
ID32056,0
ID32057,0
ID32058,1
ID32059,0
ID32060,0
ID32061,0
ID32062,0
ID32063,0
ID32064,0
ID32065,0
ID32066,0
ID32067,0
ID32068,0
ID32069,0
ID32070,0
ID32071,0
ID32072,0
ID32073,0
ID32074,0
ID32075,0
ID32076,0
ID32077,0
ID32078,0
ID32079,0
ID32080,0
ID32081,0
ID32082,0
ID32083,0
ID32084,1
ID32085,0
ID32086,0
ID32087,1
ID32088,1
ID32089,0
ID32090,0
ID32091,0
ID32092,0
ID32093,0
ID32094,0
ID32095,0
ID32096,0
ID32097,0
ID32098,0
ID32099,1
ID32100,0
ID32101,0
ID32102,0
ID32103,0
ID32104,0
ID32105,0
ID32106,0
ID32107,0
ID32108,0
ID32109,0
ID32110,0
ID32111,0
ID32112,0
ID32113,0
ID32114,0
ID32115,0
ID32116,0
ID32117,0
ID32118,0
ID32119,0
ID32120,0
ID32121,0
ID32122,0
ID32123,0
ID32124,0
ID32125,0
ID32126,0
ID32127,0
ID32128,0
ID32129,0
ID32130,0
ID32131,0
ID32132,0
ID32133,0
ID32134,0
ID32135,1
ID32136,0
ID32137,0
ID32138,1
ID32139,0
ID32140,1
ID32141,1
ID32142,0
ID32143,0
ID32144,0
ID32145,0
ID32146,0
ID32147,1
ID32148,0
ID32149,0
ID32150,0
ID32151,0
ID32152,0
ID32153,0
ID32154,0
ID32155,0
ID32156,0
ID32157,0
ID32158,0
ID32159,0
ID32160,0
ID32161,0
ID32162,0
ID32163,0
ID32164,0
ID32165,0
ID32166,0
ID32167,0
ID32168,0
ID32169,0
ID32170,0
ID32171,0
ID32172,0
ID32173,0
ID32174,0
ID32175,0
ID32176,0
ID32177,0
ID32178,0
ID32179,0
ID32180,0
ID32181,0
ID32182,0
ID32183,0
ID32184,0
ID32185,0
ID32186,0
ID32187,0
ID32188,0
ID32189,0
ID32190,0
ID32191,0
ID32192,0
ID32193,0
ID32194,0
ID32195,0
ID32196,0
ID32197,0
ID32198,0
ID32199,0
ID32200,0
ID32201,0
ID32202,0
ID32203,0
ID32204,0
ID32205,0
ID32206,0
ID32207,0
ID32208,0
ID32209,0
ID32210,0
ID32211,0
ID32212,0
ID32213,0
ID32214,0
ID32215,0
ID32216,1
ID32217,0
ID32218,0
ID32219,0
ID32220,0
ID32221,0
ID32222,0
ID32223,0
ID32224,0
ID32225,0
ID32226,0
ID32227,0
ID32228,0
ID32229,0
ID32230,0
ID32231,0
ID32232,0
ID32233,0
ID32234,0
ID32235,0
ID32236,0
ID32237,0
ID32238,0
ID32239,0
ID32240,0
ID32241,0
ID32242,0
ID32243,0
ID32244,0
ID32245,0
ID32246,1
ID32247,0
ID32248,0
ID32249,0
ID32250,0
ID32251,0
ID32252,1
ID32253,0
ID32254,0
ID32255,0
ID32256,0
ID32257,0
ID32258,0
ID32259,0
ID32260,0
ID32261,0
ID32262,0
ID32263,0
ID32264,0
ID32265,0
ID32266,1
ID32267,0
ID32268,0
ID32269,0
ID32270,0
ID32271,0
ID32272,0
ID32273,0
ID32274,0
ID32275,1
ID32276,0
ID32277,0
ID32278,0
ID32279,0
ID32280,0
ID32281,0
ID32282,0
ID32283,0
ID32284,0
ID32285,0
ID32286,0
ID32287,0
ID32288,0
ID32289,0
ID32290,0
ID32291,0
ID32292,0
ID32293,0
ID32294,0
ID32295,1
ID32296,0
ID32297,0
ID32298,0
ID32299,0
ID32300,0
ID32301,0
ID32302,0
ID32303,0
ID32304,0
ID32305,0
ID32306,0
ID32307,0
ID32308,0
ID32309,0
ID32310,0
ID32311,0
ID32312,0
ID32313,0
ID32314,0
ID32315,0
ID32316,0
ID32317,0
ID32318,0
ID32319,0
ID32320,0
ID32321,0
ID32322,0
ID32323,1
ID32324,0
ID32325,0
ID32326,0
ID32327,0
ID32328,0
ID32329,0
ID32330,0
ID32331,0
ID32332,0
ID32333,0
ID32334,0
ID32335,0
ID32336,0
ID32337,0
ID32338,0
ID32339,0
ID32340,1
ID32341,0
ID32342,0
ID32343,0
ID32344,0
ID32345,0
ID32346,0
ID32347,0
ID32348,0
ID32349,0
ID32350,0
ID32351,0
ID32352,0
ID32353,0
ID32354,0
ID32355,0
ID32356,0
ID32357,0
ID32358,0
ID32359,0
ID32360,0
ID32361,0
ID32362,0
ID32363,0
ID32364,0
ID32365,0
ID32366,0
ID32367,0
ID32368,0
ID32369,0
ID32370,0
ID32371,0
ID32372,0
ID32373,0
ID32374,0
ID32375,0
ID32376,0
ID32377,0
ID32378,0
ID32379,0
ID32380,0
ID32381,0
ID32382,0
ID32383,0
ID32384,0
ID32385,0
ID32386,0
ID32387,0
ID32388,0
ID32389,0
ID32390,0
ID32391,0
ID32392,0
ID32393,0
ID32394,0
ID32395,0
ID32396,0
ID32397,0
ID32398,0
ID32399,0
ID32400,1
ID32401,0
ID32402,0
ID32403,0
ID32404,0
ID32405,1
ID32406,0
ID32407,0
ID32408,0
ID32409,0
ID32410,0
ID32411,0
ID32412,0
ID32413,0
ID32414,0
ID32415,0
ID32416,0
ID32417,0
ID32418,0
ID32419,0
ID32420,0
ID32421,0
ID32422,0
ID32423,0
ID32424,0
ID32425,0
ID32426,0
ID32427,0
ID32428,1
ID32429,0
ID32430,0
ID32431,0
ID32432,0
ID32433,1
ID32434,0
ID32435,0
ID32436,0
ID32437,0
ID32438,0
ID32439,1
ID32440,0
ID32441,0
ID32442,0
ID32443,0
ID32444,0
ID32445,0
ID32446,0
ID32447,0
ID32448,0
ID32449,0
ID32450,0
ID32451,0
ID32452,0
ID32453,0
ID32454,1
ID32455,0
ID32456,0
ID32457,0
ID32458,0
ID32459,0
ID32460,0
ID32461,0
ID32462,0
ID32463,0
ID32464,0
ID32465,0
ID32466,0
ID32467,1
ID32468,0
ID32469,0
ID32470,0
ID32471,0
ID32472,0
ID32473,1
ID32474,0
ID32475,0
ID32476,0
ID32477,0
ID32478,1
ID32479,0
ID32480,0
ID32481,0
ID32482,0
ID32483,0
ID32484,0
ID32485,0
ID32486,0
ID32487,0
ID32488,0
ID32489,0
ID32490,0
ID32491,0
ID32492,0
ID32493,0
ID32494,0
ID32495,0
ID32496,0
ID32497,0
ID32498,0
ID32499,0
ID32500,0
ID32501,0
ID32502,0
ID32503,0
ID32504,0
ID32505,0
ID32506,0
ID32507,0
ID32508,0
ID32509,0
ID32510,0
ID32511,0
ID32512,0
ID32513,0
ID32514,0
ID32515,0
ID32516,1
ID32517,0
ID32518,0
ID32519,0
ID32520,0
ID32521,0
ID32522,0
ID32523,0
ID32524,1
ID32525,0
ID32526,0
ID32527,0
ID32528,0
ID32529,0
ID32530,1
ID32531,0
ID32532,0
ID32533,0
ID32534,0
ID32535,0
ID32536,0
ID32537,0
ID32538,0
ID32539,0
ID32540,0
ID32541,0
ID32542,0
ID32543,0
ID32544,0
ID32545,0
ID32546,0
ID32547,0
ID32548,0
ID32549,0
ID32550,0
ID32551,0
ID32552,0
ID32553,0
ID32554,0
ID32555,0
ID32556,0
ID32557,0
ID32558,0
ID32559,0
ID32560,0
ID32561,1
ID32562,0
ID32563,0
ID32564,0
ID32565,0
ID32566,0
ID32567,0
ID32568,0
ID32569,0
ID32570,0
ID32571,0
ID32572,0
ID32573,1
ID32574,0
ID32575,0
ID32576,0
ID32577,1
ID32578,0
ID32579,0
ID32580,0
ID32581,0
ID32582,0
ID32583,0
ID32584,0
ID32585,0
ID32586,0
ID32587,0
ID32588,0
ID32589,1
ID32590,0
ID32591,0
ID32592,0
ID32593,0
ID32594,0
ID32595,0
ID32596,0
ID32597,0
ID32598,0
ID32599,0
ID32600,0
ID32601,0
ID32602,0
ID32603,0
ID32604,0
ID32605,0
ID32606,0
ID32607,0
ID32608,0
ID32609,0
ID32610,0
ID32611,0
ID32612,0
ID32613,0
ID32614,0
ID32615,0
ID32616,0
ID32617,0
ID32618,0
ID32619,0
ID32620,0
ID32621,0
ID32622,0
ID32623,0
ID32624,0
ID32625,1
ID32626,0
ID32627,0
ID32628,0
ID32629,0
ID32630,0
ID32631,0
ID32632,1
ID32633,0
ID32634,0
ID32635,1
ID32636,0
ID32637,0
ID32638,0
ID32639,0
ID32640,0
ID32641,0
ID32642,0
ID32643,0
ID32644,1
ID32645,0
ID32646,0
ID32647,0
ID32648,0
ID32649,0
ID32650,0
ID32651,0
ID32652,0
ID32653,0
ID32654,0
ID32655,0
ID32656,0
ID32657,0
ID32658,0
ID32659,0
ID32660,0
ID32661,0
ID32662,0
ID32663,0
ID32664,0
ID32665,0
ID32666,0
ID32667,0
ID32668,0
ID32669,0
ID32670,0
ID32671,0
ID32672,0
ID32673,0
ID32674,0
ID32675,0
ID32676,0
ID32677,0
ID32678,0
ID32679,0
ID32680,0
ID32681,0
ID32682,0
ID32683,0
ID32684,0
ID32685,0
ID32686,0
ID32687,0
ID32688,0
ID32689,0
ID32690,0
ID32691,0
ID32692,0
ID32693,0
ID32694,0
ID32695,0
ID32696,0
ID32697,0
ID32698,1
ID32699,1
ID32700,0
ID32701,0
ID32702,0
ID32703,0
ID32704,0
ID32705,0
ID32706,0
ID32707,1
ID32708,0
ID32709,0
ID32710,0
ID32711,0
ID32712,0
ID32713,0
ID32714,0
ID32715,0
ID32716,0
ID32717,0
ID32718,0
ID32719,0
ID32720,1
ID32721,0
ID32722,0
ID32723,0
ID32724,0
ID32725,0
ID32726,0
ID32727,0
ID32728,0
ID32729,0
ID32730,0
ID32731,0
ID32732,0
ID32733,0
ID32734,0
ID32735,0
ID32736,0
ID32737,0
ID32738,0
ID32739,0
ID32740,0
ID32741,0
ID32742,0
ID32743,0
ID32744,0
ID32745,0
ID32746,0
ID32747,0
ID32748,0
ID32749,0
ID32750,0
ID32751,0
ID32752,0
ID32753,0
ID32754,0
ID32755,0
ID32756,0
ID32757,0
ID32758,0
ID32759,0
ID32760,0
ID32761,0
ID32762,0
ID32763,0
ID32764,0
ID32765,0
ID32766,0
ID32767,0
ID32768,0
ID32769,0
ID32770,0
ID32771,0
ID32772,0
ID32773,0
ID32774,0
ID32775,0
ID32776,0
ID32777,0
ID32778,0
ID32779,0
ID32780,0
ID32781,0
ID32782,0
ID32783,0
ID32784,1
ID32785,1
ID32786,0
ID32787,0
ID32788,1
ID32789,0
ID32790,0
ID32791,0
ID32792,0
ID32793,0
ID32794,0
ID32795,0
ID32796,0
ID32797,0
ID32798,0
ID32799,0
ID32800,0
ID32801,0
ID32802,0
ID32803,0
ID32804,0
ID32805,0
ID32806,1
ID32807,0
ID32808,0
ID32809,0
ID32810,1
ID32811,0
ID32812,0
ID32813,0
ID32814,0
ID32815,0
ID32816,0
ID32817,0
ID32818,0
ID32819,0
ID32820,0
ID32821,0
ID32822,0
ID32823,0
ID32824,0
ID32825,0
ID32826,0
ID32827,0
ID32828,0
ID32829,1
ID32830,0
ID32831,1
ID32832,0
ID32833,0
ID32834,0
ID32835,0
ID32836,0
ID32837,0
ID32838,0
ID32839,0
ID32840,0
ID32841,0
ID32842,0
ID32843,0
ID32844,0
ID32845,0
ID32846,0
ID32847,0
ID32848,0
ID32849,0
ID32850,0
ID32851,0
ID32852,0
ID32853,0
ID32854,0
ID32855,0
ID32856,0
ID32857,1
ID32858,0
ID32859,0
ID32860,1
ID32861,0
ID32862,0
ID32863,0
ID32864,0
ID32865,0
ID32866,0
ID32867,0
ID32868,0
ID32869,0
ID32870,0
ID32871,0
ID32872,0
ID32873,0
ID32874,1
ID32875,0
ID32876,0
ID32877,0
ID32878,0
ID32879,0
ID32880,0
ID32881,0
ID32882,0
ID32883,0
ID32884,0
ID32885,0
ID32886,0
ID32887,0
ID32888,0
ID32889,0
ID32890,0
ID32891,0
ID32892,0
ID32893,0
ID32894,0
ID32895,0
ID32896,0
ID32897,0
ID32898,1
ID32899,0
ID32900,0
ID32901,0
ID32902,0
ID32903,0
ID32904,0
ID32905,0
ID32906,0
ID32907,0
ID32908,0
ID32909,0
ID32910,0
ID32911,0
ID32912,0
ID32913,0
ID32914,0
ID32915,0
ID32916,0
ID32917,0
ID32918,0
ID32919,0
ID32920,0
ID32921,0
ID32922,0
ID32923,0
ID32924,0
ID32925,0
ID32926,0
ID32927,0
ID32928,0
ID32929,0
ID32930,0
ID32931,0
ID32932,0
ID32933,0
ID32934,0
ID32935,0
ID32936,0
ID32937,0
ID32938,0
ID32939,1
ID32940,0
ID32941,0
ID32942,0
ID32943,0
ID32944,0
ID32945,0
ID32946,0
ID32947,0
ID32948,0
ID32949,0
ID32950,0
ID32951,1
ID32952,0
ID32953,0
ID32954,0
ID32955,0
ID32956,0
ID32957,0
ID32958,0
ID32959,1
ID32960,0
ID32961,0
ID32962,0
ID32963,1
ID32964,0
ID32965,0
ID32966,0
ID32967,0
ID32968,0
ID32969,0
ID32970,0
ID32971,0
ID32972,0
ID32973,0
ID32974,0
ID32975,0
ID32976,0
ID32977,0
ID32978,0
ID32979,0
ID32980,0
ID32981,0
ID32982,0
ID32983,0
ID32984,0
ID32985,0
ID32986,0
ID32987,0
ID32988,0
ID32989,0
ID32990,0
ID32991,0
ID32992,0
ID32993,0
ID32994,0
ID32995,1
ID32996,0
ID32997,0
ID32998,0
ID32999,0
ID33000,0
ID33001,0
ID33002,0
ID33003,0
ID33004,0
ID33005,0
ID33006,0
ID33007,0
ID33008,0
ID33009,0
ID33010,0
ID33011,0
ID33012,0
ID33013,0
ID33014,0
ID33015,0
ID33016,0
ID33017,0
ID33018,0
ID33019,0
ID33020,0
ID33021,0
ID33022,0
ID33023,0
ID33024,0
ID33025,0
ID33026,0
ID33027,0
ID33028,0
ID33029,0
ID33030,0
ID33031,0
ID33032,0
ID33033,1
ID33034,0
ID33035,1
ID33036,0
ID33037,0
ID33038,0
ID33039,0
ID33040,0
ID33041,0
ID33042,0
ID33043,0
ID33044,0
ID33045,0
ID33046,0
ID33047,0
ID33048,0
ID33049,0
ID33050,0
ID33051,0
ID33052,0
ID33053,0
ID33054,1
ID33055,0
ID33056,1
ID33057,0
ID33058,0
ID33059,0
ID33060,0
ID33061,0
ID33062,0
ID33063,0
ID33064,0
ID33065,0
ID33066,0
ID33067,0
ID33068,0
ID33069,0
ID33070,0
ID33071,0
ID33072,0
ID33073,0
ID33074,0
ID33075,0
ID33076,0
ID33077,0
ID33078,0
ID33079,0
ID33080,0
ID33081,0
ID33082,0
ID33083,0
ID33084,0
ID33085,0
ID33086,0
ID33087,0
ID33088,1
ID33089,0
ID33090,0
ID33091,0
ID33092,0
ID33093,0
ID33094,0
ID33095,0
ID33096,0
ID33097,0
ID33098,0
ID33099,0
ID33100,0
ID33101,0
ID33102,0
ID33103,0
ID33104,0
ID33105,1
ID33106,0
ID33107,0
ID33108,0
ID33109,0
ID33110,0
ID33111,0
ID33112,0
ID33113,1
ID33114,0
ID33115,0
ID33116,0
ID33117,0
ID33118,0
ID33119,0
ID33120,0
ID33121,0
ID33122,0
ID33123,0
ID33124,0
ID33125,0
ID33126,0
ID33127,0
ID33128,0
ID33129,0
ID33130,0
ID33131,0
ID33132,0
ID33133,0
ID33134,1
ID33135,0
ID33136,0
ID33137,0
ID33138,0
ID33139,1
ID33140,0
ID33141,0
ID33142,0
ID33143,0
ID33144,0
ID33145,0
ID33146,0
ID33147,0
ID33148,1
ID33149,0
ID33150,0
ID33151,0
ID33152,0
ID33153,0
ID33154,0
ID33155,1
ID33156,0
ID33157,0
ID33158,0
ID33159,0
ID33160,0
ID33161,0
ID33162,0
ID33163,0
ID33164,0
ID33165,0
ID33166,0
ID33167,0
ID33168,0
ID33169,0
ID33170,0
ID33171,0
ID33172,0
ID33173,0
ID33174,0
ID33175,0
ID33176,0
ID33177,0
ID33178,0
ID33179,1
ID33180,0
ID33181,0
ID33182,0
ID33183,0
ID33184,0
ID33185,0
ID33186,0
ID33187,0
ID33188,0
ID33189,0
ID33190,0
ID33191,0
ID33192,1
ID33193,0
ID33194,0
ID33195,0
ID33196,0
ID33197,0
ID33198,0
ID33199,0
ID33200,0
ID33201,0
ID33202,0
ID33203,0
ID33204,0
ID33205,0
ID33206,0
ID33207,0
ID33208,0
ID33209,0
ID33210,0
ID33211,0
ID33212,0
ID33213,0
ID33214,0
ID33215,0
ID33216,0
ID33217,0
ID33218,0
ID33219,0
ID33220,0
ID33221,0
ID33222,0
ID33223,0
ID33224,0
ID33225,1
ID33226,0
ID33227,0
ID33228,0
ID33229,0
ID33230,0
ID33231,0
ID33232,0
ID33233,0
ID33234,0
ID33235,0
ID33236,0
ID33237,0
ID33238,0
ID33239,0
ID33240,0
ID33241,0
ID33242,0
ID33243,0
ID33244,0
ID33245,1
ID33246,0
ID33247,0
ID33248,0
ID33249,0
ID33250,0
ID33251,0
ID33252,0
ID33253,0
ID33254,0
ID33255,0
ID33256,0
ID33257,0
ID33258,0
ID33259,0
ID33260,0
ID33261,0
ID33262,0
ID33263,0
ID33264,0
ID33265,0
ID33266,0
ID33267,0
ID33268,0
ID33269,0
ID33270,0
ID33271,0
ID33272,0
ID33273,0
ID33274,0
ID33275,0
ID33276,0
ID33277,0
ID33278,0
ID33279,0
ID33280,0
ID33281,0
ID33282,0
ID33283,0
ID33284,0
ID33285,0
ID33286,0
ID33287,0
ID33288,0
ID33289,0
ID33290,0
ID33291,0
ID33292,0
ID33293,0
ID33294,0
ID33295,0
ID33296,0
ID33297,0
ID33298,0
ID33299,0
ID33300,0
ID33301,0
ID33302,0
ID33303,0
ID33304,0
ID33305,0
ID33306,0
ID33307,0
ID33308,0
ID33309,0
ID33310,0
ID33311,0
ID33312,0
ID33313,0
ID33314,0
ID33315,0
ID33316,0
ID33317,0
ID33318,0
ID33319,0
ID33320,0
ID33321,0
ID33322,0
ID33323,0
ID33324,1
ID33325,0
ID33326,0
ID33327,0
ID33328,0
ID33329,0
ID33330,0
ID33331,0
ID33332,0
ID33333,0
ID33334,0
ID33335,1
ID33336,0
ID33337,1
ID33338,0
ID33339,0
ID33340,0
ID33341,0
ID33342,1
ID33343,0
ID33344,0
ID33345,0
ID33346,0
ID33347,0
ID33348,1
ID33349,0
ID33350,0
ID33351,0
ID33352,0
ID33353,0
ID33354,0
ID33355,0
ID33356,0
ID33357,1
ID33358,0
ID33359,1
ID33360,0
ID33361,0
ID33362,0
ID33363,0
ID33364,0
ID33365,0
ID33366,0
ID33367,0
ID33368,0
ID33369,0
ID33370,0
ID33371,0
ID33372,0
ID33373,0
ID33374,0
ID33375,0
ID33376,0
ID33377,0
ID33378,0
ID33379,0
ID33380,0
ID33381,0
ID33382,0
ID33383,0
ID33384,0
ID33385,0
ID33386,0
ID33387,0
ID33388,0
ID33389,0
ID33390,0
ID33391,0
ID33392,0
ID33393,0
ID33394,0
ID33395,0
ID33396,0
ID33397,0
ID33398,0
ID33399,0
ID33400,0
ID33401,0
ID33402,0
ID33403,1
ID33404,0
ID33405,0
ID33406,0
ID33407,0
ID33408,0
ID33409,0
ID33410,0
ID33411,0
ID33412,0
ID33413,0
ID33414,0
ID33415,0
ID33416,0
ID33417,0
ID33418,0
ID33419,0
ID33420,0
ID33421,0
ID33422,0
ID33423,0
ID33424,0
ID33425,0
ID33426,0
ID33427,0
ID33428,0
ID33429,0
ID33430,0
ID33431,0
ID33432,0
ID33433,0
ID33434,0
ID33435,0
ID33436,0
ID33437,0
ID33438,0
ID33439,0
ID33440,0
ID33441,0
ID33442,0
ID33443,0
ID33444,0
ID33445,0
ID33446,0
ID33447,0
ID33448,0
ID33449,0
ID33450,0
ID33451,0
ID33452,0
ID33453,0
ID33454,0
ID33455,1
ID33456,0
ID33457,0
ID33458,1
ID33459,0
ID33460,0
ID33461,0
ID33462,0
ID33463,0
ID33464,0
ID33465,0
ID33466,0
ID33467,0
ID33468,0
ID33469,0
ID33470,0
ID33471,0
ID33472,0
ID33473,0
ID33474,1
ID33475,0
ID33476,0
ID33477,0
ID33478,0
ID33479,0
ID33480,0
ID33481,0
ID33482,0
ID33483,1
ID33484,0
ID33485,0
ID33486,0
ID33487,0
ID33488,0
ID33489,0
ID33490,0
ID33491,0
ID33492,0
ID33493,0
ID33494,0
ID33495,0
ID33496,0
ID33497,0
ID33498,0
ID33499,0
ID33500,0
ID33501,0
ID33502,0
ID33503,0
ID33504,0
ID33505,1
ID33506,0
ID33507,0
ID33508,0
ID33509,0
ID33510,0
ID33511,0
ID33512,0
ID33513,0
ID33514,0
ID33515,0
ID33516,0
ID33517,0
ID33518,0
ID33519,0
ID33520,0
ID33521,0
ID33522,0
ID33523,0
ID33524,0
ID33525,0
ID33526,0
ID33527,0
ID33528,0
ID33529,1
ID33530,0
ID33531,0
ID33532,0
ID33533,0
ID33534,0
ID33535,0
ID33536,0
ID33537,0
ID33538,0
ID33539,0
ID33540,0
ID33541,0
ID33542,0
ID33543,0
ID33544,0
ID33545,0
ID33546,0
ID33547,0
ID33548,0
ID33549,0
ID33550,0
ID33551,0
ID33552,0
ID33553,0
ID33554,0
ID33555,0
ID33556,0
ID33557,0
ID33558,0
ID33559,0
ID33560,1
ID33561,0
ID33562,0
ID33563,0
ID33564,0
ID33565,0
ID33566,0
ID33567,0
ID33568,0
ID33569,0
ID33570,0
ID33571,0
ID33572,1
ID33573,0
ID33574,0
ID33575,1
ID33576,0
ID33577,0
ID33578,0
ID33579,0
ID33580,0
ID33581,0
ID33582,0
ID33583,0
ID33584,0
ID33585,0
ID33586,0
ID33587,0
ID33588,0
ID33589,0
ID33590,0
ID33591,0
ID33592,0
ID33593,0
ID33594,0
ID33595,0
ID33596,0
ID33597,1
ID33598,0
ID33599,0
ID33600,0
ID33601,0
ID33602,1
ID33603,0
ID33604,1
ID33605,0
ID33606,0
ID33607,0
ID33608,0
ID33609,0
ID33610,0
ID33611,0
ID33612,0
ID33613,0
ID33614,0
ID33615,0
ID33616,0
ID33617,0
ID33618,1
ID33619,0
ID33620,0
ID33621,0
ID33622,0
ID33623,1
ID33624,0
ID33625,1
ID33626,0
ID33627,0
ID33628,0
ID33629,0
ID33630,0
ID33631,0
ID33632,0
ID33633,0
ID33634,0
ID33635,0
ID33636,1
ID33637,0
ID33638,0
ID33639,0
ID33640,0
ID33641,1
ID33642,0
ID33643,0
ID33644,0
ID33645,0
ID33646,0
ID33647,0
ID33648,0
ID33649,0
ID33650,0
ID33651,0
ID33652,0
ID33653,0
ID33654,0
ID33655,0
ID33656,0
ID33657,0
ID33658,0
ID33659,0
ID33660,0
ID33661,0
ID33662,0
ID33663,0
ID33664,0
ID33665,0
ID33666,1
ID33667,0
ID33668,0
ID33669,0
ID33670,0
ID33671,0
ID33672,0
ID33673,0
ID33674,0
ID33675,0
ID33676,0
ID33677,0
ID33678,0
ID33679,0
ID33680,0
ID33681,0
ID33682,0
ID33683,0
ID33684,1
ID33685,0
ID33686,0
ID33687,0
ID33688,0
ID33689,0
ID33690,0
ID33691,0
ID33692,0
ID33693,0
ID33694,0
ID33695,0
ID33696,0
ID33697,0
ID33698,0
ID33699,0
ID33700,0
ID33701,1
ID33702,0
ID33703,0
ID33704,0
ID33705,0
ID33706,0
ID33707,0
ID33708,0
ID33709,1
ID33710,0
ID33711,0
ID33712,0
ID33713,0
ID33714,0
ID33715,0
ID33716,0
ID33717,0
ID33718,0
ID33719,0
ID33720,0
ID33721,0
ID33722,0
ID33723,0
ID33724,0
ID33725,0
ID33726,0
ID33727,0
ID33728,0
ID33729,0
ID33730,0
ID33731,0
ID33732,0
ID33733,0
ID33734,0
ID33735,0
ID33736,0
ID33737,0
ID33738,0
ID33739,1
ID33740,0
ID33741,0
ID33742,0
ID33743,0
ID33744,0
ID33745,1
ID33746,0
ID33747,0
ID33748,0
ID33749,0
ID33750,0
ID33751,0
ID33752,0
ID33753,0
ID33754,0
ID33755,0
ID33756,0
ID33757,0
ID33758,0
ID33759,0
ID33760,0
ID33761,0
ID33762,0
ID33763,0
ID33764,0
ID33765,0
ID33766,0
ID33767,0
ID33768,0
ID33769,0
ID33770,0
ID33771,0
ID33772,0
ID33773,0
ID33774,0
ID33775,0
ID33776,0
ID33777,0
ID33778,1
ID33779,0
ID33780,0
ID33781,0
ID33782,0
ID33783,0
ID33784,0
ID33785,0
ID33786,0
ID33787,1
ID33788,0
ID33789,0
ID33790,0
ID33791,0
ID33792,0
ID33793,0
ID33794,1
ID33795,0
ID33796,0
ID33797,0
ID33798,1
ID33799,0
ID33800,0
ID33801,0
ID33802,1
ID33803,0
ID33804,0
ID33805,0
ID33806,0
ID33807,1
ID33808,0
ID33809,0
ID33810,0
ID33811,0
ID33812,0
ID33813,0
ID33814,0
ID33815,0
ID33816,0
ID33817,0
ID33818,0
ID33819,0
ID33820,0
ID33821,0
ID33822,0
ID33823,0
ID33824,0
ID33825,0
ID33826,0
ID33827,0
ID33828,0
ID33829,0
ID33830,0
ID33831,0
ID33832,0
ID33833,0
ID33834,0
ID33835,0
ID33836,0
ID33837,0
ID33838,1
ID33839,0
ID33840,0
ID33841,0
ID33842,0
ID33843,0
ID33844,0
ID33845,0
ID33846,0
ID33847,0
ID33848,0
ID33849,1
ID33850,0
ID33851,0
ID33852,0
ID33853,0
ID33854,0
ID33855,0
ID33856,0
ID33857,0
ID33858,0
ID33859,0
ID33860,0
ID33861,0
ID33862,0
ID33863,0
ID33864,0
ID33865,0
ID33866,0
ID33867,0
ID33868,0
ID33869,0
ID33870,0
ID33871,0
ID33872,0
ID33873,0
ID33874,0
ID33875,0
ID33876,0
ID33877,1
ID33878,0
ID33879,0
ID33880,0
ID33881,0
ID33882,1
ID33883,0
ID33884,0
ID33885,0
ID33886,0
ID33887,0
ID33888,0
ID33889,0
ID33890,0
ID33891,0
ID33892,0
ID33893,0
ID33894,1
ID33895,0
ID33896,0
ID33897,0
ID33898,0
ID33899,0
ID33900,0
ID33901,0
ID33902,0
ID33903,0
ID33904,0
ID33905,0
ID33906,0
ID33907,0
ID33908,0
ID33909,0
ID33910,0
ID33911,0
ID33912,0
ID33913,0
ID33914,0
ID33915,0
ID33916,0
ID33917,0
ID33918,1
ID33919,0
ID33920,0
ID33921,0
ID33922,0
ID33923,0
ID33924,0
ID33925,0
ID33926,0
ID33927,0
ID33928,0
ID33929,0
ID33930,1
ID33931,0
ID33932,0
ID33933,0
ID33934,0
ID33935,0
ID33936,0
ID33937,0
ID33938,0
ID33939,0
ID33940,0
ID33941,0
ID33942,0
ID33943,0
ID33944,1
ID33945,0
ID33946,0
ID33947,0
ID33948,0
ID33949,0
ID33950,0
ID33951,0
ID33952,0
ID33953,0
ID33954,0
ID33955,0
ID33956,0
ID33957,0
ID33958,0
ID33959,0
ID33960,0
ID33961,0
ID33962,0
ID33963,0
ID33964,0
ID33965,0
ID33966,0
ID33967,0
ID33968,0
ID33969,0
ID33970,0
ID33971,0
ID33972,0
ID33973,0
ID33974,0
ID33975,0
ID33976,0
ID33977,0
ID33978,0
ID33979,0
ID33980,1
ID33981,0
ID33982,0
ID33983,0
ID33984,0
ID33985,0
ID33986,0
ID33987,0
ID33988,0
ID33989,0
ID33990,0
ID33991,0
ID33992,0
ID33993,0
ID33994,0
ID33995,0
ID33996,0
ID33997,0
ID33998,0
ID33999,0
ID34000,0
ID34001,0
ID34002,0
ID34003,0
ID34004,0
ID34005,0
ID34006,0
ID34007,0
ID34008,1
ID34009,0
ID34010,0
ID34011,0
ID34012,1
ID34013,0
ID34014,0
ID34015,0
ID34016,0
ID34017,0
ID34018,0
ID34019,1
ID34020,0
ID34021,0
ID34022,0
ID34023,0
ID34024,0
ID34025,1
ID34026,0
ID34027,0
ID34028,0
ID34029,0
ID34030,0
ID34031,0
ID34032,0
ID34033,0
ID34034,0
ID34035,0
ID34036,0
ID34037,0
ID34038,0
ID34039,0
ID34040,0
ID34041,0
ID34042,0
ID34043,0
ID34044,0
ID34045,0
ID34046,0
ID34047,0
ID34048,0
ID34049,0
ID34050,0
ID34051,0
ID34052,0
ID34053,0
ID34054,0
ID34055,0
ID34056,0
ID34057,0
ID34058,0
ID34059,0
ID34060,0
ID34061,0
ID34062,0
ID34063,0
ID34064,0
ID34065,0
ID34066,0
ID34067,0
ID34068,0
ID34069,0
ID34070,1
ID34071,0
ID34072,0
ID34073,0
ID34074,0
ID34075,0
ID34076,0
ID34077,0
ID34078,0
ID34079,0
ID34080,0
ID34081,0
ID34082,0
ID34083,0
ID34084,0
ID34085,0
ID34086,0
ID34087,0
ID34088,0
ID34089,0
ID34090,0
ID34091,0
ID34092,0
ID34093,0
ID34094,0
ID34095,0
ID34096,0
ID34097,0
ID34098,0
ID34099,0
ID34100,0
ID34101,0
ID34102,0
ID34103,0
ID34104,0
ID34105,0
ID34106,0
ID34107,0
ID34108,0
ID34109,0
ID34110,0
ID34111,0
ID34112,1
ID34113,0
ID34114,0
ID34115,0
ID34116,0
ID34117,0
ID34118,0
ID34119,0
ID34120,0
ID34121,0
ID34122,0
ID34123,1
ID34124,0
ID34125,1
ID34126,0
ID34127,0
ID34128,0
ID34129,0
ID34130,0
ID34131,0
ID34132,0
ID34133,0
ID34134,0
ID34135,0
ID34136,0
ID34137,0
ID34138,0
ID34139,0
ID34140,0
ID34141,0
ID34142,0
ID34143,0
ID34144,1
ID34145,0
ID34146,0
ID34147,0
ID34148,0
ID34149,0
ID34150,0
ID34151,0
ID34152,0
ID34153,0
ID34154,0
ID34155,0
ID34156,0
ID34157,0
ID34158,0
ID34159,0
ID34160,0
ID34161,0
ID34162,0
ID34163,0
ID34164,0
ID34165,0
ID34166,0
ID34167,0
ID34168,0
ID34169,0
ID34170,0
ID34171,0
ID34172,0
ID34173,0
ID34174,0
ID34175,0
ID34176,0
ID34177,0
ID34178,0
ID34179,0
ID34180,0
ID34181,0
ID34182,0
ID34183,0
ID34184,0
ID34185,0
ID34186,0
ID34187,1
ID34188,0
ID34189,0
ID34190,0
ID34191,0
ID34192,0
ID34193,0
ID34194,0
ID34195,0
ID34196,0
ID34197,0
ID34198,0
ID34199,1
ID34200,0
ID34201,1
ID34202,1
ID34203,0
ID34204,0
ID34205,0
ID34206,0
ID34207,0
ID34208,0
ID34209,0
ID34210,0
ID34211,0
ID34212,0
ID34213,0
ID34214,0
ID34215,1
ID34216,1
ID34217,0
ID34218,0
ID34219,0
ID34220,0
ID34221,0
ID34222,0
ID34223,1
ID34224,0
ID34225,0
ID34226,1
ID34227,0
ID34228,1
ID34229,0
ID34230,0
ID34231,0
ID34232,0
ID34233,0
ID34234,0
ID34235,0
ID34236,0
ID34237,0
ID34238,0
ID34239,0
ID34240,0
ID34241,0
ID34242,0
ID34243,0
ID34244,0
ID34245,0
ID34246,0
ID34247,0
ID34248,1
ID34249,0
ID34250,0
ID34251,0
ID34252,0
ID34253,0
ID34254,0
ID34255,0
ID34256,0
ID34257,0
ID34258,0
ID34259,1
ID34260,0
ID34261,0
ID34262,0
ID34263,0
ID34264,0
ID34265,0
ID34266,1
ID34267,0
ID34268,0
ID34269,0
ID34270,0
ID34271,0
ID34272,0
ID34273,0
ID34274,0
ID34275,0
ID34276,0
ID34277,0
ID34278,0
ID34279,0
ID34280,0
ID34281,0
ID34282,0
ID34283,0
ID34284,0
ID34285,0
ID34286,0
ID34287,0
ID34288,0
ID34289,0
ID34290,0
ID34291,0
ID34292,0
ID34293,0
ID34294,0
ID34295,0
ID34296,0
ID34297,0
ID34298,0
ID34299,1
ID34300,0
ID34301,0
ID34302,0
ID34303,0
ID34304,0
ID34305,0
ID34306,0
ID34307,0
ID34308,0
ID34309,0
ID34310,0
ID34311,0
ID34312,0
ID34313,0
ID34314,0
ID34315,0
ID34316,0
ID34317,0
ID34318,0
ID34319,0
ID34320,0
ID34321,1
ID34322,0
ID34323,0
ID34324,0
ID34325,0
ID34326,0
ID34327,1
ID34328,0
ID34329,0
ID34330,1
ID34331,0
ID34332,0
ID34333,0
ID34334,0
ID34335,0
ID34336,0
ID34337,0
ID34338,0
ID34339,0
ID34340,0
ID34341,0
ID34342,0
ID34343,0
ID34344,0
ID34345,0
ID34346,1
ID34347,0
ID34348,0
ID34349,0
ID34350,0
ID34351,0
ID34352,0
ID34353,0
ID34354,0
ID34355,0
ID34356,0
ID34357,0
ID34358,0
ID34359,0
ID34360,0
ID34361,0
ID34362,0
ID34363,0
ID34364,0
ID34365,0
ID34366,0
ID34367,0
ID34368,0
ID34369,0
ID34370,0
ID34371,0
ID34372,0
ID34373,0
ID34374,0
ID34375,0
ID34376,0
ID34377,0
ID34378,0
ID34379,0
ID34380,0
ID34381,0
ID34382,0
ID34383,0
ID34384,1
ID34385,1
ID34386,0
ID34387,0
ID34388,0
ID34389,0
ID34390,0
ID34391,0
ID34392,0
ID34393,0
ID34394,0
ID34395,0
ID34396,0
ID34397,0
ID34398,0
ID34399,0
ID34400,0
ID34401,0
ID34402,0
ID34403,0
ID34404,0
ID34405,0
ID34406,0
ID34407,0
ID34408,0
ID34409,0
ID34410,0
ID34411,0
ID34412,0
ID34413,0
ID34414,0
ID34415,0
ID34416,0
ID34417,0
ID34418,0
ID34419,0
ID34420,0
ID34421,0
ID34422,0
ID34423,0
ID34424,0
ID34425,0
ID34426,0
ID34427,0
ID34428,0
ID34429,0
ID34430,0
ID34431,0
ID34432,0
ID34433,0
ID34434,0
ID34435,0
ID34436,0
ID34437,0
ID34438,0
ID34439,0
ID34440,0
ID34441,0
ID34442,1
ID34443,0
ID34444,0
ID34445,0
ID34446,0
ID34447,0
ID34448,0
ID34449,0
ID34450,1
ID34451,0
ID34452,0
ID34453,0
ID34454,0
ID34455,0
ID34456,0
ID34457,0
ID34458,0
ID34459,0
ID34460,0
ID34461,0
ID34462,0
ID34463,0
ID34464,0
ID34465,0
ID34466,0
ID34467,0
ID34468,0
ID34469,0
ID34470,0
ID34471,0
ID34472,0
ID34473,0
ID34474,0
ID34475,0
ID34476,0
ID34477,0
ID34478,0
ID34479,0
ID34480,0
ID34481,0
ID34482,0
ID34483,0
ID34484,0
ID34485,0
ID34486,0
ID34487,1
ID34488,0
ID34489,0
ID34490,0
ID34491,0
ID34492,0
ID34493,0
ID34494,0
ID34495,0
ID34496,0
ID34497,0
ID34498,0
ID34499,0
ID34500,0
ID34501,0
ID34502,1
ID34503,0
ID34504,0
ID34505,0
ID34506,0
ID34507,0
ID34508,1
ID34509,0
ID34510,0
ID34511,0
ID34512,0
ID34513,0
ID34514,0
ID34515,0
ID34516,0
ID34517,0
ID34518,0
ID34519,0
ID34520,0
ID34521,0
ID34522,0
ID34523,0
ID34524,1
ID34525,0
ID34526,0
ID34527,0
ID34528,0
ID34529,0
ID34530,0
ID34531,0
ID34532,0
ID34533,0
ID34534,0
ID34535,0
ID34536,0
ID34537,0
ID34538,0
ID34539,0
ID34540,0
ID34541,0
ID34542,0
ID34543,0
ID34544,0
ID34545,0
ID34546,0
ID34547,0
ID34548,0
ID34549,0
ID34550,0
ID34551,1
ID34552,0
ID34553,0
ID34554,0
ID34555,0
ID34556,0
ID34557,0
ID34558,0
ID34559,0
ID34560,0
ID34561,0
ID34562,0
ID34563,0
ID34564,0
ID34565,0
ID34566,0
ID34567,0
ID34568,0
ID34569,1
ID34570,0
ID34571,0
ID34572,0
ID34573,0
ID34574,0
ID34575,1
ID34576,0
ID34577,1
ID34578,0
ID34579,0
ID34580,0
ID34581,0
ID34582,0
ID34583,0
ID34584,0
ID34585,0
ID34586,1
ID34587,0
ID34588,0
ID34589,0
ID34590,0
ID34591,0
ID34592,0
ID34593,0
ID34594,0
ID34595,0
ID34596,0
ID34597,0
ID34598,0
ID34599,0
ID34600,0
ID34601,0
ID34602,0
ID34603,0
ID34604,1
ID34605,0
ID34606,0
ID34607,0
ID34608,0
ID34609,0
ID34610,0
ID34611,0
ID34612,0
ID34613,0
ID34614,0
ID34615,0
ID34616,0
ID34617,1
ID34618,0
ID34619,0
ID34620,0
ID34621,0
ID34622,0
ID34623,0
ID34624,1
ID34625,0
ID34626,0
ID34627,0
ID34628,0
ID34629,0
ID34630,0
ID34631,0
ID34632,0
ID34633,0
ID34634,0
ID34635,0
ID34636,0
ID34637,0
ID34638,0
ID34639,0
ID34640,0
ID34641,0
ID34642,0
ID34643,0
ID34644,0
ID34645,0
ID34646,0
ID34647,0
ID34648,0
ID34649,0
ID34650,0
ID34651,0
ID34652,0
ID34653,1
ID34654,0
ID34655,0
ID34656,0
ID34657,0
ID34658,0
ID34659,1
ID34660,0
ID34661,1
ID34662,0
ID34663,0
ID34664,0
ID34665,0
ID34666,1
ID34667,0
ID34668,0
ID34669,0
ID34670,0
ID34671,0
ID34672,0
ID34673,1
ID34674,0
ID34675,0
ID34676,0
ID34677,0
ID34678,0
ID34679,0
ID34680,0
ID34681,0
ID34682,0
ID34683,0
ID34684,0
ID34685,0
ID34686,0
ID34687,0
ID34688,1
ID34689,0
ID34690,0
ID34691,0
ID34692,0
ID34693,0
ID34694,0
ID34695,0
ID34696,0
ID34697,0
ID34698,0
ID34699,0
ID34700,0
ID34701,0
ID34702,0
ID34703,0
ID34704,0
ID34705,0
ID34706,0
ID34707,0
ID34708,0
ID34709,0
ID34710,0
ID34711,1
ID34712,0
ID34713,0
ID34714,0
ID34715,0
ID34716,0
ID34717,0
ID34718,0
ID34719,0
ID34720,0
ID34721,0
ID34722,0
ID34723,0
ID34724,0
ID34725,0
ID34726,0
ID34727,0
ID34728,0
ID34729,0
ID34730,0
ID34731,0
ID34732,0
ID34733,0
ID34734,0
ID34735,0
ID34736,0
ID34737,0
ID34738,0
ID34739,0
ID34740,0
ID34741,0
ID34742,1
ID34743,0
ID34744,0
ID34745,0
ID34746,1
ID34747,0
ID34748,0
ID34749,0
ID34750,0
ID34751,0
ID34752,0
ID34753,0
ID34754,0
ID34755,0
ID34756,0
ID34757,0
ID34758,0
ID34759,1
ID34760,0
ID34761,0
ID34762,0
ID34763,0
ID34764,0
ID34765,0
ID34766,0
ID34767,0
ID34768,0
ID34769,0
ID34770,0
ID34771,0
ID34772,0
ID34773,0
ID34774,0
ID34775,0
ID34776,1
ID34777,0
ID34778,0
ID34779,0
ID34780,1
ID34781,0
ID34782,0
ID34783,0
ID34784,0
ID34785,0
ID34786,0
ID34787,0
ID34788,0
ID34789,0
ID34790,0
ID34791,0
ID34792,0
ID34793,0
ID34794,0
ID34795,0
ID34796,0
ID34797,0
ID34798,0
ID34799,0
ID34800,0
ID34801,0
ID34802,0
ID34803,0
ID34804,0
ID34805,0
ID34806,0
ID34807,0
ID34808,0
ID34809,0
ID34810,0
ID34811,0
ID34812,0
ID34813,0
ID34814,0
ID34815,0
ID34816,0
ID34817,0
ID34818,0
ID34819,0
ID34820,0
ID34821,0
ID34822,0
ID34823,0
ID34824,0
ID34825,0
ID34826,0
ID34827,0
ID34828,1
ID34829,0
ID34830,1
ID34831,0
ID34832,0
ID34833,0
ID34834,0
ID34835,0
ID34836,1
ID34837,0
ID34838,0
ID34839,1
ID34840,0
ID34841,0
ID34842,0
ID34843,0
ID34844,0
ID34845,1
ID34846,0
ID34847,0
ID34848,0
ID34849,0
ID34850,1
ID34851,0
ID34852,0
ID34853,0
ID34854,0
ID34855,0
ID34856,0
ID34857,0
ID34858,0
ID34859,0
ID34860,0
ID34861,0
ID34862,1
ID34863,0
ID34864,0
ID34865,0
ID34866,0
ID34867,1
ID34868,0
ID34869,1
ID34870,0
ID34871,0
ID34872,0
ID34873,1
ID34874,0
ID34875,0
ID34876,0
ID34877,0
ID34878,0
ID34879,0
ID34880,0
ID34881,0
ID34882,0
ID34883,0
ID34884,0
ID34885,0
ID34886,0
ID34887,0
ID34888,0
ID34889,0
ID34890,0
ID34891,0
ID34892,0
ID34893,0
ID34894,0
ID34895,0
ID34896,0
ID34897,0
ID34898,0
ID34899,0
ID34900,0
ID34901,0
ID34902,0
ID34903,0
ID34904,0
ID34905,0
ID34906,0
ID34907,0
ID34908,0
ID34909,0
ID34910,0
ID34911,0
ID34912,0
ID34913,0
ID34914,0
ID34915,0
ID34916,0
ID34917,0
ID34918,0
ID34919,0
ID34920,0
ID34921,0
ID34922,0
ID34923,0
ID34924,0
ID34925,0
ID34926,0
ID34927,0
ID34928,1
ID34929,0
ID34930,0
ID34931,0
ID34932,0
ID34933,0
ID34934,0
ID34935,0
ID34936,0
ID34937,0
ID34938,0
ID34939,0
ID34940,0
ID34941,1
ID34942,0
ID34943,1
ID34944,0
ID34945,0
ID34946,0
ID34947,0
ID34948,0
ID34949,0
ID34950,0
ID34951,0
ID34952,0
ID34953,0
ID34954,0
ID34955,1
ID34956,0
ID34957,0
ID34958,0
ID34959,0
ID34960,0
ID34961,0
ID34962,0
ID34963,0
ID34964,0
ID34965,0
ID34966,0
ID34967,0
ID34968,0
ID34969,0
ID34970,0
ID34971,0
ID34972,0
ID34973,0
ID34974,0
ID34975,0
ID34976,0
ID34977,0
ID34978,0
ID34979,0
ID34980,0
ID34981,0
ID34982,0
ID34983,0
ID34984,0
ID34985,0
ID34986,0
ID34987,0
ID34988,0
ID34989,0
ID34990,0
ID34991,0
ID34992,0
ID34993,0
ID34994,0
ID34995,0
ID34996,0
ID34997,1
ID34998,0
ID34999,0
ID35000,0
ID35001,0
ID35002,0
ID35003,0
ID35004,0
ID35005,1
ID35006,0
ID35007,0
ID35008,0
ID35009,0
ID35010,0
ID35011,0
ID35012,0
ID35013,0
ID35014,0
ID35015,0
ID35016,0
ID35017,0
ID35018,0
ID35019,0
ID35020,0
ID35021,0
ID35022,0
ID35023,0
ID35024,0
ID35025,0
ID35026,0
ID35027,0
ID35028,1
ID35029,0
ID35030,0
ID35031,0
ID35032,0
ID35033,0
ID35034,0
ID35035,0
ID35036,1
ID35037,1
ID35038,0
ID35039,0
ID35040,0
ID35041,0
ID35042,0
ID35043,0
ID35044,1
ID35045,0
ID35046,0
ID35047,0
ID35048,0
ID35049,0
ID35050,0
ID35051,0
ID35052,0
ID35053,0
ID35054,0
ID35055,0
ID35056,0
ID35057,0
ID35058,0
ID35059,0
ID35060,0
ID35061,0
ID35062,0
ID35063,0
ID35064,0
ID35065,0
ID35066,0
ID35067,0
ID35068,0
ID35069,1
ID35070,0
ID35071,0
ID35072,0
ID35073,0
ID35074,0
ID35075,0
ID35076,0
ID35077,0
ID35078,0
ID35079,0
ID35080,0
ID35081,0
ID35082,0
ID35083,0
ID35084,0
ID35085,0
ID35086,0
ID35087,0
ID35088,0
ID35089,0
ID35090,0
ID35091,0
ID35092,0
ID35093,0
ID35094,0
ID35095,0
ID35096,0
ID35097,0
ID35098,0
ID35099,0
ID35100,1
ID35101,0
ID35102,0
ID35103,0
ID35104,0
ID35105,0
ID35106,0
ID35107,0
ID35108,0
ID35109,0
ID35110,0
ID35111,0
ID35112,0
ID35113,0
ID35114,0
ID35115,0
ID35116,0
ID35117,0
ID35118,0
ID35119,0
ID35120,0
ID35121,0
ID35122,0
ID35123,0
ID35124,0
ID35125,0
ID35126,0
ID35127,0
ID35128,0
ID35129,0
ID35130,0
ID35131,0
ID35132,0
ID35133,0
ID35134,0
ID35135,0
ID35136,0
ID35137,0
ID35138,0
ID35139,0
ID35140,0
ID35141,0
ID35142,0
ID35143,0
ID35144,1
ID35145,0
ID35146,0
ID35147,0
ID35148,0
ID35149,0
ID35150,0
ID35151,0
ID35152,0
ID35153,0
ID35154,0
ID35155,0
ID35156,0
ID35157,0
ID35158,0
ID35159,0
ID35160,0
ID35161,0
ID35162,0
ID35163,1
ID35164,0
ID35165,1
ID35166,0
ID35167,0
ID35168,0
ID35169,0
ID35170,0
ID35171,0
ID35172,0
ID35173,0
ID35174,0
ID35175,0
ID35176,0
ID35177,0
ID35178,0
ID35179,0
ID35180,0
ID35181,0
ID35182,0
ID35183,0
ID35184,0
ID35185,0
ID35186,1
ID35187,0
ID35188,0
ID35189,0
ID35190,0
ID35191,0
ID35192,0
ID35193,0
ID35194,0
ID35195,0
ID35196,0
ID35197,0
ID35198,0
ID35199,0
ID35200,0
ID35201,0
ID35202,0
ID35203,1
ID35204,0
ID35205,0
ID35206,0
ID35207,0
ID35208,0
ID35209,0
ID35210,0
ID35211,0
ID35212,0
ID35213,0
ID35214,0
ID35215,0
ID35216,0
ID35217,1
ID35218,0
ID35219,0
ID35220,0
ID35221,0
ID35222,0
ID35223,0
ID35224,0
ID35225,0
ID35226,0
ID35227,0
ID35228,0
ID35229,0
ID35230,0
ID35231,0
ID35232,0
ID35233,1
ID35234,0
ID35235,1
ID35236,0
ID35237,0
ID35238,0
ID35239,0
ID35240,0
ID35241,0
ID35242,0
ID35243,0
ID35244,0
ID35245,0
ID35246,0
ID35247,0
ID35248,0
ID35249,0
ID35250,0
ID35251,0
ID35252,0
ID35253,0
ID35254,0
ID35255,0
ID35256,0
ID35257,0
ID35258,0
ID35259,0
ID35260,0
ID35261,0
ID35262,0
ID35263,0
ID35264,0
ID35265,0
ID35266,0
ID35267,0
ID35268,0
ID35269,0
ID35270,0
ID35271,0
ID35272,0
ID35273,0
ID35274,0
ID35275,0
ID35276,0
ID35277,0
ID35278,0
ID35279,0
ID35280,0
ID35281,1
ID35282,0
ID35283,0
ID35284,0
ID35285,0
ID35286,0
ID35287,0
ID35288,0
ID35289,0
ID35290,0
ID35291,0
ID35292,0
ID35293,0
ID35294,0
ID35295,0
ID35296,0
ID35297,0
ID35298,0
ID35299,0
ID35300,0
ID35301,0
ID35302,0
ID35303,0
ID35304,0
ID35305,0
ID35306,0
ID35307,1
ID35308,0
ID35309,0
ID35310,0
ID35311,0
ID35312,0
ID35313,0
ID35314,0
ID35315,0
ID35316,0
ID35317,0
ID35318,0
ID35319,1
ID35320,0
ID35321,0
ID35322,0
ID35323,0
ID35324,0
ID35325,0
ID35326,0
ID35327,0
ID35328,0
ID35329,0
ID35330,0
ID35331,0
ID35332,0
ID35333,0
ID35334,0
ID35335,0
ID35336,0
ID35337,0
ID35338,0
ID35339,0
ID35340,0
ID35341,0
ID35342,0
ID35343,0
ID35344,0
ID35345,0
ID35346,0
ID35347,0
ID35348,0
ID35349,0
ID35350,0
ID35351,0
ID35352,1
ID35353,0
ID35354,0
ID35355,0
ID35356,0
ID35357,0
ID35358,0
ID35359,0
ID35360,0
ID35361,0
ID35362,0
ID35363,0
ID35364,0
ID35365,0
ID35366,0
ID35367,0
ID35368,0
ID35369,0
ID35370,0
ID35371,0
ID35372,0
ID35373,0
ID35374,0
ID35375,0
ID35376,0
ID35377,0
ID35378,0
ID35379,0
ID35380,0
ID35381,0
ID35382,0
ID35383,0
ID35384,0
ID35385,0
ID35386,0
ID35387,0
ID35388,0
ID35389,0
ID35390,0
ID35391,0
ID35392,0
ID35393,0
ID35394,0
ID35395,0
ID35396,0
ID35397,0
ID35398,0
ID35399,0
ID35400,0
ID35401,0
ID35402,0
ID35403,0
ID35404,0
ID35405,0
ID35406,0
ID35407,0
ID35408,1
ID35409,0
ID35410,1
ID35411,0
ID35412,0
ID35413,0
ID35414,0
ID35415,0
ID35416,0
ID35417,0
ID35418,0
ID35419,0
ID35420,0
ID35421,0
ID35422,0
ID35423,0
ID35424,0
ID35425,0
ID35426,0
ID35427,0
ID35428,0
ID35429,0
ID35430,0
ID35431,0
ID35432,0
ID35433,0
ID35434,0
ID35435,0
ID35436,0
ID35437,0
ID35438,0
ID35439,0
ID35440,0
ID35441,0
ID35442,0
ID35443,0
ID35444,0
ID35445,0
ID35446,0
ID35447,0
ID35448,1
ID35449,0
ID35450,0
ID35451,0
ID35452,0
ID35453,0
ID35454,0
ID35455,0
ID35456,0
ID35457,0
ID35458,1
ID35459,0
ID35460,0
ID35461,0
ID35462,1
ID35463,0
ID35464,0
ID35465,0
ID35466,0
ID35467,0
ID35468,0
ID35469,0
ID35470,0
ID35471,0
ID35472,1
ID35473,0
ID35474,1
ID35475,0
ID35476,0
ID35477,0
ID35478,0
ID35479,0
ID35480,0
ID35481,0
ID35482,0
ID35483,0
ID35484,0
ID35485,0
ID35486,0
ID35487,1
ID35488,0
ID35489,0
ID35490,0
ID35491,1
ID35492,0
ID35493,0
ID35494,0
ID35495,0
ID35496,0
ID35497,0
ID35498,0
ID35499,0
ID35500,0
ID35501,0
ID35502,0
ID35503,0
ID35504,0
ID35505,0
ID35506,0
ID35507,0
ID35508,0
ID35509,0
ID35510,0
ID35511,0
ID35512,0
ID35513,0
ID35514,0
ID35515,0
ID35516,0
ID35517,0
ID35518,0
ID35519,0
ID35520,0
ID35521,0
ID35522,0
ID35523,0
ID35524,0
ID35525,0
ID35526,0
ID35527,0
ID35528,0
ID35529,0
ID35530,0
ID35531,0
ID35532,0
ID35533,0
ID35534,0
ID35535,0
ID35536,0
ID35537,0
ID35538,0
ID35539,0
ID35540,0
ID35541,0
ID35542,0
ID35543,0
ID35544,0
ID35545,0
ID35546,0
ID35547,0
ID35548,0
ID35549,0
ID35550,1
ID35551,0
ID35552,0
ID35553,0
ID35554,0
ID35555,0
ID35556,0
ID35557,0
ID35558,0
ID35559,0
ID35560,0
ID35561,0
ID35562,0
ID35563,0
ID35564,0
ID35565,0
ID35566,0
ID35567,0
ID35568,0
ID35569,0
ID35570,0
ID35571,1
ID35572,1
ID35573,0
ID35574,0
ID35575,0
ID35576,0
ID35577,0
ID35578,0
ID35579,0
ID35580,0
ID35581,0
ID35582,0
ID35583,0
ID35584,1
ID35585,0
ID35586,1
ID35587,0
ID35588,1
ID35589,0
ID35590,1
ID35591,0
ID35592,0
ID35593,0
ID35594,0
ID35595,0
ID35596,0
ID35597,0
ID35598,0
ID35599,0
ID35600,0
ID35601,0
ID35602,0
ID35603,0
ID35604,1
ID35605,0
ID35606,0
ID35607,0
ID35608,0
ID35609,0
ID35610,0
ID35611,0
ID35612,0
ID35613,0
ID35614,0
ID35615,0
ID35616,0
ID35617,0
ID35618,0
ID35619,1
ID35620,0
ID35621,0
ID35622,0
ID35623,0
ID35624,0
ID35625,0
ID35626,0
ID35627,0
ID35628,0
ID35629,0
ID35630,0
ID35631,0
ID35632,0
ID35633,0
ID35634,0
ID35635,0
ID35636,0
ID35637,0
ID35638,0
ID35639,0
ID35640,0
ID35641,0
ID35642,0
ID35643,0
ID35644,0
ID35645,0
ID35646,0
ID35647,0
ID35648,0
ID35649,0
ID35650,0
ID35651,0
ID35652,0
ID35653,0
ID35654,1
ID35655,0
ID35656,0
ID35657,0
ID35658,0
ID35659,0
ID35660,1
ID35661,0
ID35662,0
ID35663,0
ID35664,0
ID35665,0
ID35666,0
ID35667,0
ID35668,0
ID35669,0
ID35670,0
ID35671,0
ID35672,0
ID35673,0
ID35674,0
ID35675,0
ID35676,0
ID35677,0
ID35678,0
ID35679,0
ID35680,0
ID35681,0
ID35682,0
ID35683,0
ID35684,0
ID35685,0
ID35686,0
ID35687,0
ID35688,0
ID35689,0
ID35690,0
ID35691,0
ID35692,0
ID35693,0
ID35694,0
ID35695,0
ID35696,0
ID35697,1
ID35698,0
ID35699,0
ID35700,0
ID35701,0
ID35702,0
ID35703,0
ID35704,0
ID35705,0
ID35706,0
ID35707,0
ID35708,0
ID35709,0
ID35710,0
ID35711,0
ID35712,0
ID35713,0
ID35714,0
ID35715,0
ID35716,1
ID35717,1
ID35718,0
ID35719,1
ID35720,0
ID35721,0
ID35722,0
ID35723,0
ID35724,0
ID35725,0
ID35726,0
ID35727,0
ID35728,0
ID35729,0
ID35730,0
ID35731,0
ID35732,0
ID35733,0
ID35734,0
ID35735,0
ID35736,0
ID35737,0
ID35738,0
ID35739,1
ID35740,0
ID35741,0
ID35742,0
ID35743,0
ID35744,0
ID35745,0
ID35746,0
ID35747,0
ID35748,0
ID35749,0
ID35750,0
ID35751,1
ID35752,0
ID35753,0
ID35754,0
ID35755,0
ID35756,0
ID35757,0
ID35758,0
ID35759,1
ID35760,0
ID35761,0
ID35762,0
ID35763,0
ID35764,0
ID35765,0
ID35766,0
ID35767,0
ID35768,0
ID35769,0
ID35770,0
ID35771,0
ID35772,0
ID35773,0
ID35774,0
ID35775,0
ID35776,1
ID35777,0
ID35778,0
ID35779,0
ID35780,0
ID35781,0
ID35782,0
ID35783,0
ID35784,0
ID35785,0
ID35786,0
ID35787,0
ID35788,0
ID35789,0
ID35790,0
ID35791,0
ID35792,0
ID35793,0
ID35794,0
ID35795,0
ID35796,0
ID35797,0
ID35798,0
ID35799,0
ID35800,0
ID35801,1
ID35802,0
ID35803,0
ID35804,0
ID35805,0
ID35806,1
ID35807,0
ID35808,0
ID35809,0
ID35810,1
ID35811,0
ID35812,0
ID35813,0
ID35814,0
ID35815,0
ID35816,0
ID35817,0
ID35818,0
ID35819,0
ID35820,0
ID35821,0
ID35822,0
ID35823,0
ID35824,0
ID35825,0
ID35826,0
ID35827,0
ID35828,0
ID35829,0
ID35830,0
ID35831,0
ID35832,0
ID35833,0
ID35834,0
ID35835,0
ID35836,0
ID35837,1
ID35838,0
ID35839,0
ID35840,1
ID35841,0
ID35842,0
ID35843,0
ID35844,0
ID35845,0
ID35846,0
ID35847,0
ID35848,0
ID35849,0
ID35850,0
ID35851,0
ID35852,0
ID35853,0
ID35854,0
ID35855,0
ID35856,0
ID35857,1
ID35858,0
ID35859,0
ID35860,0
ID35861,0
ID35862,0
ID35863,0
ID35864,0
ID35865,0
ID35866,0
ID35867,0
ID35868,0
ID35869,0
ID35870,0
ID35871,0
ID35872,0
ID35873,0
ID35874,0
ID35875,0
ID35876,0
ID35877,0
ID35878,0
ID35879,0
ID35880,0
ID35881,0
ID35882,0
ID35883,0
ID35884,0
ID35885,0
ID35886,0
ID35887,0
ID35888,0
ID35889,0
ID35890,0
ID35891,0
ID35892,0
ID35893,1
ID35894,0
ID35895,0
ID35896,0
ID35897,0
ID35898,0
ID35899,0
ID35900,0
ID35901,0
ID35902,0
ID35903,0
ID35904,1
ID35905,0
ID35906,1
ID35907,0
ID35908,0
ID35909,0
ID35910,0
ID35911,0
ID35912,0
ID35913,0
ID35914,0
ID35915,0
ID35916,0
ID35917,0
ID35918,0
ID35919,1
ID35920,0
ID35921,0
ID35922,0
ID35923,0
ID35924,0
ID35925,0
ID35926,1
ID35927,0
ID35928,0
ID35929,0
ID35930,0
ID35931,1
ID35932,0
ID35933,0
ID35934,1
ID35935,1
ID35936,0
ID35937,0
ID35938,0
ID35939,1
ID35940,0
ID35941,0
ID35942,0
ID35943,0
ID35944,0
ID35945,0
ID35946,0
ID35947,0
ID35948,0
ID35949,0
ID35950,0
ID35951,0
ID35952,0
ID35953,0
ID35954,0
ID35955,0
ID35956,0
ID35957,0
ID35958,0
ID35959,0
ID35960,1
ID35961,0
ID35962,0
ID35963,1
ID35964,0
ID35965,0
ID35966,0
ID35967,0
ID35968,0
ID35969,0
ID35970,0
ID35971,0
ID35972,0
ID35973,0
ID35974,0
ID35975,0
ID35976,0
ID35977,0
ID35978,0
ID35979,0
ID35980,0
ID35981,0
ID35982,0
ID35983,0
ID35984,0
ID35985,0
ID35986,0
ID35987,0
ID35988,0
ID35989,0
ID35990,0
ID35991,0
ID35992,0
ID35993,0
ID35994,0
ID35995,0
ID35996,0
ID35997,0
ID35998,0
ID35999,0
ID36000,0
ID36001,0
ID36002,0
ID36003,0
ID36004,0
ID36005,0
ID36006,0
ID36007,0
ID36008,1
ID36009,1
ID36010,0
ID36011,0
ID36012,0
ID36013,1
ID36014,0
ID36015,0
ID36016,0
ID36017,0
ID36018,0
ID36019,0
ID36020,0
ID36021,0
ID36022,0
ID36023,0
ID36024,0
ID36025,0
ID36026,0
ID36027,0
ID36028,0
ID36029,0
ID36030,0
ID36031,0
ID36032,0
ID36033,0
ID36034,0
ID36035,1
ID36036,0
ID36037,0
ID36038,0
ID36039,0
ID36040,0
ID36041,0
ID36042,0
ID36043,1
ID36044,0
ID36045,0
ID36046,0
ID36047,0
ID36048,0
ID36049,0
ID36050,0
ID36051,0
ID36052,0
ID36053,0
ID36054,0
ID36055,0
ID36056,0
ID36057,1
ID36058,0
ID36059,0
ID36060,0
ID36061,0
ID36062,0
ID36063,0
ID36064,0
ID36065,0
ID36066,0
ID36067,0
ID36068,0
ID36069,0
ID36070,0
ID36071,0
ID36072,0
ID36073,1
ID36074,0
ID36075,0
ID36076,0
ID36077,0
ID36078,0
ID36079,0
ID36080,0
ID36081,0
ID36082,0
ID36083,1
ID36084,0
ID36085,0
ID36086,1
ID36087,0
ID36088,0
ID36089,0
ID36090,0
ID36091,0
ID36092,0
ID36093,0
ID36094,0
ID36095,1
ID36096,0
ID36097,0
ID36098,0
ID36099,0
ID36100,0
ID36101,0
ID36102,0
ID36103,0
ID36104,0
ID36105,0
ID36106,0
ID36107,0
ID36108,0
ID36109,0
ID36110,0
ID36111,0
ID36112,0
ID36113,0
ID36114,0
ID36115,0
ID36116,0
ID36117,0
ID36118,0
ID36119,0
ID36120,0
ID36121,0
ID36122,0
ID36123,0
ID36124,0
ID36125,0
ID36126,0
ID36127,0
ID36128,0
ID36129,0
ID36130,0
ID36131,0
ID36132,0
ID36133,0
ID36134,0
ID36135,0
ID36136,0
ID36137,0
ID36138,0
ID36139,0
ID36140,1
ID36141,0
ID36142,0
ID36143,0
ID36144,0
ID36145,0
ID36146,0
ID36147,0
ID36148,0
ID36149,0
ID36150,0
ID36151,0
ID36152,0
ID36153,0
ID36154,0
ID36155,0
ID36156,0
ID36157,0
ID36158,0
ID36159,0
ID36160,0
ID36161,0
ID36162,0
ID36163,0
ID36164,0
ID36165,0
ID36166,0
ID36167,0
ID36168,0
ID36169,0
ID36170,0
ID36171,0
ID36172,0
ID36173,0
ID36174,0
ID36175,0
ID36176,0
ID36177,1
ID36178,0
ID36179,0
ID36180,0
ID36181,0
ID36182,0
ID36183,0
ID36184,0
ID36185,0
ID36186,0
ID36187,0
ID36188,0
ID36189,0
ID36190,0
ID36191,0
ID36192,0
ID36193,0
ID36194,0
ID36195,0
ID36196,0
ID36197,0
ID36198,0
ID36199,0
ID36200,0
ID36201,0
ID36202,0
ID36203,0
ID36204,0
ID36205,0
ID36206,0
ID36207,0
ID36208,0
ID36209,0
ID36210,0
ID36211,0
ID36212,0
ID36213,0
ID36214,0
ID36215,0
ID36216,0
ID36217,0
ID36218,0
ID36219,0
ID36220,0
ID36221,0
ID36222,0
ID36223,0
ID36224,0
ID36225,0
ID36226,0
ID36227,0
ID36228,0
ID36229,1
ID36230,0
ID36231,0
ID36232,0
ID36233,0
ID36234,0
ID36235,0
ID36236,0
ID36237,0
ID36238,0
ID36239,0
ID36240,0
ID36241,0
ID36242,0
ID36243,0
ID36244,0
ID36245,0
ID36246,0
ID36247,0
ID36248,0
ID36249,0
ID36250,0
ID36251,0
ID36252,0
ID36253,1
ID36254,0
ID36255,0
ID36256,0
ID36257,0
ID36258,0
ID36259,0
ID36260,0
ID36261,0
ID36262,0
ID36263,0
ID36264,0
ID36265,0
ID36266,0
ID36267,0
ID36268,0
ID36269,1
ID36270,0
ID36271,0
ID36272,0
ID36273,0
ID36274,0
ID36275,0
ID36276,1
ID36277,0
ID36278,0
ID36279,0
ID36280,0
ID36281,0
ID36282,0
ID36283,0
ID36284,0
ID36285,0
ID36286,0
ID36287,0
ID36288,0
ID36289,0
ID36290,0
ID36291,0
ID36292,0
ID36293,0
ID36294,0
ID36295,0
ID36296,0
ID36297,0
ID36298,0
ID36299,0
ID36300,0
ID36301,0
ID36302,0
ID36303,1
ID36304,0
ID36305,0
ID36306,0
ID36307,0
ID36308,0
ID36309,0
ID36310,0
ID36311,0
ID36312,0
ID36313,0
ID36314,0
ID36315,0
ID36316,0
ID36317,0
ID36318,0
ID36319,0
ID36320,0
ID36321,1
ID36322,0
ID36323,0
ID36324,0
ID36325,0
ID36326,0
ID36327,0
ID36328,0
ID36329,0
ID36330,0
ID36331,1
ID36332,0
ID36333,1
ID36334,0
ID36335,0
ID36336,1
ID36337,0
ID36338,0
ID36339,0
ID36340,0
ID36341,0
ID36342,0
ID36343,0
ID36344,0
ID36345,0
ID36346,0
ID36347,0
ID36348,0
ID36349,0
ID36350,0
ID36351,0
ID36352,0
ID36353,0
ID36354,0
ID36355,0
ID36356,0
ID36357,0
ID36358,0
ID36359,0
ID36360,0
ID36361,0
ID36362,0
ID36363,0
ID36364,0
ID36365,0
ID36366,0
ID36367,0
ID36368,0
ID36369,0
ID36370,0
ID36371,0
ID36372,0
ID36373,0
ID36374,0
ID36375,0
ID36376,0
ID36377,0
ID36378,0
ID36379,0
ID36380,0
ID36381,0
ID36382,0
ID36383,0
ID36384,0
ID36385,0
ID36386,0
ID36387,0
ID36388,0
ID36389,0
ID36390,1
ID36391,0
ID36392,0
ID36393,0
ID36394,0
ID36395,0
ID36396,1
ID36397,0
ID36398,0
ID36399,1
ID36400,0
ID36401,0
ID36402,0
ID36403,0
ID36404,0
ID36405,0
ID36406,0
ID36407,0
ID36408,0
ID36409,0
ID36410,0
ID36411,0
ID36412,0
ID36413,0
ID36414,0
ID36415,0
ID36416,0
ID36417,1
ID36418,0
ID36419,0
ID36420,0
ID36421,0
ID36422,0
ID36423,0
ID36424,0
ID36425,0
ID36426,0
ID36427,0
ID36428,0
ID36429,0
ID36430,0
ID36431,0
ID36432,0
ID36433,0
ID36434,0
ID36435,0
ID36436,1
ID36437,1
ID36438,0
ID36439,0
ID36440,0
ID36441,0
ID36442,0
ID36443,0
ID36444,0
ID36445,0
ID36446,0
ID36447,0
ID36448,0
ID36449,0
ID36450,0
ID36451,0
ID36452,0
ID36453,0
ID36454,1
ID36455,0
ID36456,0
ID36457,0
ID36458,0
ID36459,0
ID36460,1
ID36461,0
ID36462,0
ID36463,0
ID36464,0
ID36465,0
ID36466,0
ID36467,1
ID36468,0
ID36469,0
ID36470,0
ID36471,0
ID36472,0
ID36473,0
ID36474,0
ID36475,0
ID36476,0
ID36477,0
ID36478,0
ID36479,0
ID36480,1
ID36481,0
ID36482,0
ID36483,0
ID36484,1
ID36485,1
ID36486,0
ID36487,0
ID36488,0
ID36489,0
ID36490,0
ID36491,0
ID36492,0
ID36493,0
ID36494,0
ID36495,0
ID36496,0
ID36497,0
ID36498,0
ID36499,0
ID36500,0
ID36501,0
ID36502,0
ID36503,0
ID36504,0
ID36505,0
ID36506,0
ID36507,0
ID36508,0
ID36509,1
ID36510,0
ID36511,0
ID36512,0
ID36513,0
ID36514,0
ID36515,0
ID36516,0
ID36517,0
ID36518,0
ID36519,0
ID36520,0
ID36521,0
ID36522,0
ID36523,0
ID36524,0
ID36525,0
ID36526,0
ID36527,0
ID36528,0
ID36529,0
ID36530,0
ID36531,0
ID36532,0
ID36533,0
ID36534,0
ID36535,0
ID36536,0
ID36537,0
ID36538,0
ID36539,0
ID36540,0
ID36541,1
ID36542,0
ID36543,0
ID36544,0
ID36545,0
ID36546,0
ID36547,0
ID36548,0
ID36549,0
ID36550,0
ID36551,0
ID36552,0
ID36553,0
ID36554,0
ID36555,0
ID36556,0
ID36557,0
ID36558,0
ID36559,0
ID36560,0
ID36561,0
ID36562,0
ID36563,0
ID36564,0
ID36565,1
ID36566,0
ID36567,0
ID36568,0
ID36569,0
ID36570,0
ID36571,0
ID36572,0
ID36573,0
ID36574,0
ID36575,0
ID36576,0
ID36577,0
ID36578,0
ID36579,0
ID36580,0
ID36581,0
ID36582,0
ID36583,0
ID36584,0
ID36585,0
ID36586,0
ID36587,1
ID36588,0
ID36589,0
ID36590,0
ID36591,0
ID36592,0
ID36593,0
ID36594,0
ID36595,0
ID36596,0
ID36597,0
ID36598,0
ID36599,0
ID36600,0
ID36601,0
ID36602,0
ID36603,0
ID36604,1
ID36605,0
ID36606,0
ID36607,0
ID36608,0
ID36609,0
ID36610,0
ID36611,0
ID36612,0
ID36613,0
ID36614,0
ID36615,0
ID36616,0
ID36617,0
ID36618,0
ID36619,0
ID36620,0
ID36621,0
ID36622,1
ID36623,0
ID36624,0
ID36625,0
ID36626,0
ID36627,0
ID36628,0
ID36629,1
ID36630,0
ID36631,0
ID36632,0
ID36633,0
ID36634,0
ID36635,1
ID36636,0
ID36637,0
ID36638,0
ID36639,0
ID36640,0
ID36641,0
ID36642,0
ID36643,0
ID36644,0
ID36645,0
ID36646,0
ID36647,0
ID36648,0
ID36649,0
ID36650,0
ID36651,0
ID36652,0
ID36653,1
ID36654,0
ID36655,0
ID36656,0
ID36657,0
ID36658,0
ID36659,0
ID36660,0
ID36661,0
ID36662,1
ID36663,0
ID36664,0
ID36665,0
ID36666,0
ID36667,0
ID36668,0
ID36669,1
ID36670,0
ID36671,0
ID36672,0
ID36673,0
ID36674,0
ID36675,0
ID36676,0
ID36677,0
ID36678,0
ID36679,0
ID36680,0
ID36681,0
ID36682,0
ID36683,0
ID36684,0
ID36685,0
ID36686,0
ID36687,0
ID36688,0
ID36689,0
ID36690,1
ID36691,0
ID36692,0
ID36693,0
ID36694,0
ID36695,0
ID36696,0
ID36697,0
ID36698,0
ID36699,0
ID36700,0
ID36701,0
ID36702,0
ID36703,0
ID36704,0
ID36705,1
ID36706,1
ID36707,0
ID36708,0
ID36709,0
ID36710,0
ID36711,0
ID36712,0
ID36713,0
ID36714,0
ID36715,0
ID36716,0
ID36717,0
ID36718,0
ID36719,0
ID36720,0
ID36721,0
ID36722,0
ID36723,0
ID36724,0
ID36725,0
ID36726,0
ID36727,0
ID36728,0
ID36729,0
ID36730,0
ID36731,0
ID36732,0
ID36733,0
ID36734,1
ID36735,0
ID36736,0
ID36737,0
ID36738,0
ID36739,0
ID36740,0
ID36741,0
ID36742,0
ID36743,0
ID36744,0
ID36745,0
ID36746,0
ID36747,0
ID36748,1
ID36749,0
ID36750,0
ID36751,1
ID36752,0
ID36753,1
ID36754,0
ID36755,0
ID36756,0
ID36757,0
ID36758,0
ID36759,1
ID36760,0
ID36761,0
ID36762,0
ID36763,0
ID36764,0
ID36765,0
ID36766,0
ID36767,0
ID36768,0
ID36769,0
ID36770,0
ID36771,0
ID36772,0
ID36773,1
ID36774,0
ID36775,0
ID36776,0
ID36777,0
ID36778,0
ID36779,0
ID36780,0
ID36781,0
ID36782,0
ID36783,0
ID36784,0
ID36785,0
ID36786,0
ID36787,0
ID36788,0
ID36789,0
ID36790,0
ID36791,0
ID36792,0
ID36793,0
ID36794,0
ID36795,0
ID36796,0
ID36797,0
ID36798,0
ID36799,0
ID36800,1
ID36801,0
ID36802,0
ID36803,0
ID36804,0
ID36805,0
ID36806,0
ID36807,0
ID36808,0
ID36809,0
ID36810,0
ID36811,0
ID36812,0
ID36813,0
ID36814,0
ID36815,0
ID36816,0
ID36817,0
ID36818,1
ID36819,0
ID36820,0
ID36821,0
ID36822,0
ID36823,0
ID36824,0
ID36825,0
ID36826,0
ID36827,0
ID36828,0
ID36829,0
ID36830,0
ID36831,0
ID36832,0
ID36833,0
ID36834,0
ID36835,0
ID36836,0
ID36837,0
ID36838,0
ID36839,0
ID36840,1
ID36841,0
ID36842,0
ID36843,0
ID36844,0
ID36845,0
ID36846,0
ID36847,0
ID36848,1
ID36849,0
ID36850,1
ID36851,0
ID36852,0
ID36853,0
ID36854,0
ID36855,0
ID36856,0
ID36857,0
ID36858,0
ID36859,0
ID36860,0
ID36861,0
ID36862,0
ID36863,0
ID36864,0
ID36865,0
ID36866,0
ID36867,1
ID36868,0
ID36869,0
ID36870,0
ID36871,0
ID36872,0
ID36873,0
ID36874,0
ID36875,0
ID36876,0
ID36877,0
ID36878,0
ID36879,0
ID36880,0
ID36881,0
ID36882,0
ID36883,0
ID36884,0
ID36885,0
ID36886,0
ID36887,0
ID36888,0
ID36889,0
ID36890,0
ID36891,0
ID36892,0
ID36893,0
ID36894,0
ID36895,0
ID36896,1
ID36897,0
ID36898,0
ID36899,0
ID36900,1
ID36901,1
ID36902,0
ID36903,0
ID36904,0
ID36905,0
ID36906,0
ID36907,0
ID36908,0
ID36909,0
ID36910,0
ID36911,0
ID36912,0
ID36913,0
ID36914,0
ID36915,0
ID36916,0
ID36917,0
ID36918,0
ID36919,0
ID36920,0
ID36921,0
ID36922,0
ID36923,0
ID36924,0
ID36925,0
ID36926,0
ID36927,0
ID36928,0
ID36929,0
ID36930,0
ID36931,0
ID36932,0
ID36933,0
ID36934,0
ID36935,0
ID36936,0
ID36937,0
ID36938,0
ID36939,0
ID36940,0
ID36941,0
ID36942,0
ID36943,0
ID36944,0
ID36945,0
ID36946,0
ID36947,0
ID36948,0
ID36949,0
ID36950,0
ID36951,0
ID36952,0
ID36953,0
ID36954,0
ID36955,0
ID36956,0
ID36957,0
ID36958,0
ID36959,0
ID36960,0
ID36961,0
ID36962,0
ID36963,0
ID36964,0
ID36965,0
ID36966,0
ID36967,0
ID36968,0
ID36969,0
ID36970,0
ID36971,0
ID36972,0
ID36973,0
ID36974,0
ID36975,1
ID36976,0
ID36977,0
ID36978,0
ID36979,0
ID36980,0
ID36981,0
ID36982,0
ID36983,0
ID36984,0
ID36985,0
ID36986,0
ID36987,0
ID36988,0
ID36989,0
ID36990,0
ID36991,0
ID36992,0
ID36993,0
ID36994,0
ID36995,0
ID36996,0
ID36997,0
ID36998,0
ID36999,0
ID37000,0
ID37001,0
ID37002,0
ID37003,0
ID37004,0
ID37005,0
ID37006,0
ID37007,0
ID37008,0
ID37009,0
ID37010,0
ID37011,0
ID37012,1
ID37013,0
ID37014,0
ID37015,0
ID37016,0
ID37017,0
ID37018,0
ID37019,0
ID37020,0
ID37021,0
ID37022,0
ID37023,0
ID37024,0
ID37025,0
ID37026,0
ID37027,0
ID37028,0
ID37029,0
ID37030,0
ID37031,0
ID37032,0
ID37033,0
ID37034,0
ID37035,0
ID37036,0
ID37037,0
ID37038,0
ID37039,0
ID37040,1
ID37041,0
ID37042,0
ID37043,0
ID37044,0
ID37045,0
ID37046,0
ID37047,0
ID37048,0
ID37049,0
ID37050,0
ID37051,0
ID37052,0
ID37053,0
ID37054,0
ID37055,0
ID37056,0
ID37057,0
ID37058,0
ID37059,0
ID37060,0
ID37061,0
ID37062,0
ID37063,0
ID37064,0
ID37065,1
ID37066,0
ID37067,0
ID37068,0
ID37069,0
ID37070,0
ID37071,0
ID37072,0
ID37073,0
ID37074,0
ID37075,0
ID37076,0
ID37077,0
ID37078,0
ID37079,0
ID37080,0
ID37081,0
ID37082,0
ID37083,0
ID37084,0
ID37085,0
ID37086,0
ID37087,0
ID37088,0
ID37089,0
ID37090,0
ID37091,0
ID37092,0
ID37093,0
ID37094,0
ID37095,1
ID37096,0
ID37097,0
ID37098,0
ID37099,0
ID37100,0
ID37101,0
ID37102,0
ID37103,0
ID37104,0
ID37105,0
ID37106,0
ID37107,0
ID37108,0
ID37109,0
ID37110,0
ID37111,0
ID37112,0
ID37113,0
ID37114,0
ID37115,0
ID37116,0
ID37117,0
ID37118,0
ID37119,0
ID37120,1
ID37121,1
ID37122,0
ID37123,0
ID37124,0
ID37125,0
ID37126,0
ID37127,1
ID37128,0
ID37129,0
ID37130,0
ID37131,0
ID37132,0
ID37133,0
ID37134,0
ID37135,0
ID37136,0
ID37137,0
ID37138,0
ID37139,1
ID37140,1
ID37141,0
ID37142,0
ID37143,0
ID37144,0
ID37145,0
ID37146,0
ID37147,0
ID37148,0
ID37149,0
ID37150,0
ID37151,0
ID37152,0
ID37153,0
ID37154,0
ID37155,0
ID37156,0
ID37157,0
ID37158,0
ID37159,0
ID37160,0
ID37161,0
ID37162,0
ID37163,0
ID37164,0
ID37165,0
ID37166,0
ID37167,0
ID37168,0
ID37169,0
ID37170,0
ID37171,0
ID37172,0
ID37173,0
ID37174,0
ID37175,0
ID37176,0
ID37177,0
ID37178,0
ID37179,0
ID37180,0
ID37181,0
ID37182,0
ID37183,0
ID37184,0
ID37185,0
ID37186,0
ID37187,0
ID37188,0
ID37189,0
ID37190,0
ID37191,0
ID37192,0
ID37193,0
ID37194,0
ID37195,0
ID37196,0
ID37197,0
ID37198,0
ID37199,0
ID37200,0
ID37201,0
ID37202,0
ID37203,0
ID37204,0
ID37205,0
ID37206,0
ID37207,0
ID37208,0
ID37209,0
ID37210,0
ID37211,0
ID37212,1
ID37213,0
ID37214,0
ID37215,1
ID37216,0
ID37217,1
ID37218,0
ID37219,0
ID37220,0
ID37221,0
ID37222,0
ID37223,0
ID37224,0
ID37225,0
ID37226,0
ID37227,0
ID37228,0
ID37229,0
ID37230,1
ID37231,0
ID37232,0
ID37233,0
ID37234,0
ID37235,0
ID37236,0
ID37237,0
ID37238,0
ID37239,0
ID37240,0
ID37241,0
ID37242,0
ID37243,0
ID37244,0
ID37245,0
ID37246,0
ID37247,0
ID37248,1
ID37249,0
ID37250,0
ID37251,0
ID37252,0
ID37253,0
ID37254,0
ID37255,0
ID37256,0
ID37257,0
ID37258,0
ID37259,0
ID37260,0
ID37261,0
ID37262,0
ID37263,0
ID37264,0
ID37265,1
ID37266,0
ID37267,0
ID37268,0
ID37269,0
ID37270,0
ID37271,0
ID37272,0
ID37273,0
ID37274,0
ID37275,0
ID37276,0
ID37277,0
ID37278,0
ID37279,0
ID37280,0
ID37281,0
ID37282,0
ID37283,0
ID37284,0
ID37285,0
ID37286,0
ID37287,0
ID37288,0
ID37289,0
ID37290,0
ID37291,0
ID37292,0
ID37293,0
ID37294,0
ID37295,0
ID37296,0
ID37297,1
ID37298,0
ID37299,0
ID37300,0
ID37301,0
ID37302,0
ID37303,0
ID37304,0
ID37305,0
ID37306,0
ID37307,0
ID37308,0
ID37309,0
ID37310,0
ID37311,0
ID37312,0
ID37313,0
ID37314,0
ID37315,0
ID37316,0
ID37317,0
ID37318,0
ID37319,0
ID37320,0
ID37321,0
ID37322,0
ID37323,0
ID37324,0
ID37325,0
ID37326,0
ID37327,0
ID37328,0
ID37329,1
ID37330,0
ID37331,0
ID37332,0
ID37333,0
ID37334,0
ID37335,0
ID37336,0
ID37337,0
ID37338,0
ID37339,0
ID37340,0
ID37341,0
ID37342,0
ID37343,0
ID37344,0
ID37345,0
ID37346,0
ID37347,0
ID37348,0
ID37349,1
ID37350,0
ID37351,0
ID37352,0
ID37353,0
ID37354,0
ID37355,0
ID37356,0
ID37357,0
ID37358,0
ID37359,0
ID37360,1
ID37361,0
ID37362,0
ID37363,0
ID37364,0
ID37365,0
ID37366,0
ID37367,0
ID37368,0
ID37369,0
ID37370,0
ID37371,0
ID37372,0
ID37373,0
ID37374,0
ID37375,0
ID37376,0
ID37377,0
ID37378,0
ID37379,0
ID37380,0
ID37381,0
ID37382,0
ID37383,0
ID37384,0
ID37385,0
ID37386,0
ID37387,1
ID37388,0
ID37389,0
ID37390,0
ID37391,0
ID37392,0
ID37393,0
ID37394,0
ID37395,0
ID37396,0
ID37397,0
ID37398,0
ID37399,0
ID37400,0
ID37401,0
ID37402,0
ID37403,0
ID37404,0
ID37405,0
ID37406,0
ID37407,0
ID37408,0
ID37409,0
ID37410,0
ID37411,0
ID37412,0
ID37413,0
ID37414,0
ID37415,0
ID37416,0
ID37417,0
ID37418,0
ID37419,0
ID37420,0
ID37421,0
ID37422,0
ID37423,0
ID37424,0
ID37425,0
ID37426,0
ID37427,0
ID37428,0
ID37429,0
ID37430,0
ID37431,0
ID37432,0
ID37433,0
ID37434,0
ID37435,0
ID37436,0
ID37437,0
ID37438,0
ID37439,0
ID37440,0
ID37441,1
ID37442,0
ID37443,0
ID37444,0
ID37445,0
ID37446,0
ID37447,0
ID37448,0
ID37449,0
ID37450,0
ID37451,0
ID37452,0
ID37453,0
ID37454,0
ID37455,0
ID37456,0
ID37457,0
ID37458,0
ID37459,0
ID37460,0
ID37461,0
ID37462,0
ID37463,0
ID37464,0
ID37465,0
ID37466,0
ID37467,0
ID37468,1
ID37469,0
ID37470,0
ID37471,0
ID37472,0
ID37473,0
ID37474,0
ID37475,0
ID37476,0
ID37477,0
ID37478,0
ID37479,0
ID37480,0
ID37481,0
ID37482,0
ID37483,0
ID37484,0
ID37485,0
ID37486,0
ID37487,0
ID37488,0
ID37489,0
ID37490,0
ID37491,0
ID37492,0
ID37493,0
ID37494,1
ID37495,0
ID37496,0
ID37497,0
ID37498,0
ID37499,0
ID37500,0
ID37501,0
ID37502,0
ID37503,0
ID37504,0
ID37505,0
ID37506,0
ID37507,0
ID37508,0
ID37509,0
ID37510,0
ID37511,0
ID37512,0
ID37513,0
ID37514,0
ID37515,0
ID37516,0
ID37517,0
ID37518,0
ID37519,0
ID37520,0
ID37521,0
ID37522,0
ID37523,0
ID37524,0
ID37525,0
ID37526,0
ID37527,0
ID37528,0
ID37529,0
ID37530,0
ID37531,0
ID37532,0
ID37533,0
ID37534,0
ID37535,0
ID37536,0
ID37537,0
ID37538,1
ID37539,0
ID37540,0
ID37541,0
ID37542,0
ID37543,0
ID37544,0
ID37545,0
ID37546,0
ID37547,0
ID37548,0
ID37549,0
ID37550,1
ID37551,0
ID37552,0
ID37553,0
ID37554,0
ID37555,0
ID37556,0
ID37557,0
ID37558,0
ID37559,0
ID37560,0
ID37561,0
ID37562,0
ID37563,0
ID37564,0
ID37565,0
ID37566,0
ID37567,0
ID37568,0
ID37569,0
ID37570,0
ID37571,0
ID37572,0
ID37573,0
ID37574,0
ID37575,0
ID37576,0
ID37577,0
ID37578,0
ID37579,0
ID37580,0
ID37581,0
ID37582,0
ID37583,0
ID37584,0
ID37585,0
ID37586,0
ID37587,0
ID37588,1
ID37589,0
ID37590,0
ID37591,0
ID37592,0
ID37593,0
ID37594,1
ID37595,0
ID37596,0
ID37597,0
ID37598,0
ID37599,0
ID37600,0
ID37601,0
ID37602,0
ID37603,0
ID37604,0
ID37605,0
ID37606,0
ID37607,0
ID37608,0
ID37609,0
ID37610,0
ID37611,0
ID37612,0
ID37613,1
ID37614,0
ID37615,0
ID37616,0
ID37617,0
ID37618,0
ID37619,0
ID37620,0
ID37621,0
ID37622,0
ID37623,0
ID37624,0
ID37625,0
ID37626,0
ID37627,0
ID37628,0
ID37629,0
ID37630,0
ID37631,0
ID37632,0
ID37633,0
ID37634,0
ID37635,0
ID37636,0
ID37637,0
ID37638,0
ID37639,0
ID37640,0
ID37641,0
ID37642,0
ID37643,0
ID37644,0
ID37645,0
ID37646,0
ID37647,0
ID37648,0
ID37649,0
ID37650,0
ID37651,0
ID37652,0
ID37653,0
ID37654,0
ID37655,0
ID37656,0
ID37657,0
ID37658,0
ID37659,0
ID37660,1
ID37661,0
ID37662,1
ID37663,0
ID37664,0
ID37665,0
ID37666,0
ID37667,0
ID37668,0
ID37669,0
ID37670,0
ID37671,0
ID37672,0
ID37673,0
ID37674,0
ID37675,1
ID37676,0
ID37677,0
ID37678,0
ID37679,0
ID37680,1
ID37681,0
ID37682,0
ID37683,0
ID37684,0
ID37685,1
ID37686,0
ID37687,0
ID37688,0
ID37689,0
ID37690,1
ID37691,0
ID37692,0
ID37693,0
ID37694,0
ID37695,0
ID37696,0
ID37697,0
ID37698,0
ID37699,0
ID37700,0
ID37701,1
ID37702,0
ID37703,0
ID37704,0
ID37705,0
ID37706,0
ID37707,0
ID37708,0
ID37709,0
ID37710,0
ID37711,0
ID37712,0
ID37713,0
ID37714,0
ID37715,0
ID37716,0
ID37717,0
ID37718,0
ID37719,0
ID37720,0
ID37721,0
ID37722,0
ID37723,0
ID37724,0
ID37725,0
ID37726,0
ID37727,0
ID37728,0
ID37729,1
ID37730,0
ID37731,0
ID37732,0
ID37733,0
ID37734,0
ID37735,0
ID37736,0
ID37737,0
ID37738,0
ID37739,0
ID37740,0
ID37741,0
ID37742,0
ID37743,0
ID37744,1
ID37745,0
ID37746,0
ID37747,0
ID37748,0
ID37749,0
ID37750,1
ID37751,0
ID37752,1
ID37753,0
ID37754,0
ID37755,0
ID37756,0
ID37757,0
ID37758,0
ID37759,0
ID37760,0
ID37761,0
ID37762,0
ID37763,0
ID37764,0
ID37765,0
ID37766,0
ID37767,0
ID37768,0
ID37769,0
ID37770,0
ID37771,0
ID37772,0
ID37773,0
ID37774,0
ID37775,0
ID37776,0
ID37777,0
ID37778,0
ID37779,0
ID37780,0
ID37781,0
ID37782,0
ID37783,0
ID37784,0
ID37785,0
ID37786,0
ID37787,0
ID37788,1
ID37789,0
ID37790,0
ID37791,0
ID37792,0
ID37793,0
ID37794,0
ID37795,0
ID37796,0
ID37797,0
ID37798,0
ID37799,0
ID37800,0
ID37801,1
ID37802,0
ID37803,0
ID37804,0
ID37805,1
ID37806,0
ID37807,0
ID37808,0
ID37809,0
ID37810,0
ID37811,0
ID37812,0
ID37813,0
ID37814,0
ID37815,1
ID37816,0
ID37817,0
ID37818,0
ID37819,0
ID37820,0
ID37821,0
ID37822,0
ID37823,0
ID37824,0
ID37825,0
ID37826,0
ID37827,0
ID37828,0
ID37829,0
ID37830,0
ID37831,0
ID37832,0
ID37833,0
ID37834,0
ID37835,0
ID37836,0
ID37837,1
ID37838,0
ID37839,0
ID37840,0
ID37841,0
ID37842,0
ID37843,0
ID37844,0
ID37845,0
ID37846,0
ID37847,0
ID37848,0
ID37849,0
ID37850,0
ID37851,0
ID37852,0
ID37853,0
ID37854,1
ID37855,0
ID37856,0
ID37857,0
ID37858,0
ID37859,0
ID37860,0
ID37861,0
ID37862,0
ID37863,0
ID37864,1
ID37865,1
ID37866,0
ID37867,0
ID37868,0
ID37869,0
ID37870,0
ID37871,0
ID37872,0
ID37873,0
ID37874,0
ID37875,0
ID37876,0
ID37877,0
ID37878,0
ID37879,0
ID37880,0
ID37881,0
ID37882,0
ID37883,0
ID37884,0
ID37885,0
ID37886,0
ID37887,0
ID37888,0
ID37889,0
ID37890,0
ID37891,0
ID37892,0
ID37893,0
ID37894,0
ID37895,0
ID37896,0
ID37897,0
ID37898,0
ID37899,0
ID37900,0
ID37901,0
ID37902,0
ID37903,1
ID37904,0
ID37905,1
ID37906,0
ID37907,0
ID37908,0
ID37909,0
ID37910,0
ID37911,0
ID37912,0
ID37913,0
ID37914,1
ID37915,0
ID37916,0
ID37917,0
ID37918,0
ID37919,0
ID37920,0
ID37921,0
ID37922,0
ID37923,0
ID37924,1
ID37925,0
ID37926,0
ID37927,0
ID37928,0
ID37929,0
ID37930,0
ID37931,0
ID37932,0
ID37933,0
ID37934,0
ID37935,0
ID37936,0
ID37937,0
ID37938,0
ID37939,0
ID37940,0
ID37941,0
ID37942,0
ID37943,0
ID37944,0
ID37945,0
ID37946,0
ID37947,0
ID37948,0
ID37949,0
ID37950,0
ID37951,0
ID37952,0
ID37953,0
ID37954,0
ID37955,0
ID37956,0
ID37957,0
ID37958,0
ID37959,0
ID37960,0
ID37961,0
ID37962,0
ID37963,0
ID37964,0
ID37965,0
ID37966,0
ID37967,0
ID37968,0
ID37969,0
ID37970,0
ID37971,0
ID37972,0
ID37973,0
ID37974,0
ID37975,0
ID37976,0
ID37977,0
ID37978,0
ID37979,0
ID37980,0
ID37981,0
ID37982,0
ID37983,0
ID37984,0
ID37985,0
ID37986,0
ID37987,0
ID37988,0
ID37989,0
ID37990,0
ID37991,0
ID37992,0
ID37993,0
ID37994,0
ID37995,0
ID37996,0
ID37997,0
ID37998,0
ID37999,0
ID38000,0
ID38001,0
ID38002,0
ID38003,0
ID38004,0
ID38005,0
ID38006,0
ID38007,0
ID38008,0
ID38009,1
ID38010,0
ID38011,0
ID38012,0
ID38013,0
ID38014,0
ID38015,0
ID38016,0
ID38017,0
ID38018,0
ID38019,0
ID38020,0
ID38021,0
ID38022,0
ID38023,0
ID38024,0
ID38025,0
ID38026,0
ID38027,0
ID38028,0
ID38029,0
ID38030,0
ID38031,0
ID38032,0
ID38033,0
ID38034,0
ID38035,0
ID38036,0
ID38037,0
ID38038,0
ID38039,0
ID38040,0
ID38041,0
ID38042,0
ID38043,0
ID38044,0
ID38045,1
ID38046,0
ID38047,0
ID38048,0
ID38049,0
ID38050,1
ID38051,0
ID38052,1
ID38053,0
ID38054,0
ID38055,0
ID38056,0
ID38057,0
ID38058,0
ID38059,0
ID38060,0
ID38061,0
ID38062,1
ID38063,0
ID38064,0
ID38065,0
ID38066,0
ID38067,0
ID38068,0
ID38069,0
ID38070,0
ID38071,0
ID38072,0
ID38073,0
ID38074,0
ID38075,0
ID38076,0
ID38077,0
ID38078,0
ID38079,0
ID38080,0
ID38081,0
ID38082,0
ID38083,0
ID38084,0
ID38085,0
ID38086,0
ID38087,0
ID38088,0
ID38089,0
ID38090,0
ID38091,0
ID38092,1
ID38093,0
ID38094,0
ID38095,0
ID38096,0
ID38097,0
ID38098,0
ID38099,0
ID38100,0
ID38101,0
ID38102,0
ID38103,0
ID38104,0
ID38105,0
ID38106,0
ID38107,0
ID38108,0
ID38109,0
ID38110,0
ID38111,0
ID38112,0
ID38113,0
ID38114,0
ID38115,0
ID38116,0
ID38117,0
ID38118,0
ID38119,0
ID38120,0
ID38121,0
ID38122,0
ID38123,0
ID38124,0
ID38125,0
ID38126,0
ID38127,0
ID38128,0
ID38129,0
ID38130,0
ID38131,1
ID38132,0
ID38133,0
ID38134,0
ID38135,0
ID38136,0
ID38137,0
ID38138,0
ID38139,0
ID38140,0
ID38141,0
ID38142,0
ID38143,0
ID38144,0
ID38145,0
ID38146,0
ID38147,0
ID38148,0
ID38149,0
ID38150,0
ID38151,0
ID38152,0
ID38153,0
ID38154,0
ID38155,0
ID38156,0
ID38157,1
ID38158,0
ID38159,0
ID38160,1
ID38161,0
ID38162,0
ID38163,0
ID38164,0
ID38165,0
ID38166,0
ID38167,0
ID38168,0
ID38169,0
ID38170,0
ID38171,0
ID38172,0
ID38173,0
ID38174,0
ID38175,0
ID38176,0
ID38177,0
ID38178,0
ID38179,0
ID38180,0
ID38181,0
ID38182,1
ID38183,0
ID38184,0
ID38185,0
ID38186,0
ID38187,0
ID38188,0
ID38189,0
ID38190,0
ID38191,0
ID38192,0
ID38193,0
ID38194,0
ID38195,0
ID38196,0
ID38197,0
ID38198,0
ID38199,0
ID38200,0
ID38201,0
ID38202,0
ID38203,0
ID38204,0
ID38205,0
ID38206,0
ID38207,0
ID38208,1
ID38209,0
ID38210,0
ID38211,0
ID38212,0
ID38213,0
ID38214,0
ID38215,0
ID38216,0
ID38217,0
ID38218,0
ID38219,0
ID38220,0
ID38221,0
ID38222,0
ID38223,0
ID38224,0
ID38225,0
ID38226,0
ID38227,0
ID38228,0
ID38229,1
ID38230,1
ID38231,0
ID38232,0
ID38233,1
ID38234,0
ID38235,1
ID38236,0
ID38237,0
ID38238,1
ID38239,0
ID38240,0
ID38241,0
ID38242,0
ID38243,0
ID38244,0
ID38245,1
ID38246,0
ID38247,0
ID38248,0
ID38249,0
ID38250,0
ID38251,0
ID38252,0
ID38253,0
ID38254,0
ID38255,0
ID38256,0
ID38257,0
ID38258,0
ID38259,0
ID38260,0
ID38261,0
ID38262,0
ID38263,0
ID38264,0
ID38265,0
ID38266,0
ID38267,0
ID38268,0
ID38269,0
ID38270,1
ID38271,0
ID38272,0
ID38273,0
ID38274,0
ID38275,0
ID38276,0
ID38277,0
ID38278,1
ID38279,0
ID38280,0
ID38281,0
ID38282,0
ID38283,0
ID38284,0
ID38285,0
ID38286,0
ID38287,0
ID38288,0
ID38289,0
ID38290,0
ID38291,0
ID38292,0
ID38293,0
ID38294,0
ID38295,0
ID38296,0
ID38297,0
ID38298,0
ID38299,0
ID38300,0
ID38301,0
ID38302,0
ID38303,0
ID38304,0
ID38305,0
ID38306,0
ID38307,0
ID38308,0
ID38309,0
ID38310,0
ID38311,0
ID38312,0
ID38313,0
ID38314,0
ID38315,0
ID38316,0
ID38317,0
ID38318,1
ID38319,0
ID38320,0
ID38321,0
ID38322,0
ID38323,0
ID38324,0
ID38325,0
ID38326,0
ID38327,0
ID38328,0
ID38329,0
ID38330,0
ID38331,0
ID38332,0
ID38333,0
ID38334,0
ID38335,0
ID38336,0
ID38337,0
ID38338,0
ID38339,0
ID38340,1
ID38341,0
ID38342,0
ID38343,0
ID38344,0
ID38345,1
ID38346,0
ID38347,0
ID38348,0
ID38349,0
ID38350,0
ID38351,0
ID38352,0
ID38353,1
ID38354,1
ID38355,0
ID38356,0
ID38357,0
ID38358,0
ID38359,0
ID38360,0
ID38361,0
ID38362,0
ID38363,0
ID38364,0
ID38365,0
ID38366,0
ID38367,0
ID38368,0
ID38369,0
ID38370,0
ID38371,0
ID38372,1
ID38373,0
ID38374,0
ID38375,0
ID38376,0
ID38377,1
ID38378,0
ID38379,0
ID38380,1
ID38381,0
ID38382,0
ID38383,0
ID38384,0
ID38385,0
ID38386,0
ID38387,1
ID38388,0
ID38389,0
ID38390,0
ID38391,0
ID38392,0
ID38393,0
ID38394,0
ID38395,0
ID38396,0
ID38397,0
ID38398,0
ID38399,0
ID38400,0
ID38401,0
ID38402,0
ID38403,0
ID38404,0
ID38405,0
ID38406,0
ID38407,0
ID38408,0
ID38409,0
ID38410,0
ID38411,0
ID38412,0
ID38413,0
ID38414,0
ID38415,1
ID38416,0
ID38417,0
ID38418,0
ID38419,0
ID38420,0
ID38421,0
ID38422,0
ID38423,1
ID38424,0
ID38425,0
ID38426,0
ID38427,0
ID38428,0
ID38429,0
ID38430,0
ID38431,0
ID38432,1
ID38433,0
ID38434,0
ID38435,0
ID38436,1
ID38437,0
ID38438,0
ID38439,0
ID38440,0
ID38441,0
ID38442,0
ID38443,0
ID38444,0
ID38445,0
ID38446,0
ID38447,0
ID38448,0
ID38449,0
ID38450,1
ID38451,0
ID38452,0
ID38453,0
ID38454,0
ID38455,0
ID38456,0
ID38457,0
ID38458,0
ID38459,0
ID38460,1
ID38461,0
ID38462,0
ID38463,0
ID38464,0
ID38465,0
ID38466,0
ID38467,0
ID38468,0
ID38469,0
ID38470,0
ID38471,0
ID38472,0
ID38473,0
ID38474,1
ID38475,0
ID38476,0
ID38477,0
ID38478,0
ID38479,0
ID38480,0
ID38481,0
ID38482,0
ID38483,0
ID38484,0
ID38485,0
ID38486,0
ID38487,0
ID38488,0
ID38489,0
ID38490,0
ID38491,0
ID38492,1
ID38493,0
ID38494,0
ID38495,0
ID38496,0
ID38497,0
ID38498,0
ID38499,0
ID38500,0
ID38501,0
ID38502,0
ID38503,0
ID38504,0
ID38505,0
ID38506,0
ID38507,0
ID38508,1
ID38509,0
ID38510,0
ID38511,0
ID38512,0
ID38513,0
ID38514,0
ID38515,0
ID38516,0
ID38517,0
ID38518,0
ID38519,0
ID38520,0
ID38521,0
ID38522,0
ID38523,0
ID38524,0
ID38525,1
ID38526,0
ID38527,1
ID38528,0
ID38529,0
ID38530,0
ID38531,0
ID38532,0
ID38533,1
ID38534,0
ID38535,1
ID38536,0
ID38537,0
ID38538,0
ID38539,0
ID38540,0
ID38541,0
ID38542,0
ID38543,0
ID38544,0
ID38545,0
ID38546,0
ID38547,0
ID38548,0
ID38549,0
ID38550,0
ID38551,0
ID38552,0
ID38553,0
ID38554,0
ID38555,0
ID38556,0
ID38557,0
ID38558,0
ID38559,0
ID38560,0
ID38561,0
ID38562,0
ID38563,0
ID38564,0
ID38565,0
ID38566,0
ID38567,0
ID38568,0
ID38569,0
ID38570,0
ID38571,0
ID38572,0
ID38573,0
ID38574,0
ID38575,0
ID38576,0
ID38577,1
ID38578,0
ID38579,0
ID38580,0
ID38581,0
ID38582,0
ID38583,0
ID38584,0
ID38585,0
ID38586,0
ID38587,0
ID38588,0
ID38589,0
ID38590,0
ID38591,0
ID38592,0
ID38593,0
ID38594,0
ID38595,0
ID38596,0
ID38597,0
ID38598,0
ID38599,0
ID38600,0
ID38601,0
ID38602,0
ID38603,0
ID38604,0
ID38605,0
ID38606,0
ID38607,0
ID38608,0
ID38609,0
ID38610,0
ID38611,0
ID38612,0
ID38613,0
ID38614,0
ID38615,0
ID38616,0
ID38617,1
ID38618,0
ID38619,1
ID38620,0
ID38621,0
ID38622,1
ID38623,0
ID38624,0
ID38625,0
ID38626,0
ID38627,0
ID38628,0
ID38629,0
ID38630,1
ID38631,0
ID38632,0
ID38633,0
ID38634,0
ID38635,0
ID38636,0
ID38637,0
ID38638,0
ID38639,0
ID38640,0
ID38641,0
ID38642,0
ID38643,0
ID38644,0
ID38645,0
ID38646,0
ID38647,0
ID38648,0
ID38649,0
ID38650,0
ID38651,0
ID38652,0
ID38653,0
ID38654,0
ID38655,0
ID38656,1
ID38657,0
ID38658,0
ID38659,0
ID38660,0
ID38661,0
ID38662,0
ID38663,0
ID38664,0
ID38665,0
ID38666,0
ID38667,0
ID38668,0
ID38669,0
ID38670,0
ID38671,0
ID38672,0
ID38673,0
ID38674,0
ID38675,0
ID38676,0
ID38677,0
ID38678,0
ID38679,0
ID38680,0
ID38681,0
ID38682,0
ID38683,0
ID38684,0
ID38685,0
ID38686,0
ID38687,0
ID38688,0
ID38689,0
ID38690,0
ID38691,0
ID38692,0
ID38693,0
ID38694,0
ID38695,0
ID38696,0
ID38697,0
ID38698,0
ID38699,0
ID38700,0
ID38701,0
ID38702,0
ID38703,0
ID38704,0
ID38705,0
ID38706,0
ID38707,0
ID38708,0
ID38709,0
ID38710,0
ID38711,0
ID38712,0
ID38713,0
ID38714,0
ID38715,0
ID38716,0
ID38717,0
ID38718,0
ID38719,0
ID38720,0
ID38721,0
ID38722,1
ID38723,0
ID38724,0
ID38725,0
ID38726,0
ID38727,0
ID38728,0
ID38729,0
ID38730,0
ID38731,0
ID38732,0
ID38733,0
ID38734,0
ID38735,0
ID38736,0
ID38737,0
ID38738,0
ID38739,0
ID38740,0
ID38741,0
ID38742,0
ID38743,0
ID38744,0
ID38745,0
ID38746,0
ID38747,0
ID38748,0
ID38749,0
ID38750,0
ID38751,0
ID38752,0
ID38753,0
ID38754,0
ID38755,0
ID38756,0
ID38757,0
ID38758,0
ID38759,0
ID38760,0
ID38761,0
ID38762,0
ID38763,0
ID38764,0
ID38765,0
ID38766,0
ID38767,0
ID38768,0
ID38769,0
ID38770,0
ID38771,0
ID38772,0
ID38773,0
ID38774,0
ID38775,0
ID38776,0
ID38777,0
ID38778,0
ID38779,0
ID38780,0
ID38781,0
ID38782,0
ID38783,0
ID38784,0
ID38785,0
ID38786,0
ID38787,0
ID38788,0
ID38789,0
ID38790,0
ID38791,0
ID38792,0
ID38793,0
ID38794,0
ID38795,0
ID38796,0
ID38797,0
ID38798,0
ID38799,0
ID38800,1
ID38801,0
ID38802,0
ID38803,0
ID38804,0
ID38805,0
ID38806,0
ID38807,0
ID38808,0
ID38809,0
ID38810,0
ID38811,0
ID38812,0
ID38813,0
ID38814,0
ID38815,0
ID38816,0
ID38817,0
ID38818,0
ID38819,0
ID38820,0
ID38821,0
ID38822,0
ID38823,0
ID38824,0
ID38825,0
ID38826,0
ID38827,0
ID38828,0
ID38829,0
ID38830,0
ID38831,0
ID38832,0
ID38833,0
ID38834,0
ID38835,0
ID38836,0
ID38837,0
ID38838,0
ID38839,1
ID38840,0
ID38841,0
ID38842,0
ID38843,0
ID38844,0
ID38845,0
ID38846,0
ID38847,0
ID38848,0
ID38849,0
ID38850,0
ID38851,0
ID38852,0
ID38853,0
ID38854,0
ID38855,0
ID38856,0
ID38857,0
ID38858,0
ID38859,0
ID38860,0
ID38861,0
ID38862,0
ID38863,0
ID38864,0
ID38865,0
ID38866,0
ID38867,0
ID38868,0
ID38869,0
ID38870,0
ID38871,0
ID38872,0
ID38873,0
ID38874,0
ID38875,0
ID38876,0
ID38877,0
ID38878,0
ID38879,0
ID38880,0
ID38881,0
ID38882,0
ID38883,0
ID38884,0
ID38885,0
ID38886,0
ID38887,1
ID38888,0
ID38889,0
ID38890,0
ID38891,0
ID38892,0
ID38893,0
ID38894,1
ID38895,0
ID38896,0
ID38897,0
ID38898,0
ID38899,0
ID38900,0
ID38901,0
ID38902,0
ID38903,0
ID38904,0
ID38905,0
ID38906,1
ID38907,1
ID38908,0
ID38909,0
ID38910,0
ID38911,0
ID38912,0
ID38913,0
ID38914,0
ID38915,0
ID38916,0
ID38917,1
ID38918,0
ID38919,0
ID38920,1
ID38921,0
ID38922,0
ID38923,0
ID38924,0
ID38925,0
ID38926,0
ID38927,0
ID38928,0
ID38929,0
ID38930,0
ID38931,0
ID38932,0
ID38933,0
ID38934,0
ID38935,0
ID38936,0
ID38937,0
ID38938,0
ID38939,0
ID38940,0
ID38941,0
ID38942,1
ID38943,0
ID38944,0
ID38945,0
ID38946,0
ID38947,0
ID38948,1
ID38949,0
ID38950,0
ID38951,0
ID38952,1
ID38953,0
ID38954,0
ID38955,0
ID38956,1
ID38957,0
ID38958,0
ID38959,0
ID38960,0
ID38961,0
ID38962,0
ID38963,0
ID38964,0
ID38965,0
ID38966,0
ID38967,0
ID38968,0
ID38969,0
ID38970,0
ID38971,0
ID38972,0
ID38973,0
ID38974,0
ID38975,0
ID38976,0
ID38977,0
ID38978,0
ID38979,0
ID38980,1
ID38981,0
ID38982,1
ID38983,0
ID38984,0
ID38985,0
ID38986,0
ID38987,0
ID38988,0
ID38989,0
ID38990,0
ID38991,0
ID38992,0
ID38993,0
ID38994,0
ID38995,0
ID38996,1
ID38997,0
ID38998,0
ID38999,0
ID39000,0
ID39001,0
ID39002,1
ID39003,0
ID39004,0
ID39005,0
ID39006,0
ID39007,0
ID39008,0
ID39009,0
ID39010,0
ID39011,0
ID39012,0
ID39013,0
ID39014,0
ID39015,1
ID39016,0
ID39017,0
ID39018,0
ID39019,0
ID39020,0
ID39021,0
ID39022,0
ID39023,0
ID39024,0
ID39025,1
ID39026,0
ID39027,0
ID39028,0
ID39029,0
ID39030,0
ID39031,1
ID39032,0
ID39033,0
ID39034,0
ID39035,0
ID39036,0
ID39037,0
ID39038,0
ID39039,0
ID39040,0
ID39041,0
ID39042,0
ID39043,0
ID39044,0
ID39045,0
ID39046,0
ID39047,0
ID39048,0
ID39049,0
ID39050,0
ID39051,0
ID39052,0
ID39053,1
ID39054,0
ID39055,0
ID39056,0
ID39057,0
ID39058,0
ID39059,0
ID39060,0
ID39061,0
ID39062,0
ID39063,0
ID39064,0
ID39065,0
ID39066,0
ID39067,1
ID39068,0
ID39069,0
ID39070,0
ID39071,1
ID39072,0
ID39073,0
ID39074,1
ID39075,0
ID39076,0
ID39077,0
ID39078,1
ID39079,0
ID39080,0
ID39081,0
ID39082,0
ID39083,0
ID39084,1
ID39085,0
ID39086,0
ID39087,0
ID39088,0
ID39089,0
ID39090,0
ID39091,0
ID39092,0
ID39093,1
ID39094,0
ID39095,0
ID39096,0
ID39097,0
ID39098,0
ID39099,0
ID39100,0
ID39101,0
ID39102,0
ID39103,0
ID39104,1
ID39105,0
ID39106,0
ID39107,0
ID39108,0
ID39109,0
ID39110,0
ID39111,0
ID39112,0
ID39113,0
ID39114,0
ID39115,0
ID39116,0
ID39117,0
ID39118,0
ID39119,0
ID39120,0
ID39121,0
ID39122,0
ID39123,0
ID39124,1
ID39125,0
ID39126,0
ID39127,0
ID39128,0
ID39129,0
ID39130,1
ID39131,0
ID39132,0
ID39133,0
ID39134,0
ID39135,0
ID39136,1
ID39137,0
ID39138,0
ID39139,0
ID39140,0
ID39141,0
ID39142,0
ID39143,0
ID39144,0
ID39145,0
ID39146,0
ID39147,0
ID39148,0
ID39149,0
ID39150,0
ID39151,0
ID39152,0
ID39153,1
ID39154,0
ID39155,0
ID39156,0
ID39157,1
ID39158,0
ID39159,0
ID39160,0
ID39161,0
ID39162,0
ID39163,0
ID39164,1
ID39165,0
ID39166,0
ID39167,0
ID39168,0
ID39169,0
ID39170,0
ID39171,0
ID39172,0
ID39173,0
ID39174,0
ID39175,0
ID39176,0
ID39177,0
ID39178,0
ID39179,0
ID39180,0
ID39181,0
ID39182,0
ID39183,0
ID39184,0
ID39185,0
ID39186,0
ID39187,0
ID39188,1
ID39189,0
ID39190,0
ID39191,0
ID39192,0
ID39193,0
ID39194,0
ID39195,0
ID39196,0
ID39197,0
ID39198,1
ID39199,0
ID39200,0
ID39201,0
ID39202,0
ID39203,0
ID39204,0
ID39205,0
ID39206,0
ID39207,0
ID39208,0
ID39209,1
ID39210,0
ID39211,0
ID39212,0
ID39213,0
ID39214,0
ID39215,0
ID39216,0
ID39217,0
ID39218,0
ID39219,0
ID39220,0
ID39221,1
ID39222,0
ID39223,0
ID39224,0
ID39225,0
ID39226,0
ID39227,0
ID39228,0
ID39229,0
ID39230,0
ID39231,0
ID39232,0
ID39233,0
ID39234,0
ID39235,0
ID39236,0
ID39237,0
ID39238,0
ID39239,0
ID39240,0
ID39241,0
ID39242,1
ID39243,0
ID39244,0
ID39245,1
ID39246,0
ID39247,0
ID39248,0
ID39249,0
ID39250,1
ID39251,0
ID39252,0
ID39253,0
ID39254,0
ID39255,0
ID39256,0
ID39257,0
ID39258,0
ID39259,0
ID39260,0
ID39261,0
ID39262,0
ID39263,0
ID39264,0
ID39265,0
ID39266,0
ID39267,0
ID39268,0
ID39269,0
ID39270,0
ID39271,0
ID39272,1
ID39273,0
ID39274,0
ID39275,0
ID39276,1
ID39277,0
ID39278,0
ID39279,0
ID39280,0
ID39281,0
ID39282,0
ID39283,0
ID39284,0
ID39285,0
ID39286,0
ID39287,0
ID39288,0
ID39289,0
ID39290,0
ID39291,0
ID39292,0
ID39293,0
ID39294,0
ID39295,0
ID39296,0
ID39297,0
ID39298,0
ID39299,1
ID39300,0
ID39301,0
ID39302,0
ID39303,0
ID39304,0
ID39305,0
ID39306,0
ID39307,0
ID39308,0
ID39309,1
ID39310,1
ID39311,0
ID39312,0
ID39313,0
ID39314,0
ID39315,0
ID39316,0
ID39317,0
ID39318,0
ID39319,0
ID39320,0
ID39321,0
ID39322,0
ID39323,0
ID39324,0
ID39325,0
ID39326,0
ID39327,0
ID39328,0
ID39329,0
ID39330,0
ID39331,0
ID39332,0
ID39333,0
ID39334,0
ID39335,0
ID39336,0
ID39337,0
ID39338,0
ID39339,0
ID39340,0
ID39341,0
ID39342,0
ID39343,0
ID39344,0
ID39345,0
ID39346,0
ID39347,0
ID39348,0
ID39349,0
ID39350,0
ID39351,0
ID39352,0
ID39353,0
ID39354,0
ID39355,0
ID39356,0
ID39357,0
ID39358,0
ID39359,0
ID39360,0
ID39361,0
ID39362,0
ID39363,0
ID39364,0
ID39365,0
ID39366,0
ID39367,0
ID39368,0
ID39369,0
ID39370,0
ID39371,0
ID39372,0
ID39373,1
ID39374,0
ID39375,0
ID39376,0
ID39377,0
ID39378,1
ID39379,0
ID39380,0
ID39381,0
ID39382,0
ID39383,1
ID39384,0
ID39385,0
ID39386,0
ID39387,0
ID39388,0
ID39389,0
ID39390,0
ID39391,0
ID39392,1
ID39393,0
ID39394,0
ID39395,0
ID39396,1
ID39397,0
ID39398,0
ID39399,0
ID39400,0
ID39401,0
ID39402,0
ID39403,0
ID39404,0
ID39405,0
ID39406,0
ID39407,0
ID39408,0
ID39409,0
ID39410,0
ID39411,0
ID39412,0
ID39413,0
ID39414,0
ID39415,0
ID39416,0
ID39417,0
ID39418,0
ID39419,1
ID39420,0
ID39421,0
ID39422,0
ID39423,0
ID39424,0
ID39425,0
ID39426,0
ID39427,0
ID39428,0
ID39429,0
ID39430,0
ID39431,0
ID39432,0
ID39433,0
ID39434,0
ID39435,1
ID39436,0
ID39437,0
ID39438,0
ID39439,0
ID39440,0
ID39441,0
ID39442,1
ID39443,0
ID39444,0
ID39445,0
ID39446,0
ID39447,0
ID39448,0
ID39449,0
ID39450,0
ID39451,0
ID39452,0
ID39453,0
ID39454,0
ID39455,0
ID39456,1
ID39457,1
ID39458,0
ID39459,0
ID39460,0
ID39461,0
ID39462,0
ID39463,0
ID39464,0
ID39465,0
ID39466,0
ID39467,0
ID39468,0
ID39469,0
ID39470,0
ID39471,0
ID39472,0
ID39473,0
ID39474,0
ID39475,0
ID39476,0
ID39477,0
ID39478,0
ID39479,0
ID39480,0
ID39481,0
ID39482,0
ID39483,0
ID39484,0
ID39485,0
ID39486,0
ID39487,1
ID39488,0
ID39489,0
ID39490,0
ID39491,0
ID39492,1
ID39493,0
ID39494,0
ID39495,0
ID39496,0
ID39497,0
ID39498,1
ID39499,0
ID39500,0
ID39501,0
ID39502,0
ID39503,0
ID39504,0
ID39505,0
ID39506,0
ID39507,0
ID39508,1
ID39509,0
ID39510,0
ID39511,0
ID39512,0
ID39513,0
ID39514,0
ID39515,0
ID39516,0
ID39517,0
ID39518,0
ID39519,0
ID39520,0
ID39521,0
ID39522,0
ID39523,0
ID39524,1
ID39525,0
ID39526,0
ID39527,1
ID39528,0
ID39529,0
ID39530,0
ID39531,0
ID39532,0
ID39533,0
ID39534,0
ID39535,0
ID39536,0
ID39537,0
ID39538,0
ID39539,0
ID39540,0
ID39541,0
ID39542,0
ID39543,0
ID39544,0
ID39545,0
ID39546,0
ID39547,0
ID39548,0
ID39549,0
ID39550,0
ID39551,0
ID39552,0
ID39553,0
ID39554,0
ID39555,0
ID39556,0
ID39557,0
ID39558,1
ID39559,0
ID39560,0
ID39561,0
ID39562,0
ID39563,0
ID39564,1
ID39565,0
ID39566,0
ID39567,0
ID39568,0
ID39569,0
ID39570,0
ID39571,0
ID39572,0
ID39573,0
ID39574,0
ID39575,0
ID39576,0
ID39577,0
ID39578,0
ID39579,0
ID39580,0
ID39581,0
ID39582,0
ID39583,0
ID39584,0
ID39585,0
ID39586,0
ID39587,0
ID39588,0
ID39589,1
ID39590,0
ID39591,0
ID39592,0
ID39593,1
ID39594,0
ID39595,0
ID39596,0
ID39597,0
ID39598,0
ID39599,0
ID39600,0
ID39601,0
ID39602,0
ID39603,0
ID39604,0
ID39605,0
ID39606,0
ID39607,0
ID39608,0
ID39609,0
ID39610,0
ID39611,0
ID39612,1
ID39613,0
ID39614,0
ID39615,0
ID39616,0
ID39617,0
ID39618,0
ID39619,0
ID39620,0
ID39621,0
ID39622,0
ID39623,0
ID39624,0
ID39625,0
ID39626,0
ID39627,0
ID39628,1
ID39629,0
ID39630,0
ID39631,0
ID39632,0
ID39633,0
ID39634,0
ID39635,0
ID39636,0
ID39637,0
ID39638,0
ID39639,0
ID39640,0
ID39641,0
ID39642,0
ID39643,0
ID39644,0
ID39645,0
ID39646,0
ID39647,0
ID39648,0
ID39649,0
ID39650,0
ID39651,0
ID39652,0
ID39653,0
ID39654,0
ID39655,0
ID39656,0
ID39657,0
ID39658,0
ID39659,0
ID39660,0
ID39661,0
ID39662,0
ID39663,0
ID39664,0
ID39665,0
ID39666,0
ID39667,0
ID39668,0
ID39669,0
ID39670,1
ID39671,0
ID39672,0
ID39673,0
ID39674,0
ID39675,0
ID39676,0
ID39677,0
ID39678,0
ID39679,0
ID39680,0
ID39681,0
ID39682,0
ID39683,0
ID39684,0
ID39685,0
ID39686,0
ID39687,0
ID39688,0
ID39689,0
ID39690,0
ID39691,0
ID39692,0
ID39693,0
ID39694,0
ID39695,0
ID39696,0
ID39697,0
ID39698,0
ID39699,0
ID39700,0
ID39701,0
ID39702,0
ID39703,0
ID39704,1
ID39705,0
ID39706,0
ID39707,0
ID39708,0
ID39709,0
ID39710,0
ID39711,0
ID39712,0
ID39713,0
ID39714,0
ID39715,0
ID39716,0
ID39717,0
ID39718,1
ID39719,0
ID39720,0
ID39721,0
ID39722,0
ID39723,0
ID39724,0
ID39725,1
ID39726,0
ID39727,0
ID39728,0
ID39729,0
ID39730,0
ID39731,0
ID39732,0
ID39733,0
ID39734,0
ID39735,0
ID39736,0
ID39737,0
ID39738,0
ID39739,0
ID39740,0
ID39741,0
ID39742,0
ID39743,0
ID39744,0
ID39745,1
ID39746,0
ID39747,0
ID39748,0
ID39749,1
ID39750,0
ID39751,0
ID39752,0
ID39753,0
ID39754,0
ID39755,0
ID39756,0
ID39757,0
ID39758,1
ID39759,0
ID39760,0
ID39761,1
ID39762,0
ID39763,0
ID39764,0
ID39765,0
ID39766,0
ID39767,0
ID39768,0
ID39769,0
ID39770,0
ID39771,0
ID39772,0
ID39773,1
ID39774,0
ID39775,0
ID39776,0
ID39777,1
ID39778,1
ID39779,0
ID39780,0
ID39781,0
ID39782,0
ID39783,0
ID39784,0
ID39785,0
ID39786,0
ID39787,0
ID39788,0
ID39789,0
ID39790,0
ID39791,0
ID39792,0
ID39793,0
ID39794,0
ID39795,0
ID39796,0
ID39797,0
ID39798,0
ID39799,1
ID39800,0
ID39801,0
ID39802,0
ID39803,0
ID39804,0
ID39805,0
ID39806,0
ID39807,0
ID39808,0
ID39809,0
ID39810,0
ID39811,0
ID39812,0
ID39813,0
ID39814,0
ID39815,0
ID39816,0
ID39817,0
ID39818,0
ID39819,0
ID39820,0
ID39821,0
ID39822,0
ID39823,0
ID39824,0
ID39825,0
ID39826,0
ID39827,0
ID39828,0
ID39829,0
ID39830,0
ID39831,0
ID39832,0
ID39833,0
ID39834,0
ID39835,0
ID39836,0
ID39837,0
ID39838,0
ID39839,0
ID39840,1
ID39841,0
ID39842,0
ID39843,0
ID39844,0
ID39845,0
ID39846,0
ID39847,0
ID39848,0
ID39849,0
ID39850,0
ID39851,0
ID39852,0
ID39853,0
ID39854,0
ID39855,1
ID39856,0
ID39857,0
ID39858,0
ID39859,0
ID39860,0
ID39861,0
ID39862,0
ID39863,0
ID39864,0
ID39865,0
ID39866,1
ID39867,0
ID39868,0
ID39869,0
ID39870,0
ID39871,0
ID39872,0
ID39873,0
ID39874,0
ID39875,0
ID39876,0
ID39877,0
ID39878,0
ID39879,0
ID39880,0
ID39881,0
ID39882,0
ID39883,0
ID39884,0
ID39885,0
ID39886,0
ID39887,0
ID39888,0
ID39889,0
ID39890,0
ID39891,0
ID39892,0
ID39893,0
ID39894,0
ID39895,0
ID39896,0
ID39897,0
ID39898,0
ID39899,0
ID39900,0
ID39901,0
ID39902,0
ID39903,0
ID39904,0
ID39905,0
ID39906,0
ID39907,0
ID39908,0
ID39909,0
ID39910,0
ID39911,0
ID39912,0
ID39913,0
ID39914,0
ID39915,0
ID39916,0
ID39917,0
ID39918,0
ID39919,0
ID39920,0
ID39921,0
ID39922,0
ID39923,0
ID39924,0
ID39925,0
ID39926,0
ID39927,0
ID39928,0
ID39929,0
ID39930,0
ID39931,0
ID39932,0
ID39933,0
ID39934,0
ID39935,0
ID39936,0
ID39937,0
ID39938,0
ID39939,0
ID39940,0
ID39941,0
ID39942,0
ID39943,0
ID39944,0
ID39945,0
ID39946,0
ID39947,0
ID39948,0
ID39949,0
ID39950,0
ID39951,1
ID39952,1
ID39953,0
ID39954,0
ID39955,0
ID39956,0
ID39957,0
ID39958,0
ID39959,0
ID39960,0
ID39961,0
ID39962,0
ID39963,1
ID39964,0
ID39965,0
ID39966,0
ID39967,0
ID39968,0
ID39969,1
ID39970,0
ID39971,0
ID39972,0
ID39973,1
ID39974,0
ID39975,0
ID39976,0
ID39977,0
ID39978,0
ID39979,0
ID39980,0
ID39981,0
ID39982,0
ID39983,1
ID39984,0
ID39985,1
ID39986,0
ID39987,0
ID39988,0
ID39989,1
ID39990,1
ID39991,0
ID39992,0
ID39993,1
ID39994,0
ID39995,1
ID39996,0
ID39997,0
ID39998,0
ID39999,0
ID40000,0
ID40001,1
ID40002,0
ID40003,0
ID40004,0
ID40005,0
ID40006,0
ID40007,0
ID40008,0
ID40009,0
ID40010,0
ID40011,0
ID40012,0
ID40013,0
ID40014,0
ID40015,0
ID40016,0
ID40017,0
ID40018,0
ID40019,0
ID40020,0
ID40021,0
ID40022,0
ID40023,1
ID40024,0
ID40025,0
ID40026,0
ID40027,0
ID40028,0
ID40029,0
ID40030,0
ID40031,1
ID40032,0
ID40033,0
ID40034,0
ID40035,0
ID40036,0
ID40037,0
ID40038,0
ID40039,0
ID40040,0
ID40041,0
ID40042,0
ID40043,0
ID40044,1
ID40045,0
ID40046,0
ID40047,0
ID40048,0
ID40049,0
ID40050,0
ID40051,0
ID40052,0
ID40053,0
ID40054,0
ID40055,0
ID40056,0
ID40057,0
ID40058,0
ID40059,0
ID40060,0
ID40061,0
ID40062,0
ID40063,0
ID40064,0
ID40065,0
ID40066,0
ID40067,0
ID40068,0
ID40069,1
ID40070,0
ID40071,0
ID40072,0
ID40073,0
ID40074,0
ID40075,0
ID40076,0
ID40077,0
ID40078,0
ID40079,0
ID40080,0
ID40081,0
ID40082,0
ID40083,0
ID40084,0
ID40085,0
ID40086,0
ID40087,0
ID40088,0
ID40089,0
ID40090,0
ID40091,0
ID40092,1
ID40093,0
ID40094,0
ID40095,0
ID40096,0
ID40097,0
ID40098,0
ID40099,0
ID40100,0
ID40101,0
ID40102,0
ID40103,0
ID40104,0
ID40105,0
ID40106,0
ID40107,0
ID40108,0
ID40109,0
ID40110,0
ID40111,0
ID40112,0
ID40113,0
ID40114,0
ID40115,0
ID40116,0
ID40117,0
ID40118,0
ID40119,0
ID40120,0
ID40121,0
ID40122,0
ID40123,0
ID40124,0
ID40125,0
ID40126,0
ID40127,0
ID40128,0
ID40129,0
ID40130,1
ID40131,0
ID40132,0
ID40133,0
ID40134,0
ID40135,0
ID40136,0
ID40137,1
ID40138,0
ID40139,0
ID40140,0
ID40141,0
ID40142,0
ID40143,0
ID40144,0
ID40145,0
ID40146,0
ID40147,1
ID40148,0
ID40149,0
ID40150,0
ID40151,0
ID40152,0
ID40153,0
ID40154,0
ID40155,0
ID40156,0
ID40157,1
ID40158,0
ID40159,0
ID40160,0
ID40161,0
ID40162,0
ID40163,0
ID40164,0
ID40165,0
ID40166,0
ID40167,0
ID40168,1
ID40169,0
ID40170,0
ID40171,0
ID40172,0
ID40173,0
ID40174,0
ID40175,0
ID40176,0
ID40177,0
ID40178,0
ID40179,0
ID40180,0
ID40181,0
ID40182,0
ID40183,1
ID40184,0
ID40185,0
ID40186,0
ID40187,0
ID40188,0
ID40189,0
ID40190,0
ID40191,0
ID40192,0
ID40193,0
ID40194,1
ID40195,0
ID40196,0
ID40197,0
ID40198,0
ID40199,0
ID40200,0
ID40201,0
ID40202,0
ID40203,1
ID40204,0
ID40205,0
ID40206,0
ID40207,0
ID40208,0
ID40209,0
ID40210,0
ID40211,0
ID40212,0
ID40213,0
ID40214,0
ID40215,0
ID40216,0
ID40217,0
ID40218,0
ID40219,0
ID40220,0
ID40221,0
ID40222,0
ID40223,0
ID40224,0
ID40225,0
ID40226,0
ID40227,0
ID40228,1
ID40229,1
ID40230,0
ID40231,1
ID40232,0
ID40233,0
ID40234,0
ID40235,0
ID40236,0
ID40237,0
ID40238,0
ID40239,1
ID40240,0
ID40241,0
ID40242,0
ID40243,0
ID40244,0
ID40245,0
ID40246,0
ID40247,0
ID40248,0
ID40249,0
ID40250,0
ID40251,0
ID40252,0
ID40253,0
ID40254,0
ID40255,0
ID40256,0
ID40257,0
ID40258,0
ID40259,0
ID40260,0
ID40261,0
ID40262,0
ID40263,0
ID40264,0
ID40265,0
ID40266,0
ID40267,0
ID40268,0
ID40269,0
ID40270,0
ID40271,0
ID40272,0
ID40273,0
ID40274,1
ID40275,0
ID40276,0
ID40277,0
ID40278,0
ID40279,0
ID40280,0
ID40281,0
ID40282,0
ID40283,0
ID40284,0
ID40285,0
ID40286,0
ID40287,0
ID40288,0
ID40289,0
ID40290,1
ID40291,0
ID40292,0
ID40293,0
ID40294,0
ID40295,0
ID40296,0
ID40297,0
ID40298,0
ID40299,0
ID40300,0
ID40301,0
ID40302,0
ID40303,0
ID40304,0
ID40305,0
ID40306,0
ID40307,0
ID40308,0
ID40309,0
ID40310,0
ID40311,0
ID40312,1
ID40313,0
ID40314,0
ID40315,1
ID40316,0
ID40317,0
ID40318,1
ID40319,0
ID40320,0
ID40321,0
ID40322,0
ID40323,0
ID40324,0
ID40325,0
ID40326,1
ID40327,0
ID40328,0
ID40329,0
ID40330,0
ID40331,0
ID40332,1
ID40333,0
ID40334,0
ID40335,0
ID40336,0
ID40337,0
ID40338,0
ID40339,0
ID40340,0
ID40341,0
ID40342,0
ID40343,0
ID40344,0
ID40345,0
ID40346,0
ID40347,0
ID40348,0
ID40349,0
ID40350,0
ID40351,0
ID40352,0
ID40353,0
ID40354,0
ID40355,0
ID40356,0
ID40357,0
ID40358,0
ID40359,0
ID40360,0
ID40361,0
ID40362,0
ID40363,0
ID40364,0
ID40365,0
ID40366,0
ID40367,0
ID40368,0
ID40369,0
ID40370,0
ID40371,0
ID40372,0
ID40373,0
ID40374,0
ID40375,0
ID40376,0
ID40377,0
ID40378,0
ID40379,0
ID40380,0
ID40381,0
ID40382,0
ID40383,0
ID40384,0
ID40385,0
ID40386,0
ID40387,0
ID40388,0
ID40389,0
ID40390,0
ID40391,0
ID40392,1
ID40393,0
ID40394,0
ID40395,0
ID40396,0
ID40397,0
ID40398,0
ID40399,0
ID40400,0
ID40401,0
ID40402,0
ID40403,0
ID40404,0
ID40405,0
ID40406,0
ID40407,0
ID40408,0
ID40409,0
ID40410,0
ID40411,0
ID40412,0
ID40413,0
ID40414,0
ID40415,0
ID40416,0
ID40417,0
ID40418,0
ID40419,0
ID40420,0
ID40421,0
ID40422,0
ID40423,0
ID40424,1
ID40425,0
ID40426,0
ID40427,1
ID40428,0
ID40429,0
ID40430,0
ID40431,0
ID40432,0
ID40433,0
ID40434,0
ID40435,0
ID40436,0
ID40437,0
ID40438,0
ID40439,0
ID40440,0
ID40441,0
ID40442,0
ID40443,0
ID40444,0
ID40445,0
ID40446,0
ID40447,0
ID40448,0
ID40449,0
ID40450,0
ID40451,0
ID40452,0
ID40453,0
ID40454,0
ID40455,0
ID40456,0
ID40457,0
ID40458,0
ID40459,0
ID40460,0
ID40461,0
ID40462,0
ID40463,0
ID40464,0
ID40465,0
ID40466,0
ID40467,0
ID40468,0
ID40469,0
ID40470,0
ID40471,0
ID40472,0
ID40473,0
ID40474,0
ID40475,0
ID40476,0
ID40477,0
ID40478,0
ID40479,0
ID40480,0
ID40481,0
ID40482,0
ID40483,0
ID40484,1
ID40485,0
ID40486,0
ID40487,0
ID40488,1
ID40489,0
ID40490,0
ID40491,1
ID40492,0
ID40493,0
ID40494,0
ID40495,0
ID40496,0
ID40497,0
ID40498,1
ID40499,0
ID40500,0
ID40501,0
ID40502,0
ID40503,0
ID40504,1
ID40505,0
ID40506,0
ID40507,0
ID40508,0
ID40509,0
ID40510,0
ID40511,0
ID40512,0
ID40513,0
ID40514,0
ID40515,0
ID40516,0
ID40517,0
ID40518,0
ID40519,0
ID40520,0
ID40521,0
ID40522,0
ID40523,0
ID40524,0
ID40525,0
ID40526,0
ID40527,0
ID40528,0
ID40529,0
ID40530,0
ID40531,0
ID40532,0
ID40533,0
ID40534,0
ID40535,0
ID40536,0
ID40537,1
ID40538,0
ID40539,0
ID40540,0
ID40541,0
ID40542,0
ID40543,0
ID40544,0
ID40545,0
ID40546,0
ID40547,0
ID40548,0
ID40549,0
ID40550,0
ID40551,0
ID40552,0
ID40553,0
ID40554,0
ID40555,0
ID40556,0
ID40557,0
ID40558,0
ID40559,0
ID40560,0
ID40561,0
ID40562,0
ID40563,0
ID40564,0
ID40565,0
ID40566,1
ID40567,0
ID40568,0
ID40569,1
ID40570,0
ID40571,0
ID40572,0
ID40573,0
ID40574,0
ID40575,1
ID40576,0
ID40577,0
ID40578,0
ID40579,0
ID40580,1
ID40581,0
ID40582,0
ID40583,1
ID40584,0
ID40585,0
ID40586,0
ID40587,0
ID40588,0
ID40589,0
ID40590,0
ID40591,0
ID40592,0
ID40593,0
ID40594,0
ID40595,0
ID40596,0
ID40597,0
ID40598,0
ID40599,0
ID40600,0
ID40601,0
ID40602,0
ID40603,1
ID40604,0
ID40605,0
ID40606,0
ID40607,0
ID40608,0
ID40609,0
ID40610,0
ID40611,0
ID40612,0
ID40613,0
ID40614,0
ID40615,0
ID40616,0
ID40617,0
ID40618,0
ID40619,0
ID40620,0
ID40621,0
ID40622,0
ID40623,0
ID40624,0
ID40625,0
ID40626,0
ID40627,0
ID40628,0
ID40629,0
ID40630,0
ID40631,0
ID40632,0
ID40633,0
ID40634,1
ID40635,0
ID40636,0
ID40637,0
ID40638,0
ID40639,0
ID40640,0
ID40641,0
ID40642,0
ID40643,0
ID40644,0
ID40645,1
ID40646,0
ID40647,0
ID40648,0
ID40649,0
ID40650,0
ID40651,0
ID40652,0
ID40653,0
ID40654,0
ID40655,0
ID40656,0
ID40657,0
ID40658,0
ID40659,0
ID40660,0
ID40661,0
ID40662,0
ID40663,0
ID40664,0
ID40665,0
ID40666,0
ID40667,0
ID40668,0
ID40669,0
ID40670,0
ID40671,0
ID40672,0
ID40673,0
ID40674,0
ID40675,0
ID40676,0
ID40677,0
ID40678,0
ID40679,0
ID40680,0
ID40681,0
ID40682,0
ID40683,0
ID40684,0
ID40685,0
ID40686,0
ID40687,0
ID40688,0
ID40689,0
ID40690,0
ID40691,0
ID40692,0
ID40693,0
ID40694,0
ID40695,0
ID40696,0
ID40697,0
ID40698,0
ID40699,0
ID40700,0
ID40701,0
ID40702,0
ID40703,1
ID40704,0
ID40705,0
ID40706,0
ID40707,0
ID40708,0
ID40709,0
ID40710,0
ID40711,0
ID40712,0
ID40713,0
ID40714,1
ID40715,0
ID40716,0
ID40717,0
ID40718,0
ID40719,0
ID40720,1
ID40721,0
ID40722,0
ID40723,0
ID40724,0
ID40725,0
ID40726,0
ID40727,0
ID40728,0
ID40729,0
ID40730,0
ID40731,0
ID40732,0
ID40733,0
ID40734,0
ID40735,0
ID40736,0
ID40737,0
ID40738,0
ID40739,0
ID40740,0
ID40741,0
ID40742,0
ID40743,0
ID40744,0
ID40745,0
ID40746,0
ID40747,0
ID40748,0
ID40749,0
ID40750,0
ID40751,1
ID40752,0
ID40753,0
ID40754,0
ID40755,0
ID40756,0
ID40757,0
ID40758,0
ID40759,0
ID40760,0
ID40761,0
ID40762,0
ID40763,0
ID40764,0
ID40765,0
ID40766,0
ID40767,0
ID40768,0
ID40769,0
ID40770,0
ID40771,0
ID40772,1
ID40773,0
ID40774,0
ID40775,0
ID40776,0
ID40777,1
ID40778,1
ID40779,0
ID40780,0
ID40781,0
ID40782,0
ID40783,0
ID40784,0
ID40785,0
ID40786,0
ID40787,0
ID40788,0
ID40789,0
ID40790,0
ID40791,0
ID40792,0
ID40793,0
ID40794,0
ID40795,0
ID40796,0
ID40797,0
ID40798,0
ID40799,0
ID40800,0
ID40801,0
ID40802,0
ID40803,1
ID40804,0
ID40805,0
ID40806,0
ID40807,0
ID40808,0
ID40809,0
ID40810,0
ID40811,0
ID40812,0
ID40813,0
ID40814,0
ID40815,0
ID40816,0
ID40817,0
ID40818,0
ID40819,0
ID40820,0
ID40821,0
ID40822,0
ID40823,0
ID40824,0
ID40825,0
ID40826,0
ID40827,1
ID40828,0
ID40829,0
ID40830,0
ID40831,0
ID40832,0
ID40833,0
ID40834,0
ID40835,1
ID40836,0
ID40837,0
ID40838,0
ID40839,0
ID40840,0
ID40841,0
ID40842,0
ID40843,0
ID40844,0
ID40845,0
ID40846,0
ID40847,0
ID40848,0
ID40849,0
ID40850,0
ID40851,0
ID40852,0
ID40853,0
ID40854,0
ID40855,0
ID40856,0
ID40857,0
ID40858,0
ID40859,0
ID40860,0
ID40861,1
ID40862,0
ID40863,0
ID40864,0
ID40865,0
ID40866,0
ID40867,0
ID40868,0
ID40869,1
ID40870,1
ID40871,0
ID40872,0
ID40873,0
ID40874,0
ID40875,0
ID40876,0
ID40877,0
ID40878,0
ID40879,0
ID40880,0
ID40881,0
ID40882,0
ID40883,0
ID40884,0
ID40885,1
ID40886,0
ID40887,0
ID40888,0
ID40889,0
ID40890,0
ID40891,0
ID40892,0
ID40893,0
ID40894,0
ID40895,0
ID40896,0
ID40897,0
ID40898,0
ID40899,0
ID40900,0
ID40901,0
ID40902,0
ID40903,0
ID40904,0
ID40905,0
ID40906,0
ID40907,1
ID40908,0
ID40909,0
ID40910,0
ID40911,0
ID40912,0
ID40913,0
ID40914,0
ID40915,0
ID40916,0
ID40917,0
ID40918,0
ID40919,0
ID40920,0
ID40921,0
ID40922,0
ID40923,0
ID40924,1
ID40925,0
ID40926,0
ID40927,0
ID40928,0
ID40929,0
ID40930,0
ID40931,0
ID40932,0
ID40933,0
ID40934,0
ID40935,0
ID40936,0
ID40937,0
ID40938,0
ID40939,0
ID40940,0
ID40941,0
ID40942,0
ID40943,0
ID40944,0
ID40945,0
ID40946,0
ID40947,0
ID40948,0
ID40949,0
ID40950,0
ID40951,0
ID40952,0
ID40953,0
ID40954,0
ID40955,0
ID40956,0
ID40957,0
ID40958,1
ID40959,0
ID40960,0
ID40961,0
ID40962,0
ID40963,0
ID40964,0
ID40965,0
ID40966,1
ID40967,0
ID40968,0
ID40969,0
ID40970,0
ID40971,0
ID40972,0
ID40973,1
ID40974,0
ID40975,0
ID40976,0
ID40977,0
ID40978,0
ID40979,0
ID40980,0
ID40981,0
ID40982,0
ID40983,0
ID40984,0
ID40985,0
ID40986,0
ID40987,0
ID40988,0
ID40989,0
ID40990,0
ID40991,0
ID40992,0
ID40993,0
ID40994,0
ID40995,0
ID40996,1
ID40997,0
ID40998,0
ID40999,0
ID41000,0
ID41001,0
ID41002,0
ID41003,0
ID41004,1
ID41005,0
ID41006,0
ID41007,0
ID41008,0
ID41009,0
ID41010,0
ID41011,0
ID41012,0
ID41013,0
ID41014,0
ID41015,0
ID41016,0
ID41017,0
ID41018,0
ID41019,0
ID41020,0
ID41021,0
ID41022,0
ID41023,0
ID41024,0
ID41025,0
ID41026,0
ID41027,0
ID41028,0
ID41029,0
ID41030,0
ID41031,0
ID41032,0
ID41033,0
ID41034,0
ID41035,0
ID41036,0
ID41037,0
ID41038,0
ID41039,0
ID41040,0
ID41041,0
ID41042,0
ID41043,0
ID41044,0
ID41045,0
ID41046,0
ID41047,0
ID41048,0
ID41049,1
ID41050,0
ID41051,0
ID41052,0
ID41053,0
ID41054,0
ID41055,0
ID41056,0
ID41057,0
ID41058,0
ID41059,0
ID41060,0
ID41061,0
ID41062,0
ID41063,0
ID41064,0
ID41065,0
ID41066,0
ID41067,0
ID41068,0
ID41069,0
ID41070,0
ID41071,0
ID41072,0
ID41073,0
ID41074,0
ID41075,0
ID41076,0
ID41077,0
ID41078,0
ID41079,1
ID41080,0
ID41081,0
ID41082,0
ID41083,0
ID41084,0
ID41085,0
ID41086,0
ID41087,0
ID41088,0
ID41089,0
ID41090,0
ID41091,0
ID41092,0
ID41093,0
ID41094,0
ID41095,0
ID41096,0
ID41097,0
ID41098,0
ID41099,0
ID41100,0
ID41101,0
ID41102,0
ID41103,0
ID41104,0
ID41105,0
ID41106,0
ID41107,0
ID41108,0
ID41109,0
ID41110,0
ID41111,0
ID41112,0
ID41113,0
ID41114,0
ID41115,0
ID41116,0
ID41117,0
ID41118,0
ID41119,0
ID41120,0
ID41121,0
ID41122,0
ID41123,0
ID41124,0
ID41125,0
ID41126,0
ID41127,0
ID41128,0
ID41129,0
ID41130,0
ID41131,0
ID41132,0
ID41133,0
ID41134,0
ID41135,0
ID41136,0
ID41137,0
ID41138,0
ID41139,1
ID41140,1
ID41141,0
ID41142,0
ID41143,0
ID41144,0
ID41145,0
ID41146,0
ID41147,0
ID41148,0
ID41149,0
ID41150,0
ID41151,0
ID41152,0
ID41153,0
ID41154,0
ID41155,0
ID41156,0
ID41157,0
ID41158,0
ID41159,0
ID41160,0
ID41161,0
ID41162,0
ID41163,0
ID41164,0
ID41165,0
ID41166,0
ID41167,0
ID41168,0
ID41169,0
ID41170,0
ID41171,0
ID41172,1
ID41173,0
ID41174,0
ID41175,0
ID41176,0
ID41177,0
ID41178,0
ID41179,0
ID41180,0
ID41181,0
ID41182,0
ID41183,1
ID41184,0
ID41185,0
ID41186,0
ID41187,0
ID41188,0
ID41189,0
ID41190,0
ID41191,0
ID41192,0
ID41193,0
ID41194,0
ID41195,0
ID41196,0
ID41197,0
ID41198,0
ID41199,0
ID41200,0
ID41201,0
ID41202,0
ID41203,0
ID41204,0
ID41205,0
ID41206,0
ID41207,0
ID41208,0
ID41209,0
ID41210,0
ID41211,0
ID41212,0
ID41213,0
ID41214,0
ID41215,0
ID41216,1
ID41217,0
ID41218,0
ID41219,0
ID41220,0
ID41221,0
ID41222,0
ID41223,0
ID41224,0
ID41225,0
ID41226,0
ID41227,0
ID41228,0
ID41229,0
ID41230,0
ID41231,0
ID41232,0
ID41233,0
ID41234,0
ID41235,0
ID41236,0
ID41237,0
ID41238,1
ID41239,0
ID41240,0
ID41241,0
ID41242,0
ID41243,0
ID41244,0
ID41245,0
ID41246,0
ID41247,0
ID41248,0
ID41249,0
ID41250,0
ID41251,0
ID41252,0
ID41253,0
ID41254,0
ID41255,0
ID41256,0
ID41257,0
ID41258,0
ID41259,0
ID41260,0
ID41261,0
ID41262,0
ID41263,0
ID41264,0
ID41265,0
ID41266,0
ID41267,0
ID41268,0
ID41269,1
ID41270,1
ID41271,0
ID41272,0
ID41273,0
ID41274,1
ID41275,0
ID41276,0
ID41277,0
ID41278,0
ID41279,0
ID41280,0
ID41281,0
ID41282,0
ID41283,0
ID41284,0
ID41285,0
ID41286,0
ID41287,0
ID41288,0
ID41289,0
ID41290,0
ID41291,0
ID41292,0
ID41293,0
ID41294,0
ID41295,0
ID41296,0
ID41297,0
ID41298,0
ID41299,0
ID41300,0
ID41301,0
ID41302,0
ID41303,0
ID41304,0
ID41305,0
ID41306,0
ID41307,0
ID41308,0
ID41309,0
ID41310,0
ID41311,0
ID41312,0
ID41313,0
ID41314,0
ID41315,0
ID41316,0
ID41317,0
ID41318,0
ID41319,0
ID41320,0
ID41321,0
ID41322,0
ID41323,0
ID41324,0
ID41325,0
ID41326,1
ID41327,0
ID41328,0
ID41329,0
ID41330,0
ID41331,0
ID41332,0
ID41333,0
ID41334,0
ID41335,1
ID41336,0
ID41337,0
ID41338,0
ID41339,0
ID41340,0
ID41341,0
ID41342,0
ID41343,0
ID41344,1
ID41345,0
ID41346,0
ID41347,0
ID41348,0
ID41349,0
ID41350,0
ID41351,0
ID41352,0
ID41353,0
ID41354,0
ID41355,0
ID41356,0
ID41357,0
ID41358,0
ID41359,0
ID41360,0
ID41361,0
ID41362,0
ID41363,0
ID41364,0
ID41365,0
ID41366,0
ID41367,0
ID41368,0
ID41369,1
ID41370,0
ID41371,0
ID41372,0
ID41373,0
ID41374,0
ID41375,0
ID41376,0
ID41377,0
ID41378,0
ID41379,1
ID41380,0
ID41381,0
ID41382,0
ID41383,0
ID41384,0
ID41385,0
ID41386,0
ID41387,0
ID41388,0
ID41389,0
ID41390,0
ID41391,0
ID41392,0
ID41393,0
ID41394,0
ID41395,0
ID41396,0
ID41397,0
ID41398,0
ID41399,0
ID41400,0
ID41401,0
ID41402,0
ID41403,0
ID41404,1
ID41405,0
ID41406,0
ID41407,0
ID41408,0
ID41409,0
ID41410,0
ID41411,0
ID41412,0
ID41413,0
ID41414,0
ID41415,0
ID41416,0
ID41417,0
ID41418,0
ID41419,0
ID41420,0
ID41421,0
ID41422,1
ID41423,0
ID41424,0
ID41425,0
ID41426,0
ID41427,0
ID41428,0
ID41429,0
ID41430,0
ID41431,0
ID41432,0
ID41433,0
ID41434,0
ID41435,0
ID41436,0
ID41437,0
ID41438,0
ID41439,0
ID41440,0
ID41441,0
ID41442,0
ID41443,0
ID41444,0
ID41445,0
ID41446,0
ID41447,0
ID41448,0
ID41449,0
ID41450,0
ID41451,0
ID41452,0
ID41453,0
ID41454,0
ID41455,0
ID41456,0
ID41457,0
ID41458,0
ID41459,0
ID41460,0
ID41461,0
ID41462,0
ID41463,0
ID41464,0
ID41465,0
ID41466,0
ID41467,0
ID41468,0
ID41469,0
ID41470,1
ID41471,1
ID41472,0
ID41473,0
ID41474,0
ID41475,0
ID41476,0
ID41477,0
ID41478,1
ID41479,0
ID41480,0
ID41481,0
ID41482,0
ID41483,0
ID41484,0
ID41485,0
ID41486,0
ID41487,0
ID41488,0
ID41489,0
ID41490,0
ID41491,0
ID41492,0
ID41493,0
ID41494,0
ID41495,0
ID41496,0
ID41497,0
ID41498,0
ID41499,0
ID41500,0
ID41501,0
ID41502,0
ID41503,0
ID41504,0
ID41505,0
ID41506,0
ID41507,0
ID41508,0
ID41509,0
ID41510,0
ID41511,0
ID41512,0
ID41513,0
ID41514,0
ID41515,1
ID41516,0
ID41517,0
ID41518,1
ID41519,0
ID41520,0
ID41521,1
ID41522,0
ID41523,0
ID41524,0
ID41525,0
ID41526,1
ID41527,1
ID41528,1
ID41529,0
ID41530,0
ID41531,0
ID41532,0
ID41533,0
ID41534,0
ID41535,0
ID41536,0
ID41537,0
ID41538,0
ID41539,0
ID41540,0
ID41541,0
ID41542,0
ID41543,0
ID41544,0
ID41545,0
ID41546,0
ID41547,0
ID41548,0
ID41549,0
ID41550,0
ID41551,0
ID41552,0
ID41553,0
ID41554,0
ID41555,0
ID41556,0
ID41557,0
ID41558,0
ID41559,0
ID41560,0
ID41561,0
ID41562,0
ID41563,0
ID41564,0
ID41565,0
ID41566,0
ID41567,0
ID41568,0
ID41569,0
ID41570,0
ID41571,0
ID41572,0
ID41573,0
ID41574,0
ID41575,0
ID41576,0
ID41577,0
ID41578,0
ID41579,0
ID41580,0
ID41581,0
ID41582,0
ID41583,0
ID41584,0
ID41585,0
ID41586,0
ID41587,0
ID41588,0
ID41589,1
ID41590,0
ID41591,0
ID41592,1
ID41593,1
ID41594,0
ID41595,0
ID41596,0
ID41597,0
ID41598,0
ID41599,0
ID41600,0
ID41601,0
ID41602,0
ID41603,0
ID41604,0
ID41605,0
ID41606,0
ID41607,0
ID41608,0
ID41609,0
ID41610,0
ID41611,1
ID41612,0
ID41613,0
ID41614,0
ID41615,0
ID41616,0
ID41617,0
ID41618,1
ID41619,1
ID41620,1
ID41621,0
ID41622,0
ID41623,0
ID41624,0
ID41625,0
ID41626,0
ID41627,0
ID41628,0
ID41629,0
ID41630,0
ID41631,0
ID41632,0
ID41633,0
ID41634,0
ID41635,0
ID41636,0
ID41637,0
ID41638,1
ID41639,0
ID41640,0
ID41641,0
ID41642,1
ID41643,0
ID41644,0
ID41645,0
ID41646,0
ID41647,0
ID41648,0
ID41649,0
ID41650,0
ID41651,0
ID41652,0
ID41653,0
ID41654,0
ID41655,0
ID41656,0
ID41657,0
ID41658,0
ID41659,1
ID41660,0
ID41661,0
ID41662,0
ID41663,0
ID41664,0
ID41665,0
ID41666,0
ID41667,0
ID41668,0
ID41669,0
ID41670,0
ID41671,0
ID41672,0
ID41673,0
ID41674,0
ID41675,1
ID41676,0
ID41677,0
ID41678,0
ID41679,0
ID41680,0
ID41681,0
ID41682,0
ID41683,0
ID41684,0
ID41685,0
ID41686,0
ID41687,0
ID41688,0
ID41689,0
ID41690,0
ID41691,0
ID41692,0
ID41693,0
ID41694,0
ID41695,0
ID41696,0
ID41697,0
ID41698,0
ID41699,0
ID41700,0
ID41701,0
ID41702,0
ID41703,0
ID41704,0
ID41705,0
ID41706,0
ID41707,0
ID41708,0
ID41709,0
ID41710,0
ID41711,0
ID41712,0
ID41713,0
ID41714,0
ID41715,0
ID41716,0
ID41717,0
ID41718,0
ID41719,0
ID41720,0
ID41721,0
ID41722,1
ID41723,0
ID41724,0
ID41725,0
ID41726,0
ID41727,0
ID41728,1
ID41729,0
ID41730,0
ID41731,0
ID41732,0
ID41733,0
ID41734,0
ID41735,0
ID41736,0
ID41737,0
ID41738,1
ID41739,1
ID41740,1
ID41741,0
ID41742,0
ID41743,0
ID41744,0
ID41745,0
ID41746,0
ID41747,0
ID41748,0
ID41749,0
ID41750,0
ID41751,0
ID41752,0
ID41753,0
ID41754,0
ID41755,0
ID41756,0
ID41757,0
ID41758,0
ID41759,0
ID41760,0
ID41761,0
ID41762,0
ID41763,0
ID41764,0
ID41765,0
ID41766,0
ID41767,0
ID41768,0
ID41769,0
ID41770,1
ID41771,0
ID41772,0
ID41773,0
ID41774,0
ID41775,0
ID41776,0
ID41777,1
ID41778,0
ID41779,0
ID41780,0
ID41781,0
ID41782,0
ID41783,0
ID41784,0
ID41785,0
ID41786,0
ID41787,1
ID41788,0
ID41789,0
ID41790,0
ID41791,1
ID41792,0
ID41793,0
ID41794,0
ID41795,0
ID41796,0
ID41797,0
ID41798,0
ID41799,0
ID41800,0
ID41801,0
ID41802,0
ID41803,0
ID41804,0
ID41805,0
ID41806,0
ID41807,1
ID41808,0
ID41809,0
ID41810,0
ID41811,0
ID41812,0
ID41813,0
ID41814,0
ID41815,0
ID41816,0
ID41817,0
ID41818,0
ID41819,0
ID41820,0
ID41821,0
ID41822,0
ID41823,0
ID41824,0
ID41825,0
ID41826,0
ID41827,0
ID41828,0
ID41829,0
ID41830,0
ID41831,0
ID41832,0
ID41833,0
ID41834,0
ID41835,0
ID41836,1
ID41837,0
ID41838,0
ID41839,0
ID41840,0
ID41841,0
ID41842,0
ID41843,0
ID41844,0
ID41845,1
ID41846,0
ID41847,0
ID41848,0
ID41849,0
ID41850,0
ID41851,0
ID41852,0
ID41853,1
ID41854,0
ID41855,0
ID41856,0
ID41857,0
ID41858,1
ID41859,0
ID41860,0
ID41861,0
ID41862,0
ID41863,0
ID41864,0
ID41865,0
ID41866,1
ID41867,0
ID41868,0
ID41869,0
ID41870,0
ID41871,0
ID41872,0
ID41873,0
ID41874,0
ID41875,0
ID41876,0
ID41877,0
ID41878,0
ID41879,0
ID41880,0
ID41881,0
ID41882,0
ID41883,0
ID41884,1
ID41885,0
ID41886,0
ID41887,0
ID41888,0
ID41889,1
ID41890,0
ID41891,0
ID41892,0
ID41893,0
ID41894,0
ID41895,0
ID41896,0
ID41897,0
ID41898,1
ID41899,0
ID41900,1
ID41901,0
ID41902,1
ID41903,0
ID41904,0
ID41905,0
ID41906,0
ID41907,0
ID41908,1
ID41909,0
ID41910,1
ID41911,0
ID41912,0
ID41913,0
ID41914,0
ID41915,0
ID41916,0
ID41917,0
ID41918,0
ID41919,0
ID41920,0
ID41921,0
ID41922,0
ID41923,0
ID41924,0
ID41925,0
ID41926,0
ID41927,0
ID41928,0
ID41929,0
ID41930,0
ID41931,0
ID41932,0
ID41933,0
ID41934,0
ID41935,0
ID41936,0
ID41937,0
ID41938,1
ID41939,1
ID41940,0
ID41941,0
ID41942,0
ID41943,0
ID41944,0
ID41945,0
ID41946,1
ID41947,0
ID41948,0
ID41949,0
ID41950,0
ID41951,0
ID41952,0
ID41953,0
ID41954,0
ID41955,0
ID41956,0
ID41957,0
ID41958,0
ID41959,0
ID41960,0
ID41961,1
ID41962,0
ID41963,0
ID41964,0
ID41965,0
ID41966,0
ID41967,0
ID41968,0
ID41969,0
ID41970,0
ID41971,0
ID41972,0
ID41973,0
ID41974,0
ID41975,0
ID41976,0
ID41977,0
ID41978,1
ID41979,1
ID41980,0
ID41981,0
ID41982,0
ID41983,0
ID41984,0
ID41985,0
ID41986,0
ID41987,0
ID41988,0
ID41989,0
ID41990,0
ID41991,0
ID41992,0
ID41993,0
ID41994,0
ID41995,0
ID41996,0
ID41997,0
ID41998,0
ID41999,0
ID42000,0
ID42001,0
ID42002,0
ID42003,0
ID42004,0
ID42005,0
ID42006,0
ID42007,1
ID42008,0
ID42009,0
ID42010,0
ID42011,0
ID42012,0
ID42013,0
ID42014,0
ID42015,0
ID42016,0
ID42017,0
ID42018,0
ID42019,0
ID42020,1
ID42021,0
ID42022,1
ID42023,0
ID42024,0
ID42025,0
ID42026,0
ID42027,0
ID42028,0
ID42029,0
ID42030,0
ID42031,0
ID42032,0
ID42033,0
ID42034,0
ID42035,0
ID42036,0
ID42037,0
ID42038,0
ID42039,0
ID42040,0
ID42041,0
ID42042,0
ID42043,0
ID42044,0
ID42045,1
ID42046,0
ID42047,0
ID42048,0
ID42049,0
ID42050,0
ID42051,0
ID42052,1
ID42053,0
ID42054,0
ID42055,1
ID42056,0
ID42057,0
ID42058,0
ID42059,0
ID42060,0
ID42061,0
ID42062,0
ID42063,0
ID42064,0
ID42065,0
ID42066,0
ID42067,0
ID42068,0
ID42069,0
ID42070,0
ID42071,0
ID42072,0
ID42073,0
ID42074,0
ID42075,0
ID42076,1
ID42077,0
ID42078,1
ID42079,0
ID42080,0
ID42081,1
ID42082,0
ID42083,0
ID42084,0
ID42085,0
ID42086,0
ID42087,0
ID42088,0
ID42089,0
ID42090,0
ID42091,0
ID42092,0
ID42093,0
ID42094,0
ID42095,0
ID42096,1
ID42097,0
ID42098,0
ID42099,0
ID42100,0
ID42101,0
ID42102,0
ID42103,0
ID42104,0
ID42105,0
ID42106,0
ID42107,0
ID42108,0
ID42109,0
ID42110,0
ID42111,0
ID42112,0
ID42113,0
ID42114,0
ID42115,0
ID42116,0
ID42117,0
ID42118,0
ID42119,0
ID42120,0
ID42121,0
ID42122,0
ID42123,0
ID42124,0
ID42125,1
ID42126,0
ID42127,1
ID42128,0
ID42129,0
ID42130,0
ID42131,0
ID42132,0
ID42133,0
ID42134,0
ID42135,0
ID42136,0
ID42137,0
ID42138,0
ID42139,1
ID42140,0
ID42141,0
ID42142,0
ID42143,0
ID42144,0
ID42145,0
ID42146,0
ID42147,0
ID42148,1
ID42149,0
ID42150,0
ID42151,0
ID42152,0
ID42153,0
ID42154,0
ID42155,0
ID42156,1
ID42157,0
ID42158,0
ID42159,0
ID42160,0
ID42161,0
ID42162,0
ID42163,0
ID42164,0
ID42165,0
ID42166,0
ID42167,0
ID42168,0
ID42169,0
ID42170,0
ID42171,0
ID42172,0
ID42173,0
ID42174,0
ID42175,0
ID42176,0
ID42177,0
ID42178,1
ID42179,0
ID42180,0
ID42181,0
ID42182,0
ID42183,0
ID42184,0
ID42185,0
ID42186,0
ID42187,0
ID42188,0
ID42189,0
ID42190,0
ID42191,1
ID42192,0
ID42193,0
ID42194,0
ID42195,0
ID42196,0
ID42197,0
ID42198,0
ID42199,0
ID42200,0
ID42201,0
ID42202,0
ID42203,0
ID42204,0
ID42205,0
ID42206,0
ID42207,0
ID42208,0
ID42209,0
ID42210,0
ID42211,0
ID42212,0
ID42213,0
ID42214,0
ID42215,0
ID42216,1
ID42217,0
ID42218,0
ID42219,0
ID42220,0
ID42221,0
ID42222,0
ID42223,0
ID42224,0
ID42225,0
ID42226,0
ID42227,0
ID42228,0
ID42229,0
ID42230,0
ID42231,0
ID42232,0
ID42233,0
ID42234,0
ID42235,0
ID42236,0
ID42237,0
ID42238,0
ID42239,0
ID42240,0
ID42241,0
ID42242,0
ID42243,1
ID42244,0
ID42245,0
ID42246,0
ID42247,0
ID42248,0
ID42249,0
ID42250,0
ID42251,0
ID42252,0
ID42253,0
ID42254,0
ID42255,0
ID42256,0
ID42257,0
ID42258,0
ID42259,0
ID42260,0
ID42261,0
ID42262,0
ID42263,0
ID42264,0
ID42265,0
ID42266,0
ID42267,0
ID42268,0
ID42269,0
ID42270,0
ID42271,0
ID42272,0
ID42273,0
ID42274,0
ID42275,0
ID42276,0
ID42277,0
ID42278,0
ID42279,0
ID42280,0
ID42281,0
ID42282,0
ID42283,0
ID42284,0
ID42285,0
ID42286,0
ID42287,0
ID42288,0
ID42289,1
ID42290,0
ID42291,0
ID42292,0
ID42293,0
ID42294,0
ID42295,0
ID42296,0
ID42297,0
ID42298,0
ID42299,0
ID42300,0
ID42301,1
ID42302,0
ID42303,0
ID42304,0
ID42305,0
ID42306,0
ID42307,0
ID42308,0
ID42309,0
ID42310,0
ID42311,0
ID42312,0
ID42313,1
ID42314,0
ID42315,0
ID42316,0
ID42317,0
ID42318,0
ID42319,0
ID42320,0
ID42321,0
ID42322,0
ID42323,0
ID42324,0
ID42325,0
ID42326,0
ID42327,0
ID42328,0
ID42329,0
ID42330,0
ID42331,0
ID42332,0
ID42333,0
ID42334,0
ID42335,0
ID42336,1
ID42337,0
ID42338,0
ID42339,0
ID42340,0
ID42341,0
ID42342,0
ID42343,0
ID42344,0
ID42345,0
ID42346,0
ID42347,0
ID42348,0
ID42349,0
ID42350,0
ID42351,0
ID42352,0
ID42353,0
ID42354,0
ID42355,0
ID42356,0
ID42357,1
ID42358,0
ID42359,0
ID42360,0
ID42361,0
ID42362,0
ID42363,0
ID42364,0
ID42365,0
ID42366,0
ID42367,0
ID42368,0
ID42369,0
ID42370,0
ID42371,0
ID42372,0
ID42373,0
ID42374,0
ID42375,0
ID42376,0
ID42377,0
ID42378,0
ID42379,0
ID42380,0
ID42381,0
ID42382,0
ID42383,0
ID42384,0
ID42385,0
ID42386,0
ID42387,0
ID42388,0
ID42389,0
ID42390,0
ID42391,0
ID42392,0
ID42393,0
ID42394,0
ID42395,0
ID42396,0
ID42397,1
ID42398,0
ID42399,0
ID42400,0
ID42401,0
ID42402,0
ID42403,0
ID42404,0
ID42405,0
ID42406,0
ID42407,0
ID42408,0
ID42409,0
ID42410,1
ID42411,1
ID42412,0
ID42413,0
ID42414,0
ID42415,0
ID42416,0
ID42417,0
ID42418,0
ID42419,0
ID42420,0
ID42421,0
ID42422,0
ID42423,0
ID42424,0
ID42425,0
ID42426,0
ID42427,0
ID42428,0
ID42429,0
ID42430,0
ID42431,0
ID42432,0
ID42433,0
ID42434,0
ID42435,0
ID42436,0
ID42437,1
ID42438,1
ID42439,0
ID42440,0
ID42441,0
ID42442,0
ID42443,0
ID42444,1
ID42445,0
ID42446,1
ID42447,0
ID42448,0
ID42449,0
ID42450,0
ID42451,0
ID42452,0
ID42453,0
ID42454,0
ID42455,0
ID42456,0
ID42457,0
ID42458,0
ID42459,0
ID42460,0
ID42461,0
ID42462,0
ID42463,0
ID42464,0
ID42465,0
ID42466,0
ID42467,0
ID42468,0
ID42469,0
ID42470,0
ID42471,0
ID42472,0
ID42473,0
ID42474,0
ID42475,0
ID42476,0
ID42477,0
ID42478,1
ID42479,0
ID42480,0
ID42481,0
ID42482,0
ID42483,0
ID42484,0
ID42485,0
ID42486,0
ID42487,0
ID42488,0
ID42489,0
ID42490,0
ID42491,0
ID42492,0
ID42493,0
ID42494,0
ID42495,0
ID42496,0
ID42497,0
ID42498,0
ID42499,0
ID42500,0
ID42501,0
ID42502,0
ID42503,0
ID42504,0
ID42505,0
ID42506,0
ID42507,0
ID42508,1
ID42509,0
ID42510,0
ID42511,0
ID42512,0
ID42513,0
ID42514,0
ID42515,1
ID42516,0
ID42517,0
ID42518,0
ID42519,0
ID42520,0
ID42521,0
ID42522,0
ID42523,0
ID42524,0
ID42525,0
ID42526,0
ID42527,0
ID42528,0
ID42529,0
ID42530,0
ID42531,0
ID42532,0
ID42533,0
ID42534,0
ID42535,0
ID42536,0
ID42537,0
ID42538,0
ID42539,1
ID42540,0
ID42541,0
ID42542,0
ID42543,0
ID42544,0
ID42545,1
ID42546,0
ID42547,0
ID42548,0
ID42549,0
ID42550,0
ID42551,0
ID42552,0
ID42553,0
ID42554,0
ID42555,0
ID42556,0
ID42557,0
ID42558,0
ID42559,0
ID42560,0
ID42561,0
ID42562,0
ID42563,0
ID42564,0
ID42565,0
ID42566,0
ID42567,0
ID42568,0
ID42569,0
ID42570,0
ID42571,0
ID42572,0
ID42573,0
ID42574,0
ID42575,0
ID42576,0
ID42577,0
ID42578,0
ID42579,0
ID42580,0
ID42581,0
ID42582,0
ID42583,0
ID42584,0
ID42585,0
ID42586,0
ID42587,0
ID42588,0
ID42589,0
ID42590,0
ID42591,0
ID42592,0
ID42593,0
ID42594,0
ID42595,0
ID42596,0
ID42597,0
ID42598,0
ID42599,0
ID42600,0
ID42601,0
ID42602,0
ID42603,0
ID42604,0
ID42605,0
ID42606,0
ID42607,0
ID42608,0
ID42609,0
ID42610,0
ID42611,0
ID42612,1
ID42613,0
ID42614,0
ID42615,0
ID42616,0
ID42617,0
ID42618,1
ID42619,0
ID42620,0
ID42621,0
ID42622,0
ID42623,0
ID42624,0
ID42625,0
ID42626,0
ID42627,0
ID42628,0
ID42629,0
ID42630,0
ID42631,0
ID42632,0
ID42633,0
ID42634,0
ID42635,0
ID42636,0
ID42637,0
ID42638,0
ID42639,0
ID42640,0
ID42641,0
ID42642,0
ID42643,0
ID42644,0
ID42645,0
ID42646,0
ID42647,0
ID42648,0
ID42649,0
ID42650,0
ID42651,0
ID42652,0
ID42653,0
ID42654,0
ID42655,0
ID42656,0
ID42657,0
ID42658,0
ID42659,0
ID42660,0
ID42661,0
ID42662,0
ID42663,0
ID42664,0
ID42665,0
ID42666,0
ID42667,0
ID42668,0
ID42669,0
ID42670,0
ID42671,1
ID42672,0
ID42673,0
ID42674,0
ID42675,0
ID42676,0
ID42677,0
ID42678,0
ID42679,0
ID42680,0
ID42681,0
ID42682,0
ID42683,0
ID42684,0
ID42685,0
ID42686,0
ID42687,0
ID42688,0
ID42689,0
ID42690,0
ID42691,0
ID42692,1
ID42693,0
ID42694,0
ID42695,0
ID42696,0
ID42697,0
ID42698,0
ID42699,1
ID42700,1
ID42701,0
ID42702,0
ID42703,0
ID42704,0
ID42705,0
ID42706,0
ID42707,0
ID42708,0
ID42709,0
ID42710,0
ID42711,0
ID42712,0
ID42713,0
ID42714,0
ID42715,0
ID42716,0
ID42717,0
ID42718,0
ID42719,0
ID42720,0
ID42721,0
ID42722,1
ID42723,0
ID42724,0
ID42725,0
ID42726,0
ID42727,0
ID42728,0
ID42729,0
ID42730,0
ID42731,0
ID42732,0
ID42733,0
ID42734,0
ID42735,0
ID42736,0
ID42737,0
ID42738,0
ID42739,0
ID42740,0
ID42741,0
ID42742,1
ID42743,1
ID42744,0
ID42745,0
ID42746,0
ID42747,0
ID42748,0
ID42749,1
ID42750,0
ID42751,0
ID42752,0
ID42753,0
ID42754,0
ID42755,0
ID42756,0
ID42757,0
ID42758,0
ID42759,0
ID42760,0
ID42761,0
ID42762,0
ID42763,0
ID42764,0
ID42765,0
ID42766,0
ID42767,0
ID42768,0
ID42769,0
ID42770,1
ID42771,0
ID42772,0
ID42773,0
ID42774,0
ID42775,0
ID42776,0
ID42777,0
ID42778,0
ID42779,0
ID42780,0
ID42781,0
ID42782,0
ID42783,0
ID42784,0
ID42785,0
ID42786,0
ID42787,0
ID42788,0
ID42789,0
ID42790,0
ID42791,0
ID42792,0
ID42793,0
ID42794,1
ID42795,0
ID42796,0
ID42797,0
ID42798,0
ID42799,0
ID42800,0
ID42801,0
ID42802,0
ID42803,0
ID42804,0
ID42805,0
ID42806,0
ID42807,0
ID42808,0
ID42809,1
ID42810,0
ID42811,0
ID42812,0
ID42813,0
ID42814,0
ID42815,0
ID42816,0
ID42817,0
ID42818,0
ID42819,0
ID42820,0
ID42821,0
ID42822,0
ID42823,0
ID42824,0
ID42825,1
ID42826,0
ID42827,0
ID42828,1
ID42829,0
ID42830,0
ID42831,0
ID42832,0
ID42833,0
ID42834,0
ID42835,0
ID42836,0
ID42837,0
ID42838,0
ID42839,0
ID42840,0
ID42841,0
ID42842,0
ID42843,0
ID42844,0
ID42845,0
ID42846,0
ID42847,0
ID42848,0
ID42849,0
ID42850,0
ID42851,1
ID42852,0
ID42853,0
ID42854,0
ID42855,0
ID42856,0
ID42857,0
ID42858,0
ID42859,1
ID42860,0
ID42861,0
ID42862,0
ID42863,0
ID42864,0
ID42865,1
ID42866,0
ID42867,0
ID42868,0
ID42869,0
ID42870,0
ID42871,0
ID42872,0
ID42873,0
ID42874,0
ID42875,0
ID42876,1
ID42877,0
ID42878,0
ID42879,0
ID42880,0
ID42881,0
ID42882,0
ID42883,0
ID42884,0
ID42885,0
ID42886,0
ID42887,0
ID42888,0
ID42889,0
ID42890,0
ID42891,0
ID42892,0
ID42893,0
ID42894,0
ID42895,0
ID42896,0
ID42897,0
ID42898,0
ID42899,0
ID42900,0
ID42901,0
ID42902,0
ID42903,0
ID42904,0
ID42905,0
ID42906,0
ID42907,0
ID42908,0
ID42909,0
ID42910,0
ID42911,0
ID42912,0
ID42913,0
ID42914,0
ID42915,0
ID42916,0
ID42917,0
ID42918,0
ID42919,0
ID42920,1
ID42921,0
ID42922,0
ID42923,0
ID42924,0
ID42925,0
ID42926,0
ID42927,0
ID42928,0
ID42929,0
ID42930,0
ID42931,0
ID42932,0
ID42933,0
ID42934,0
ID42935,0
ID42936,0
ID42937,0
ID42938,0
ID42939,1
ID42940,0
ID42941,0
ID42942,0
ID42943,1
ID42944,0
ID42945,0
ID42946,0
ID42947,0
ID42948,0
ID42949,0
ID42950,0
ID42951,0
ID42952,0
ID42953,0
ID42954,0
ID42955,0
ID42956,0
ID42957,0
ID42958,0
ID42959,0
ID42960,0
ID42961,0
ID42962,0
ID42963,0
ID42964,0
ID42965,0
ID42966,0
ID42967,0
ID42968,0
ID42969,0
ID42970,0
ID42971,0
ID42972,0
ID42973,0
ID42974,0
ID42975,0
ID42976,0
ID42977,0
ID42978,0
ID42979,0
ID42980,0
ID42981,0
ID42982,0
ID42983,0
ID42984,0
ID42985,0
ID42986,0
ID42987,0
ID42988,0
ID42989,0
ID42990,0
ID42991,0
ID42992,0
ID42993,0
ID42994,1
ID42995,0
ID42996,0
ID42997,0
ID42998,0
ID42999,0
ID43000,0
ID43001,0
ID43002,1
ID43003,0
ID43004,0
ID43005,0
ID43006,0
ID43007,0
ID43008,0
ID43009,0
ID43010,0
ID43011,0
ID43012,0
ID43013,0
ID43014,0
ID43015,0
ID43016,0
ID43017,0
ID43018,0
ID43019,0
ID43020,1
ID43021,0
ID43022,0
ID43023,0
ID43024,0
ID43025,0
ID43026,0
ID43027,0
ID43028,0
ID43029,0
ID43030,0
ID43031,0
ID43032,0
ID43033,0
ID43034,0
ID43035,0
ID43036,0
ID43037,0
ID43038,0
ID43039,0
ID43040,0
ID43041,0
ID43042,0
ID43043,0
ID43044,0
ID43045,0
ID43046,0
ID43047,0
ID43048,0
ID43049,0
ID43050,0
ID43051,0
ID43052,0
ID43053,0
ID43054,0
ID43055,0
ID43056,0
ID43057,0
ID43058,0
ID43059,0
ID43060,1
ID43061,0
ID43062,0
ID43063,0
ID43064,0
ID43065,0
ID43066,0
ID43067,0
ID43068,0
ID43069,0
ID43070,0
ID43071,0
ID43072,0
ID43073,0
ID43074,0
ID43075,0
ID43076,0
ID43077,0
ID43078,0
ID43079,0
ID43080,0
ID43081,0
ID43082,0
ID43083,0
ID43084,0
ID43085,0
ID43086,0
ID43087,0
ID43088,0
ID43089,0
ID43090,0
ID43091,0
ID43092,0
ID43093,0
ID43094,0
ID43095,0
ID43096,0
ID43097,0
ID43098,0
ID43099,0
ID43100,0
ID43101,0
ID43102,0
ID43103,0
ID43104,0
ID43105,1
ID43106,0
ID43107,0
ID43108,1
ID43109,0
ID43110,1
ID43111,0
ID43112,0
ID43113,0
ID43114,0
ID43115,0
ID43116,0
ID43117,0
ID43118,0
ID43119,1
ID43120,0
ID43121,0
ID43122,0
ID43123,0
ID43124,0
ID43125,0
ID43126,0
ID43127,0
ID43128,0
ID43129,0
ID43130,0
ID43131,0
ID43132,0
ID43133,0
ID43134,1
ID43135,0
ID43136,0
ID43137,0
ID43138,1
ID43139,0
ID43140,0
ID43141,0
ID43142,0
ID43143,0
ID43144,0
ID43145,0
ID43146,0
ID43147,1
ID43148,0
ID43149,0
ID43150,0
ID43151,0
ID43152,0
ID43153,0
ID43154,0
ID43155,0
ID43156,1
ID43157,0
ID43158,0
ID43159,0
ID43160,0
ID43161,0
ID43162,0
ID43163,0
ID43164,0
ID43165,0
ID43166,0
ID43167,0
ID43168,0
ID43169,0
ID43170,1
ID43171,0
ID43172,0
ID43173,0
ID43174,0
ID43175,0
ID43176,0
ID43177,0
ID43178,0
ID43179,1
ID43180,0
ID43181,0
ID43182,0
ID43183,0
ID43184,0
ID43185,0
ID43186,0
ID43187,0
ID43188,0
ID43189,0
ID43190,0
ID43191,0
ID43192,1
ID43193,0
ID43194,0
ID43195,0
ID43196,0
ID43197,0
ID43198,0
ID43199,0
ID43200,0
ID43201,0
ID43202,0
ID43203,0
ID43204,0
ID43205,0
ID43206,0
ID43207,0
ID43208,0
ID43209,0
ID43210,1
ID43211,0
ID43212,0
ID43213,0
ID43214,0
ID43215,1
ID43216,0
ID43217,0
ID43218,0
ID43219,0
ID43220,0
ID43221,1
ID43222,1
ID43223,0
ID43224,0
ID43225,1
ID43226,0
ID43227,0
ID43228,0
ID43229,0
ID43230,0
ID43231,0
ID43232,0
ID43233,0
ID43234,1
ID43235,0
ID43236,0
ID43237,0
ID43238,0
ID43239,0
ID43240,0
ID43241,0
ID43242,0
ID43243,0
ID43244,0
ID43245,0
ID43246,0
ID43247,0
ID43248,0
ID43249,0
ID43250,0
ID43251,0
ID43252,0
ID43253,0
ID43254,0
ID43255,1
ID43256,0
ID43257,0
ID43258,0
ID43259,0
ID43260,0
ID43261,0
ID43262,0
ID43263,0
ID43264,0
ID43265,1
ID43266,1
ID43267,0
ID43268,0
ID43269,0
ID43270,1
ID43271,0
ID43272,0
ID43273,0
ID43274,0
ID43275,0
ID43276,0
ID43277,0
ID43278,0
ID43279,0
ID43280,0
ID43281,0
ID43282,0
ID43283,0
ID43284,0
ID43285,0
ID43286,0
ID43287,0
ID43288,0
ID43289,0
ID43290,0
ID43291,0
ID43292,0
ID43293,0
ID43294,0
ID43295,0
ID43296,0
ID43297,0
ID43298,0
ID43299,0
ID43300,0
ID43301,0
ID43302,0
ID43303,0
ID43304,0
ID43305,0
ID43306,0
ID43307,0
ID43308,0
ID43309,0
ID43310,0
ID43311,0
ID43312,1
ID43313,0
ID43314,0
ID43315,0
ID43316,0
ID43317,0
ID43318,0
ID43319,0
ID43320,0
ID43321,0
ID43322,0
ID43323,0
ID43324,0
ID43325,1
ID43326,0
ID43327,0
ID43328,0
ID43329,0
ID43330,0
ID43331,0
ID43332,0
ID43333,1
ID43334,0
ID43335,0
ID43336,0
ID43337,0
ID43338,0
ID43339,0
ID43340,0
ID43341,0
ID43342,0
ID43343,0
ID43344,0
ID43345,0
ID43346,0
ID43347,0
ID43348,0
ID43349,0
ID43350,0
ID43351,0
ID43352,0
ID43353,0
ID43354,0
ID43355,0
ID43356,0
ID43357,0
ID43358,0
ID43359,1
ID43360,0
ID43361,0
ID43362,0
ID43363,0
ID43364,1
ID43365,0
ID43366,1
ID43367,0
ID43368,0
ID43369,0
ID43370,0
ID43371,0
ID43372,0
ID43373,0
ID43374,0
ID43375,0
ID43376,1
ID43377,0
ID43378,0
ID43379,0
ID43380,0
ID43381,0
ID43382,0
ID43383,0
ID43384,0
ID43385,0
ID43386,0
ID43387,0
ID43388,0
ID43389,0
ID43390,1
ID43391,0
ID43392,0
ID43393,0
ID43394,0
ID43395,0
ID43396,0
ID43397,1
ID43398,0
ID43399,0
ID43400,0
ID43401,0
ID43402,0
ID43403,0
ID43404,0
ID43405,0
ID43406,0
ID43407,0
ID43408,0
ID43409,0
ID43410,0
ID43411,0
ID43412,0
ID43413,0
ID43414,1
ID43415,0
ID43416,0
ID43417,0
ID43418,0
ID43419,0
ID43420,0
ID43421,0
ID43422,0
ID43423,1
ID43424,0
ID43425,0
ID43426,0
ID43427,0
ID43428,0
ID43429,0
ID43430,0
ID43431,0
ID43432,0
ID43433,0
ID43434,0
ID43435,0
ID43436,0
ID43437,0
ID43438,0
ID43439,0
ID43440,0
ID43441,0
ID43442,0
ID43443,0
ID43444,0
ID43445,0
ID43446,0
ID43447,0
ID43448,0
ID43449,1
ID43450,0
ID43451,0
ID43452,0
ID43453,0
ID43454,0
ID43455,0
ID43456,0
ID43457,0
ID43458,0
ID43459,0
ID43460,0
ID43461,0
ID43462,0
ID43463,0
ID43464,0
ID43465,1
ID43466,0
ID43467,0
ID43468,0
ID43469,0
ID43470,0
ID43471,0
ID43472,0
ID43473,0
ID43474,0
ID43475,0
ID43476,0
ID43477,0
ID43478,0
ID43479,0
ID43480,0
ID43481,0
ID43482,0
ID43483,0
ID43484,0
ID43485,0
ID43486,0
ID43487,0
ID43488,0
ID43489,0
ID43490,0
ID43491,0
ID43492,0
ID43493,0
ID43494,0
ID43495,0
ID43496,0
ID43497,0
ID43498,0
ID43499,1
ID43500,0
ID43501,0
ID43502,0
ID43503,0
ID43504,0
ID43505,0
ID43506,0
ID43507,1
ID43508,0
ID43509,0
ID43510,0
ID43511,0
ID43512,0
ID43513,0
ID43514,0
ID43515,0
ID43516,0
ID43517,0
ID43518,0
ID43519,0
ID43520,0
ID43521,0
ID43522,0
ID43523,0
ID43524,0
ID43525,0
ID43526,0
ID43527,0
ID43528,0
ID43529,0
ID43530,0
ID43531,0
ID43532,0
ID43533,0
ID43534,0
ID43535,0
ID43536,0
ID43537,0
ID43538,0
ID43539,1
ID43540,0
ID43541,0
ID43542,0
ID43543,0
ID43544,0
ID43545,0
ID43546,0
ID43547,0
ID43548,0
ID43549,0
ID43550,0
ID43551,1
ID43552,0
ID43553,0
ID43554,0
ID43555,0
ID43556,0
ID43557,0
ID43558,0
ID43559,0
ID43560,0
ID43561,0
ID43562,0
ID43563,0
ID43564,0
ID43565,0
ID43566,0
ID43567,0
ID43568,0
ID43569,0
ID43570,1
ID43571,0
ID43572,0
ID43573,0
ID43574,0
ID43575,0
ID43576,0
ID43577,0
ID43578,0
ID43579,0
ID43580,0
ID43581,0
ID43582,0
ID43583,0
ID43584,0
ID43585,0
ID43586,0
ID43587,0
ID43588,0
ID43589,0
ID43590,0
ID43591,0
ID43592,0
ID43593,0
ID43594,0
ID43595,0
ID43596,0
ID43597,0
ID43598,0
ID43599,0
ID43600,0
ID43601,0
ID43602,0
ID43603,0
ID43604,0
ID43605,1
ID43606,0
ID43607,0
ID43608,0
ID43609,0
ID43610,0
ID43611,0
ID43612,0
ID43613,0
ID43614,0
ID43615,0
ID43616,1
ID43617,0
ID43618,0
ID43619,0
ID43620,0
ID43621,0
ID43622,0
ID43623,0
ID43624,0
ID43625,1
ID43626,0
ID43627,0
ID43628,0
ID43629,0
ID43630,0
ID43631,0
ID43632,0
ID43633,0
ID43634,0
ID43635,0
ID43636,0
ID43637,0
ID43638,0
ID43639,0
ID43640,0
ID43641,0
ID43642,0
ID43643,0
ID43644,0
ID43645,0
ID43646,0
ID43647,0
ID43648,0
ID43649,0
ID43650,0
ID43651,0
ID43652,0
ID43653,0
ID43654,0
ID43655,0
ID43656,0
ID43657,0
ID43658,0
ID43659,0
ID43660,0
ID43661,0
ID43662,0
ID43663,1
ID43664,1
ID43665,0
ID43666,0
ID43667,0
ID43668,0
ID43669,1
ID43670,0
ID43671,0
ID43672,0
ID43673,0
ID43674,0
ID43675,0
ID43676,0
ID43677,0
ID43678,0
ID43679,0
ID43680,1
ID43681,0
ID43682,0
ID43683,0
ID43684,0
ID43685,0
ID43686,1
ID43687,0
ID43688,0
ID43689,1
ID43690,0
ID43691,0
ID43692,0
ID43693,1
ID43694,0
ID43695,0
ID43696,0
ID43697,0
ID43698,0
ID43699,0
ID43700,0
ID43701,0
ID43702,0
ID43703,0
ID43704,0
ID43705,0
ID43706,0
ID43707,0
ID43708,0
ID43709,0
ID43710,0
ID43711,0
ID43712,0
ID43713,1
ID43714,0
ID43715,0
ID43716,0
ID43717,0
ID43718,0
ID43719,0
ID43720,0
ID43721,0
ID43722,0
ID43723,0
ID43724,0
ID43725,1
ID43726,0
ID43727,0
ID43728,0
ID43729,0
ID43730,0
ID43731,0
ID43732,0
ID43733,0
ID43734,0
ID43735,0
ID43736,0
ID43737,0
ID43738,0
ID43739,0
ID43740,0
ID43741,0
ID43742,0
ID43743,0
ID43744,0
ID43745,0
ID43746,0
ID43747,0
ID43748,0
ID43749,0
ID43750,0
ID43751,0
ID43752,0
ID43753,0
ID43754,1
ID43755,0
ID43756,0
ID43757,0
ID43758,0
ID43759,0
ID43760,0
ID43761,1
ID43762,0
ID43763,0
ID43764,0
ID43765,0
ID43766,0
ID43767,0
ID43768,1
ID43769,0
ID43770,0
ID43771,0
ID43772,0
ID43773,0
ID43774,0
ID43775,0
ID43776,0
ID43777,0
ID43778,0
ID43779,0
ID43780,0
ID43781,0
ID43782,0
ID43783,0
ID43784,0
ID43785,0
ID43786,0
ID43787,0
ID43788,0
ID43789,0
ID43790,0
ID43791,0
ID43792,0
ID43793,0
ID43794,0
ID43795,0
ID43796,0
ID43797,0
ID43798,0
ID43799,0
ID43800,1
ID43801,0
ID43802,0
ID43803,0
ID43804,0
ID43805,0
ID43806,0
ID43807,0
ID43808,0
ID43809,0
ID43810,0
ID43811,0
ID43812,0
ID43813,0
ID43814,0
ID43815,0
ID43816,0
ID43817,0
ID43818,0
ID43819,0
ID43820,0
ID43821,1
ID43822,0
ID43823,0
ID43824,0
ID43825,0
ID43826,0
ID43827,0
ID43828,0
ID43829,1
ID43830,0
ID43831,0
ID43832,0
ID43833,0
ID43834,0
ID43835,0
ID43836,0
ID43837,0
ID43838,0
ID43839,0
ID43840,0
ID43841,0
ID43842,0
ID43843,0
ID43844,0
ID43845,0
ID43846,0
ID43847,0
ID43848,0
ID43849,0
ID43850,0
ID43851,0
ID43852,0
ID43853,0
ID43854,0
ID43855,0
ID43856,0
ID43857,0
ID43858,0
ID43859,0
ID43860,0
ID43861,0
ID43862,0
ID43863,0
ID43864,0
ID43865,0
ID43866,0
ID43867,0
ID43868,0
ID43869,0
ID43870,0
ID43871,0
ID43872,0
ID43873,0
ID43874,0
ID43875,0
ID43876,0
ID43877,0
ID43878,0
ID43879,0
ID43880,0
ID43881,0
ID43882,0
ID43883,0
ID43884,0
ID43885,0
ID43886,0
ID43887,0
ID43888,0
ID43889,0
ID43890,0
ID43891,0
ID43892,0
ID43893,0
ID43894,0
ID43895,0
ID43896,0
ID43897,0
ID43898,0
ID43899,0
ID43900,0
ID43901,0
ID43902,1
ID43903,0
ID43904,0
ID43905,0
ID43906,0
ID43907,0
ID43908,0
ID43909,0
ID43910,0
ID43911,0
ID43912,0
ID43913,0
ID43914,1
ID43915,0
ID43916,0
ID43917,0
ID43918,0
ID43919,0
ID43920,0
ID43921,0
ID43922,0
ID43923,0
ID43924,0
ID43925,1
ID43926,0
ID43927,0
ID43928,0
ID43929,0
ID43930,0
ID43931,0
ID43932,0
ID43933,0
ID43934,0
ID43935,0
ID43936,0
ID43937,0
ID43938,0
ID43939,0
ID43940,0
ID43941,0
ID43942,0
ID43943,0
ID43944,0
ID43945,0
ID43946,0
ID43947,0
ID43948,0
ID43949,0
ID43950,0
ID43951,0
ID43952,0
ID43953,0
ID43954,1
ID43955,0
ID43956,0
ID43957,0
ID43958,0
ID43959,0
ID43960,0
ID43961,0
ID43962,0
ID43963,0
ID43964,0
ID43965,0
ID43966,0
ID43967,0
ID43968,0
ID43969,0
ID43970,0
ID43971,0
ID43972,0
ID43973,0
ID43974,0
ID43975,0
ID43976,0
ID43977,1
ID43978,0
ID43979,0
ID43980,0
ID43981,0
ID43982,1
ID43983,0
ID43984,0
ID43985,0
ID43986,0
ID43987,0
ID43988,0
ID43989,0
ID43990,0
ID43991,1
ID43992,0
ID43993,0
ID43994,0
ID43995,0
ID43996,0
ID43997,0
ID43998,0
ID43999,0
ID44000,0
ID44001,0
ID44002,0
ID44003,0
ID44004,0
ID44005,0
ID44006,0
ID44007,1
ID44008,0
ID44009,0
ID44010,0
ID44011,0
ID44012,0
ID44013,0
ID44014,0
ID44015,0
ID44016,1
ID44017,0
ID44018,0
ID44019,0
ID44020,0
ID44021,0
ID44022,0
ID44023,0
ID44024,0
ID44025,0
ID44026,0
ID44027,0
ID44028,0
ID44029,0
ID44030,0
ID44031,0
ID44032,0
ID44033,0
ID44034,1
ID44035,0
ID44036,1
ID44037,0
ID44038,1
ID44039,0
ID44040,0
ID44041,0
ID44042,0
ID44043,0
ID44044,0
ID44045,0
ID44046,0
ID44047,0
ID44048,0
ID44049,0
ID44050,0
ID44051,0
ID44052,0
ID44053,0
ID44054,0
ID44055,0
ID44056,0
ID44057,0
ID44058,0
ID44059,0
ID44060,0
ID44061,0
ID44062,0
ID44063,0
ID44064,0
ID44065,0
ID44066,1
ID44067,0
ID44068,0
ID44069,0
ID44070,0
ID44071,0
ID44072,0
ID44073,0
ID44074,1
ID44075,0
ID44076,0
ID44077,0
ID44078,0
ID44079,0
ID44080,0
ID44081,0
ID44082,0
ID44083,0
ID44084,0
ID44085,0
ID44086,0
ID44087,0
ID44088,0
ID44089,0
ID44090,0
ID44091,0
ID44092,0
ID44093,0
ID44094,0
ID44095,0
ID44096,0
ID44097,0
ID44098,0
ID44099,0
ID44100,0
ID44101,0
ID44102,0
ID44103,0
ID44104,0
ID44105,0
ID44106,0
ID44107,0
ID44108,0
ID44109,0
ID44110,0
ID44111,0
ID44112,0
ID44113,0
ID44114,0
ID44115,0
ID44116,0
ID44117,0
ID44118,0
ID44119,0
ID44120,1
ID44121,0
ID44122,0
ID44123,0
ID44124,0
ID44125,1
ID44126,0
ID44127,0
ID44128,0
ID44129,0
ID44130,0
ID44131,0
ID44132,0
ID44133,0
ID44134,0
ID44135,0
ID44136,0
ID44137,0
ID44138,0
ID44139,0
ID44140,0
ID44141,0
ID44142,0
ID44143,0
ID44144,0
ID44145,0
ID44146,0
ID44147,0
ID44148,0
ID44149,0
ID44150,0
ID44151,0
ID44152,1
ID44153,0
ID44154,0
ID44155,0
ID44156,0
ID44157,0
ID44158,1
ID44159,0
ID44160,0
ID44161,0
ID44162,0
ID44163,0
ID44164,0
ID44165,1
ID44166,0
ID44167,0
ID44168,0
ID44169,0
ID44170,1
ID44171,0
ID44172,0
ID44173,0
ID44174,0
ID44175,0
ID44176,0
ID44177,0
ID44178,0
ID44179,0
ID44180,1
ID44181,0
ID44182,1
ID44183,0
ID44184,0
ID44185,0
ID44186,0
ID44187,0
ID44188,0
ID44189,0
ID44190,0
ID44191,0
ID44192,0
ID44193,0
ID44194,1
ID44195,0
ID44196,0
ID44197,0
ID44198,0
ID44199,0
ID44200,1
ID44201,1
ID44202,0
ID44203,0
ID44204,0
ID44205,0
ID44206,0
ID44207,0
ID44208,0
ID44209,0
ID44210,0
ID44211,0
ID44212,0
ID44213,0
ID44214,0
ID44215,0
ID44216,0
ID44217,0
ID44218,0
ID44219,1
ID44220,0
ID44221,0
ID44222,0
ID44223,0
ID44224,0
ID44225,0
ID44226,0
ID44227,0
ID44228,0
ID44229,0
ID44230,0
ID44231,0
ID44232,0
ID44233,0
ID44234,0
ID44235,0
ID44236,0
ID44237,0
ID44238,0
ID44239,0
ID44240,0
ID44241,1
ID44242,0
ID44243,0
ID44244,0
ID44245,0
ID44246,0
ID44247,0
ID44248,0
ID44249,1
ID44250,0
ID44251,0
ID44252,0
ID44253,0
ID44254,0
ID44255,0
ID44256,0
ID44257,0
ID44258,0
ID44259,0
ID44260,0
ID44261,0
ID44262,0
ID44263,0
ID44264,0
ID44265,0
ID44266,0
ID44267,0
ID44268,0
ID44269,0
ID44270,0
ID44271,1
ID44272,0
ID44273,0
ID44274,0
ID44275,0
ID44276,0
ID44277,0
ID44278,0
ID44279,0
ID44280,0
ID44281,0
ID44282,0
ID44283,0
ID44284,0
ID44285,0
ID44286,0
ID44287,0
ID44288,0
ID44289,0
ID44290,0
ID44291,0
ID44292,0
ID44293,0
ID44294,0
ID44295,0
ID44296,0
ID44297,0
ID44298,0
ID44299,0
ID44300,0
ID44301,0
ID44302,0
ID44303,0
ID44304,0
ID44305,0
ID44306,0
ID44307,0
ID44308,0
ID44309,0
ID44310,0
ID44311,0
ID44312,0
ID44313,0
ID44314,0
ID44315,0
ID44316,0
ID44317,0
ID44318,0
ID44319,0
ID44320,0
ID44321,0
ID44322,0
ID44323,1
ID44324,0
ID44325,0
ID44326,0
ID44327,0
ID44328,0
ID44329,0
ID44330,0
ID44331,0
ID44332,0
ID44333,0
ID44334,1
ID44335,0
ID44336,0
ID44337,0
ID44338,0
ID44339,0
ID44340,0
ID44341,0
ID44342,0
ID44343,0
ID44344,0
ID44345,0
ID44346,1
ID44347,0
ID44348,0
ID44349,0
ID44350,0
ID44351,0
ID44352,0
ID44353,0
ID44354,0
ID44355,0
ID44356,0
ID44357,0
ID44358,0
ID44359,1
ID44360,1
ID44361,0
ID44362,0
ID44363,0
ID44364,0
ID44365,0
ID44366,0
ID44367,0
ID44368,0
ID44369,0
ID44370,0
ID44371,0
ID44372,0
ID44373,1
ID44374,0
ID44375,0
ID44376,0
ID44377,0
ID44378,0
ID44379,0
ID44380,0
ID44381,0
ID44382,1
ID44383,0
ID44384,0
ID44385,0
ID44386,0
ID44387,0
ID44388,0
ID44389,0
ID44390,0
ID44391,0
ID44392,0
ID44393,0
ID44394,0
ID44395,0
ID44396,0
ID44397,0
ID44398,0
ID44399,0
ID44400,0
ID44401,0
ID44402,0
ID44403,0
ID44404,0
ID44405,1
ID44406,0
ID44407,0
ID44408,0
ID44409,0
ID44410,0
ID44411,0
ID44412,0
ID44413,0
ID44414,0
ID44415,0
ID44416,1
ID44417,0
ID44418,0
ID44419,0
ID44420,0
ID44421,0
ID44422,1
ID44423,0
ID44424,0
ID44425,0
ID44426,0
ID44427,0
ID44428,0
ID44429,1
ID44430,1
ID44431,0
ID44432,1
ID44433,0
ID44434,1
ID44435,0
ID44436,0
ID44437,0
ID44438,0
ID44439,0
ID44440,0
ID44441,1
ID44442,0
ID44443,0
ID44444,0
ID44445,0
ID44446,0
ID44447,0
ID44448,0
ID44449,0
ID44450,0
ID44451,1
ID44452,0
ID44453,0
ID44454,0
ID44455,0
ID44456,0
ID44457,0
ID44458,0
ID44459,0
ID44460,0
ID44461,0
ID44462,0
ID44463,0
ID44464,0
ID44465,0
ID44466,0
ID44467,0
ID44468,0
ID44469,0
ID44470,0
ID44471,0
ID44472,0
ID44473,0
ID44474,0
ID44475,0
ID44476,0
ID44477,0
ID44478,0
ID44479,0
ID44480,0
ID44481,0
ID44482,0
ID44483,0
ID44484,0
ID44485,0
ID44486,0
ID44487,0
ID44488,0
ID44489,0
ID44490,0
ID44491,0
ID44492,0
ID44493,0
ID44494,0
ID44495,0
ID44496,0
ID44497,0
ID44498,0
ID44499,0
ID44500,0
ID44501,0
ID44502,0
ID44503,0
ID44504,0
ID44505,0
ID44506,0
ID44507,0
ID44508,0
ID44509,0
ID44510,0
ID44511,0
ID44512,0
ID44513,0
ID44514,0
ID44515,0
ID44516,0
ID44517,0
ID44518,0
ID44519,0
ID44520,0
ID44521,0
ID44522,0
ID44523,0
ID44524,0
ID44525,0
ID44526,0
ID44527,0
ID44528,0
ID44529,0
ID44530,0
ID44531,0
ID44532,0
ID44533,0
ID44534,0
ID44535,0
ID44536,0
ID44537,0
ID44538,0
ID44539,0
ID44540,0
ID44541,0
ID44542,0
ID44543,0
ID44544,0
ID44545,0
ID44546,0
ID44547,0
ID44548,0
ID44549,0
ID44550,0
ID44551,0
ID44552,0
ID44553,0
ID44554,0
ID44555,1
ID44556,0
ID44557,0
ID44558,0
ID44559,0
ID44560,0
ID44561,1
ID44562,0
ID44563,0
ID44564,0
ID44565,0
ID44566,0
ID44567,0
ID44568,0
ID44569,0
ID44570,0
ID44571,0
ID44572,0
ID44573,0
ID44574,0
ID44575,0
ID44576,0
ID44577,0
ID44578,0
ID44579,0
ID44580,0
ID44581,0
ID44582,0
ID44583,0
ID44584,0
ID44585,0
ID44586,0
ID44587,0
ID44588,0
ID44589,0
ID44590,0
ID44591,0
ID44592,0
ID44593,0
ID44594,0
ID44595,0
ID44596,0
ID44597,0
ID44598,0
ID44599,0
ID44600,0
ID44601,0
ID44602,0
ID44603,0
ID44604,0
ID44605,0
ID44606,0
ID44607,0
ID44608,0
ID44609,0
ID44610,0
ID44611,0
ID44612,0
ID44613,0
ID44614,0
ID44615,0
ID44616,0
ID44617,0
ID44618,0
ID44619,0
ID44620,0
ID44621,0
ID44622,0
ID44623,0
ID44624,0
ID44625,0
ID44626,0
ID44627,0
ID44628,0
ID44629,0
ID44630,0
ID44631,0
ID44632,0
ID44633,0
ID44634,0
ID44635,0
ID44636,0
ID44637,0
ID44638,0
ID44639,0
ID44640,0
ID44641,0
ID44642,1
ID44643,0
ID44644,0
ID44645,0
ID44646,0
ID44647,0
ID44648,0
ID44649,0
ID44650,0
ID44651,0
ID44652,0
ID44653,0
ID44654,0
ID44655,0
ID44656,0
ID44657,0
ID44658,0
ID44659,0
ID44660,0
ID44661,0
ID44662,1
ID44663,0
ID44664,0
ID44665,0
ID44666,0
ID44667,0
ID44668,0
ID44669,0
ID44670,0
ID44671,0
ID44672,0
ID44673,0
ID44674,0
ID44675,0
ID44676,0
ID44677,0
ID44678,0
ID44679,0
ID44680,0
ID44681,0
ID44682,0
ID44683,0
ID44684,0
ID44685,0
ID44686,0
ID44687,0
ID44688,0
ID44689,1
ID44690,0
ID44691,0
ID44692,0
ID44693,0
ID44694,0
ID44695,0
ID44696,0
ID44697,0
ID44698,0
ID44699,0
ID44700,0
ID44701,1
ID44702,0
ID44703,0
ID44704,0
ID44705,0
ID44706,0
ID44707,0
ID44708,0
ID44709,0
ID44710,0
ID44711,0
ID44712,0
ID44713,0
ID44714,0
ID44715,0
ID44716,0
ID44717,0
ID44718,0
ID44719,0
ID44720,0
ID44721,0
ID44722,0
ID44723,0
ID44724,0
ID44725,0
ID44726,0
ID44727,0
ID44728,0
ID44729,0
ID44730,0
ID44731,0
ID44732,0
ID44733,0
ID44734,0
ID44735,0
ID44736,0
ID44737,0
ID44738,0
ID44739,0
ID44740,0
ID44741,0
ID44742,0
ID44743,0
ID44744,1
ID44745,0
ID44746,0
ID44747,0
ID44748,0
ID44749,0
ID44750,0
ID44751,0
ID44752,0
ID44753,0
ID44754,0
ID44755,0
ID44756,0
ID44757,0
ID44758,0
ID44759,0
ID44760,0
ID44761,0
ID44762,0
ID44763,0
ID44764,0
ID44765,0
ID44766,0
ID44767,0
ID44768,0
ID44769,0
ID44770,0
ID44771,0
ID44772,0
ID44773,0
ID44774,0
ID44775,0
ID44776,0
ID44777,0
ID44778,0
ID44779,0
ID44780,0
ID44781,0
ID44782,0
ID44783,1
ID44784,0
ID44785,0
ID44786,0
ID44787,0
ID44788,0
ID44789,1
ID44790,0
ID44791,0
ID44792,0
ID44793,0
ID44794,1
ID44795,0
ID44796,0
ID44797,0
ID44798,0
ID44799,0
ID44800,0
ID44801,0
ID44802,0
ID44803,0
ID44804,0
ID44805,0
ID44806,1
ID44807,0
ID44808,0
ID44809,0
ID44810,0
ID44811,0
ID44812,0
ID44813,0
ID44814,0
ID44815,0
ID44816,0
ID44817,0
ID44818,0
ID44819,0
ID44820,0
ID44821,0
ID44822,0
ID44823,0
ID44824,0
ID44825,1
ID44826,0
ID44827,0
ID44828,0
ID44829,0
ID44830,0
ID44831,0
ID44832,0
ID44833,0
ID44834,0
ID44835,0
ID44836,0
ID44837,0
ID44838,0
ID44839,0
ID44840,0
ID44841,0
ID44842,0
ID44843,0
ID44844,0
ID44845,0
ID44846,1
ID44847,0
ID44848,0
ID44849,0
ID44850,0
ID44851,0
ID44852,0
ID44853,0
ID44854,0
ID44855,0
ID44856,0
ID44857,0
ID44858,0
ID44859,0
ID44860,0
ID44861,0
ID44862,0
ID44863,0
ID44864,0
ID44865,0
ID44866,0
ID44867,0
ID44868,0
ID44869,0
ID44870,0
ID44871,0
ID44872,0
ID44873,0
ID44874,0
ID44875,1
ID44876,0
ID44877,0
ID44878,0
ID44879,0
ID44880,0
ID44881,0
ID44882,0
ID44883,0
ID44884,0
ID44885,0
ID44886,0
ID44887,0
ID44888,0
ID44889,0
ID44890,1
ID44891,1
ID44892,0
ID44893,0
ID44894,0
ID44895,0
ID44896,1
ID44897,0
ID44898,0
ID44899,0
ID44900,0
ID44901,0
ID44902,0
ID44903,0
ID44904,0
ID44905,0
ID44906,0
ID44907,0
ID44908,0
ID44909,0
ID44910,0
ID44911,0
ID44912,0
ID44913,0
ID44914,0
ID44915,1
ID44916,0
ID44917,0
ID44918,0
ID44919,0
ID44920,1
ID44921,0
ID44922,1
ID44923,0
ID44924,0
ID44925,0
ID44926,0
ID44927,0
ID44928,0
ID44929,0
ID44930,0
ID44931,1
ID44932,0
ID44933,0
ID44934,0
ID44935,0
ID44936,0
ID44937,0
ID44938,0
ID44939,0
ID44940,0
ID44941,0
ID44942,1
ID44943,0
ID44944,0
ID44945,0
ID44946,0
ID44947,0
ID44948,0
ID44949,0
ID44950,0
ID44951,0
ID44952,0
ID44953,0
ID44954,0
ID44955,0
ID44956,0
ID44957,0
ID44958,0
ID44959,0
ID44960,0
ID44961,0
ID44962,0
ID44963,0
ID44964,1
ID44965,0
ID44966,0
ID44967,0
ID44968,0
ID44969,0
ID44970,0
ID44971,1
ID44972,0
ID44973,0
ID44974,0
ID44975,0
ID44976,0
ID44977,0
ID44978,0
ID44979,0
ID44980,0
ID44981,0
ID44982,0
ID44983,0
ID44984,1
ID44985,0
ID44986,0
ID44987,0
ID44988,0
ID44989,1
ID44990,0
ID44991,0
ID44992,0
ID44993,0
ID44994,0
ID44995,0
ID44996,0
ID44997,0
ID44998,0
ID44999,0
ID45000,0
ID45001,0
ID45002,0
ID45003,0
ID45004,0
ID45005,0
ID45006,0
ID45007,0
ID45008,0
ID45009,0
ID45010,0
ID45011,0
ID45012,0
ID45013,0
ID45014,0
ID45015,0
ID45016,0
ID45017,0
ID45018,0
ID45019,1
ID45020,0
ID45021,0
ID45022,0
ID45023,0
ID45024,0
ID45025,0
ID45026,0
ID45027,0
ID45028,0
ID45029,0
ID45030,0
ID45031,0
ID45032,0
ID45033,0
ID45034,0
ID45035,0
ID45036,0
ID45037,0
ID45038,0
ID45039,0
ID45040,0
ID45041,0
ID45042,0
ID45043,0
ID45044,0
ID45045,0
ID45046,0
ID45047,1
ID45048,0
ID45049,0
ID45050,0
ID45051,0
ID45052,0
ID45053,0
ID45054,0
ID45055,0
ID45056,0
ID45057,0
ID45058,0
ID45059,0
ID45060,0
ID45061,0
ID45062,0
ID45063,0
ID45064,0
ID45065,0
ID45066,0
ID45067,1
ID45068,0
ID45069,0
ID45070,0
ID45071,0
ID45072,0
ID45073,0
ID45074,0
ID45075,1
ID45076,0
ID45077,0
ID45078,0
ID45079,0
ID45080,0
ID45081,0
ID45082,0
ID45083,0
ID45084,1
ID45085,0
ID45086,0
ID45087,0
ID45088,0
ID45089,0
ID45090,0
ID45091,0
ID45092,0
ID45093,0
ID45094,0
ID45095,0
ID45096,0
ID45097,0
ID45098,0
ID45099,0
ID45100,1
ID45101,0
ID45102,0
ID45103,0
ID45104,0
ID45105,0
ID45106,1
ID45107,1
ID45108,0
ID45109,0
ID45110,0
ID45111,0
ID45112,0
ID45113,0
ID45114,0
ID45115,0
ID45116,0
ID45117,0
ID45118,0
ID45119,0
ID45120,0
ID45121,0
ID45122,0
ID45123,0
ID45124,0
ID45125,0
ID45126,0
ID45127,0
ID45128,0
ID45129,0
ID45130,0
ID45131,0
ID45132,0
ID45133,1
ID45134,0
ID45135,0
ID45136,0
ID45137,0
ID45138,0
ID45139,1
ID45140,0
ID45141,0
ID45142,0
ID45143,0
ID45144,0
ID45145,0
ID45146,0
ID45147,0
ID45148,0
ID45149,1
ID45150,0
ID45151,0
ID45152,0
ID45153,0
ID45154,0
ID45155,0
ID45156,0
ID45157,0
ID45158,0
ID45159,0
ID45160,0
ID45161,0
ID45162,0
ID45163,0
ID45164,0
ID45165,0
ID45166,0
ID45167,0
ID45168,0
ID45169,0
ID45170,0
ID45171,0
ID45172,0
ID45173,0
ID45174,0
ID45175,0
ID45176,0
ID45177,0
ID45178,0
ID45179,0
ID45180,0
ID45181,0
ID45182,0
ID45183,0
ID45184,0
ID45185,0
ID45186,0
ID45187,0
ID45188,0
ID45189,0
ID45190,1
ID45191,0
ID45192,0
ID45193,0
ID45194,0
ID45195,0
ID45196,0
ID45197,0
ID45198,0
ID45199,0
ID45200,0
ID45201,0
ID45202,0
ID45203,0
ID45204,0
ID45205,0
ID45206,0
ID45207,0
ID45208,0
ID45209,1
ID45210,0
ID45211,0
ID45212,0
ID45213,0
ID45214,0
ID45215,0
ID45216,0
ID45217,0
ID45218,0
ID45219,0
ID45220,0
ID45221,0
ID45222,0
ID45223,0
ID45224,0
ID45225,0
ID45226,0
ID45227,0
ID45228,0
ID45229,1
ID45230,0
ID45231,0
ID45232,0
ID45233,0
ID45234,0
ID45235,0
ID45236,0
ID45237,0
ID45238,0
ID45239,0
ID45240,0
ID45241,1
ID45242,0
ID45243,0
ID45244,1
ID45245,0
ID45246,0
ID45247,1
ID45248,0
ID45249,0
ID45250,0
ID45251,0
ID45252,0
ID45253,0
ID45254,0
ID45255,0
ID45256,0
ID45257,0
ID45258,0
ID45259,0
ID45260,0
ID45261,0
ID45262,0
ID45263,0
ID45264,0
ID45265,0
ID45266,0
ID45267,0
ID45268,0
ID45269,0
ID45270,0
ID45271,1
ID45272,0
ID45273,0
ID45274,1
ID45275,0
ID45276,0
ID45277,0
ID45278,0
ID45279,0
ID45280,0
ID45281,0
ID45282,0
ID45283,0
ID45284,0
ID45285,0
ID45286,0
ID45287,0
ID45288,0
ID45289,0
ID45290,0
ID45291,0
ID45292,0
ID45293,0
ID45294,0
ID45295,0
ID45296,0
ID45297,0
ID45298,0
ID45299,0
ID45300,0
ID45301,0
ID45302,0
ID45303,0
ID45304,0
ID45305,0
ID45306,0
ID45307,0
ID45308,0
ID45309,0
ID45310,1
ID45311,0
ID45312,0
ID45313,0
ID45314,0
ID45315,0
ID45316,0
ID45317,0
ID45318,0
ID45319,0
ID45320,0
ID45321,0
ID45322,0
ID45323,0
ID45324,0
ID45325,1
ID45326,0
ID45327,0
ID45328,0
ID45329,0
ID45330,0
ID45331,0
ID45332,0
ID45333,0
ID45334,0
ID45335,0
ID45336,0
ID45337,0
ID45338,0
ID45339,0
ID45340,0
ID45341,0
ID45342,0
ID45343,0
ID45344,1
ID45345,0
ID45346,0
ID45347,0
ID45348,0
ID45349,0
ID45350,0
ID45351,0
ID45352,0
ID45353,0
ID45354,0
ID45355,0
ID45356,0
ID45357,0
ID45358,0
ID45359,0
ID45360,0
ID45361,0
ID45362,0
ID45363,0
ID45364,0
ID45365,0
ID45366,0
ID45367,0
ID45368,0
ID45369,0
ID45370,0
ID45371,0
ID45372,0
ID45373,0
ID45374,0
ID45375,0
ID45376,0
ID45377,0
ID45378,0
ID45379,0
ID45380,0
ID45381,0
ID45382,0
ID45383,0
ID45384,0
ID45385,0
ID45386,0
ID45387,0
ID45388,0
ID45389,0
ID45390,0
ID45391,0
ID45392,0
ID45393,0
ID45394,0
ID45395,0
ID45396,1
ID45397,0
ID45398,0
ID45399,0
ID45400,0
ID45401,0
ID45402,0
ID45403,0
ID45404,0
ID45405,0
ID45406,1
ID45407,0
ID45408,0
ID45409,0
ID45410,0
ID45411,0
ID45412,1
ID45413,0
ID45414,0
ID45415,0
ID45416,0
ID45417,0
ID45418,0
ID45419,0
ID45420,0
ID45421,0
ID45422,0
ID45423,0
ID45424,0
ID45425,0
ID45426,0
ID45427,0
ID45428,0
ID45429,0
ID45430,0
ID45431,0
ID45432,0
ID45433,0
ID45434,0
ID45435,0
ID45436,0
ID45437,0
ID45438,0
ID45439,0
ID45440,0
ID45441,0
ID45442,0
ID45443,0
ID45444,0
ID45445,0
ID45446,0
ID45447,0
ID45448,0
ID45449,1
ID45450,0
ID45451,0
ID45452,0
ID45453,0
ID45454,0
ID45455,0
ID45456,0
ID45457,0
ID45458,0
ID45459,0
ID45460,0
ID45461,0
ID45462,1
ID45463,0
ID45464,0
ID45465,0
ID45466,0
ID45467,1
ID45468,0
ID45469,0
ID45470,0
ID45471,0
ID45472,0
ID45473,0
ID45474,0
ID45475,0
ID45476,0
ID45477,0
ID45478,1
ID45479,0
ID45480,0
ID45481,1
ID45482,0
ID45483,0
ID45484,0
ID45485,0
ID45486,0
ID45487,0
ID45488,0
ID45489,0
ID45490,0
ID45491,0
ID45492,0
ID45493,0
ID45494,0
ID45495,0
ID45496,0
ID45497,0
ID45498,0
ID45499,0
ID45500,0
ID45501,1
ID45502,0
ID45503,0
ID45504,0
ID45505,0
ID45506,0
ID45507,0
ID45508,0
ID45509,0
ID45510,0
ID45511,0
ID45512,0
ID45513,0
ID45514,0
ID45515,1
ID45516,0
ID45517,0
ID45518,0
ID45519,0
ID45520,0
ID45521,0
ID45522,0
ID45523,0
ID45524,0
ID45525,0
ID45526,0
ID45527,0
ID45528,0
ID45529,0
ID45530,0
ID45531,0
ID45532,0
ID45533,0
ID45534,0
ID45535,0
ID45536,0
ID45537,0
ID45538,0
ID45539,0
ID45540,0
ID45541,0
ID45542,0
ID45543,1
ID45544,0
ID45545,1
ID45546,0
ID45547,0
ID45548,0
ID45549,0
ID45550,0
ID45551,0
ID45552,0
ID45553,0
ID45554,0
ID45555,0
ID45556,0
ID45557,0
ID45558,1
ID45559,0
ID45560,0
ID45561,0
ID45562,0
ID45563,0
ID45564,0
ID45565,1
ID45566,0
ID45567,0
ID45568,0
ID45569,0
ID45570,0
ID45571,0
ID45572,0
ID45573,0
ID45574,0
ID45575,0
ID45576,0
ID45577,0
ID45578,0
ID45579,0
ID45580,0
ID45581,0
ID45582,0
ID45583,0
ID45584,0
ID45585,0
ID45586,0
ID45587,0
ID45588,0
ID45589,0
ID45590,0
ID45591,0
ID45592,0
ID45593,0
ID45594,0
ID45595,0
ID45596,0
ID45597,0
ID45598,0
ID45599,0
ID45600,0
ID45601,0
ID45602,0
ID45603,0
ID45604,0
ID45605,0
ID45606,0
ID45607,0
ID45608,0
ID45609,0
ID45610,0
ID45611,0
ID45612,0
ID45613,0
ID45614,0
ID45615,0
ID45616,0
ID45617,0
ID45618,0
ID45619,0
ID45620,0
ID45621,0
ID45622,0
ID45623,0
ID45624,0
ID45625,0
ID45626,1
ID45627,0
ID45628,0
ID45629,0
ID45630,0
ID45631,0
ID45632,0
ID45633,0
ID45634,0
ID45635,0
ID45636,1
ID45637,0
ID45638,0
ID45639,0
ID45640,0
ID45641,0
ID45642,0
ID45643,0
ID45644,0
ID45645,0
ID45646,0
ID45647,0
ID45648,0
ID45649,0
ID45650,0
ID45651,0
ID45652,0
ID45653,0
ID45654,0
ID45655,0
ID45656,0
ID45657,0
ID45658,0
ID45659,0
ID45660,0
ID45661,0
ID45662,0
ID45663,0
ID45664,0
ID45665,1
ID45666,0
ID45667,1
ID45668,0
ID45669,0
ID45670,0
ID45671,0
ID45672,0
ID45673,0
ID45674,0
ID45675,0
ID45676,0
ID45677,0
ID45678,0
ID45679,0
ID45680,0
ID45681,0
ID45682,0
ID45683,0
ID45684,0
ID45685,0
ID45686,0
ID45687,0
ID45688,0
ID45689,0
ID45690,0
ID45691,0
ID45692,0
ID45693,0
ID45694,0
ID45695,0
ID45696,0
ID45697,0
ID45698,0
ID45699,0
ID45700,0
ID45701,0
ID45702,0
ID45703,0
ID45704,0
ID45705,0
ID45706,0
ID45707,0
ID45708,0
ID45709,0
ID45710,0
ID45711,0
ID45712,0
ID45713,0
ID45714,0
ID45715,0
ID45716,0
ID45717,0
ID45718,0
ID45719,1
ID45720,0
ID45721,0
ID45722,0
ID45723,0
ID45724,0
ID45725,0
ID45726,0
ID45727,0
ID45728,0
ID45729,0
ID45730,0
ID45731,0
ID45732,0
ID45733,0
ID45734,0
ID45735,0
ID45736,0
ID45737,0
ID45738,0
ID45739,1
ID45740,0
ID45741,0
ID45742,0
ID45743,1
ID45744,0
ID45745,0
ID45746,0
ID45747,0
ID45748,0
ID45749,0
ID45750,0
ID45751,0
ID45752,0
ID45753,0
ID45754,0
ID45755,0
ID45756,0
ID45757,0
ID45758,0
ID45759,0
ID45760,0
ID45761,0
ID45762,0
ID45763,0
ID45764,0
ID45765,0
ID45766,0
ID45767,0
ID45768,0
ID45769,0
ID45770,0
ID45771,0
ID45772,0
ID45773,0
ID45774,0
ID45775,0
ID45776,0
ID45777,0
ID45778,0
ID45779,1
ID45780,1
ID45781,0
ID45782,0
ID45783,0
ID45784,0
ID45785,0
ID45786,0
ID45787,0
ID45788,0
ID45789,0
ID45790,0
ID45791,0
ID45792,0
ID45793,0
ID45794,0
ID45795,0
ID45796,0
ID45797,0
ID45798,0
ID45799,0
ID45800,1
ID45801,0
ID45802,0
ID45803,0
ID45804,0
ID45805,0
ID45806,1
ID45807,0
ID45808,0
ID45809,0
ID45810,0
ID45811,0
ID45812,0
ID45813,0
ID45814,0
ID45815,0
ID45816,0
ID45817,0
ID45818,0
ID45819,0
ID45820,1
ID45821,0
ID45822,0
ID45823,0
ID45824,0
ID45825,0
ID45826,0
ID45827,0
ID45828,0
ID45829,0
ID45830,0
ID45831,0
ID45832,1
ID45833,0
ID45834,0
ID45835,0
ID45836,0
ID45837,0
ID45838,0
ID45839,0
ID45840,0
ID45841,0
ID45842,0
ID45843,0
ID45844,0
ID45845,0
ID45846,0
ID45847,1
ID45848,0
ID45849,0
ID45850,0
ID45851,0
ID45852,0
ID45853,0
ID45854,0
ID45855,0
ID45856,0
ID45857,0
ID45858,0
ID45859,0
ID45860,0
ID45861,1
ID45862,0
ID45863,0
ID45864,0
ID45865,0
ID45866,1
ID45867,0
ID45868,0
ID45869,0
ID45870,0
ID45871,0
ID45872,0
ID45873,0
ID45874,0
ID45875,0
ID45876,0
ID45877,0
ID45878,0
ID45879,0
ID45880,0
ID45881,0
ID45882,0
ID45883,0
ID45884,0
ID45885,0
ID45886,0
ID45887,0
ID45888,0
ID45889,0
ID45890,0
ID45891,0
ID45892,0
ID45893,0
ID45894,0
ID45895,0
ID45896,0
ID45897,0
ID45898,0
ID45899,0
ID45900,1
ID45901,0
ID45902,0
ID45903,0
ID45904,0
ID45905,0
ID45906,0
ID45907,0
ID45908,0
ID45909,0
ID45910,0
ID45911,0
ID45912,0
ID45913,0
ID45914,1
ID45915,0
ID45916,0
ID45917,0
ID45918,0
ID45919,0
ID45920,1
ID45921,0
ID45922,0
ID45923,0
ID45924,0
ID45925,0
ID45926,1
ID45927,0
ID45928,0
ID45929,0
ID45930,0
ID45931,0
ID45932,0
ID45933,0
ID45934,1
ID45935,0
ID45936,0
ID45937,0
ID45938,0
ID45939,0
ID45940,0
ID45941,0
ID45942,0
ID45943,0
ID45944,0
ID45945,0
ID45946,0
ID45947,0
ID45948,0
ID45949,0
ID45950,0
ID45951,0
ID45952,0
ID45953,0
ID45954,0
ID45955,0
ID45956,0
ID45957,0
ID45958,0
ID45959,0
ID45960,0
ID45961,0
ID45962,1
ID45963,0
ID45964,0
ID45965,0
ID45966,0
ID45967,0
ID45968,0
ID45969,0
ID45970,0
ID45971,0
ID45972,0
ID45973,0
ID45974,0
ID45975,0
ID45976,0
ID45977,0
ID45978,0
ID45979,0
ID45980,0
ID45981,0
ID45982,0
ID45983,0
ID45984,0
ID45985,0
ID45986,0
ID45987,0
ID45988,0
ID45989,0
ID45990,0
ID45991,0
ID45992,0
ID45993,0
ID45994,0
ID45995,0
ID45996,0
ID45997,0
ID45998,0
ID45999,0
ID46000,0
ID46001,0
ID46002,0
ID46003,1
ID46004,0
ID46005,0
ID46006,0
ID46007,0
ID46008,0
ID46009,0
ID46010,0
ID46011,0
ID46012,0
ID46013,0
ID46014,0
ID46015,1
ID46016,0
ID46017,0
ID46018,0
ID46019,0
ID46020,0
ID46021,0
ID46022,0
ID46023,0
ID46024,0
ID46025,0
ID46026,0
ID46027,0
ID46028,0
ID46029,1
ID46030,0
ID46031,0
ID46032,0
ID46033,0
ID46034,0
ID46035,0
ID46036,0
ID46037,0
ID46038,0
ID46039,0
ID46040,0
ID46041,0
ID46042,0
ID46043,0
ID46044,0
ID46045,0
ID46046,0
ID46047,0
ID46048,0
ID46049,0
ID46050,0
ID46051,0
ID46052,0
ID46053,0
ID46054,0
ID46055,0
ID46056,0
ID46057,0
ID46058,0
ID46059,0
ID46060,0
ID46061,0
ID46062,0
ID46063,0
ID46064,0
ID46065,0
ID46066,0
ID46067,0
ID46068,0
ID46069,1
ID46070,0
ID46071,0
ID46072,0
ID46073,0
ID46074,0
ID46075,0
ID46076,0
ID46077,0
ID46078,0
ID46079,0
ID46080,0
ID46081,0
ID46082,0
ID46083,0
ID46084,0
ID46085,0
ID46086,0
ID46087,0
ID46088,0
ID46089,0
ID46090,1
ID46091,0
ID46092,0
ID46093,1
ID46094,0
ID46095,0
ID46096,0
ID46097,0
ID46098,0
ID46099,0
ID46100,0
ID46101,0
ID46102,0
ID46103,0
ID46104,0
ID46105,0
ID46106,0
ID46107,1
ID46108,0
ID46109,0
ID46110,0
ID46111,1
ID46112,0
ID46113,0
ID46114,0
ID46115,0
ID46116,0
ID46117,0
ID46118,0
ID46119,0
ID46120,0
ID46121,0
ID46122,1
ID46123,0
ID46124,0
ID46125,0
ID46126,0
ID46127,0
ID46128,0
ID46129,0
ID46130,0
ID46131,0
ID46132,0
ID46133,0
ID46134,0
ID46135,0
ID46136,0
ID46137,1
ID46138,0
ID46139,0
ID46140,0
ID46141,0
ID46142,0
ID46143,0
ID46144,0
ID46145,0
ID46146,0
ID46147,0
ID46148,0
ID46149,0
ID46150,0
ID46151,0
ID46152,0
ID46153,1
ID46154,0
ID46155,0
ID46156,0
ID46157,0
ID46158,0
ID46159,0
ID46160,0
ID46161,0
ID46162,0
ID46163,0
ID46164,0
ID46165,0
ID46166,0
ID46167,0
ID46168,0
ID46169,0
ID46170,0
ID46171,0
ID46172,0
ID46173,0
ID46174,0
ID46175,0
ID46176,0
ID46177,0
ID46178,1
ID46179,0
ID46180,0
ID46181,0
ID46182,0
ID46183,0
ID46184,0
ID46185,0
ID46186,0
ID46187,1
ID46188,0
ID46189,0
ID46190,0
ID46191,0
ID46192,0
ID46193,0
ID46194,1
ID46195,0
ID46196,0
ID46197,0
ID46198,0
ID46199,0
ID46200,0
ID46201,0
ID46202,0
ID46203,0
ID46204,0
ID46205,0
ID46206,1
ID46207,0
ID46208,0
ID46209,0
ID46210,0
ID46211,0
ID46212,0
ID46213,0
ID46214,0
ID46215,0
ID46216,0
ID46217,0
ID46218,0
ID46219,0
ID46220,0
ID46221,0
ID46222,0
ID46223,0
ID46224,0
ID46225,0
ID46226,1
ID46227,0
ID46228,1
ID46229,0
ID46230,0
ID46231,0
ID46232,0
ID46233,0
ID46234,0
ID46235,0
ID46236,0
ID46237,1
ID46238,0
ID46239,0
ID46240,0
ID46241,0
ID46242,0
ID46243,0
ID46244,0
ID46245,0
ID46246,0
ID46247,0
ID46248,0
ID46249,0
ID46250,1
ID46251,0
ID46252,0
ID46253,0
ID46254,0
ID46255,0
ID46256,0
ID46257,0
ID46258,1
ID46259,0
ID46260,0
ID46261,0
ID46262,1
ID46263,0
ID46264,0
ID46265,0
ID46266,0
ID46267,0
ID46268,0
ID46269,0
ID46270,0
ID46271,0
ID46272,1
ID46273,0
ID46274,0
ID46275,0
ID46276,0
ID46277,1
ID46278,0
ID46279,0
ID46280,0
ID46281,0
ID46282,0
ID46283,0
ID46284,0
ID46285,0
ID46286,0
ID46287,0
ID46288,0
ID46289,0
ID46290,0
ID46291,0
ID46292,0
ID46293,0
ID46294,0
ID46295,0
ID46296,0
ID46297,0
ID46298,0
ID46299,0
ID46300,0
ID46301,0
ID46302,0
ID46303,1
ID46304,0
ID46305,0
ID46306,0
ID46307,0
ID46308,0
ID46309,0
ID46310,0
ID46311,1
ID46312,0
ID46313,0
ID46314,0
ID46315,0
ID46316,0
ID46317,0
ID46318,0
ID46319,1
ID46320,0
ID46321,0
ID46322,0
ID46323,0
ID46324,0
ID46325,0
ID46326,0
ID46327,0
ID46328,0
ID46329,0
ID46330,0
ID46331,0
ID46332,0
ID46333,0
ID46334,0
ID46335,0
ID46336,0
ID46337,0
ID46338,0
ID46339,0
ID46340,0
ID46341,0
ID46342,0
ID46343,0
ID46344,0
ID46345,0
ID46346,0
ID46347,0
ID46348,0
ID46349,0
ID46350,0
ID46351,0
ID46352,0
ID46353,0
ID46354,0
ID46355,0
ID46356,0
ID46357,0
ID46358,0
ID46359,1
ID46360,0
ID46361,0
ID46362,0
ID46363,0
ID46364,0
ID46365,0
ID46366,0
ID46367,0
ID46368,0
ID46369,0
ID46370,0
ID46371,0
ID46372,1
ID46373,0
ID46374,0
ID46375,0
ID46376,0
ID46377,0
ID46378,0
ID46379,0
ID46380,0
ID46381,0
ID46382,0
ID46383,0
ID46384,0
ID46385,0
ID46386,0
ID46387,0
ID46388,0
ID46389,0
ID46390,0
ID46391,0
ID46392,1
ID46393,0
ID46394,0
ID46395,0
ID46396,0
ID46397,0
ID46398,0
ID46399,0
ID46400,0
ID46401,0
ID46402,0
ID46403,0
ID46404,0
ID46405,0
ID46406,0
ID46407,0
ID46408,0
ID46409,0
ID46410,0
ID46411,0
ID46412,0
ID46413,0
ID46414,0
ID46415,0
ID46416,0
ID46417,0
ID46418,0
ID46419,0
ID46420,0
ID46421,0
ID46422,0
ID46423,0
ID46424,0
ID46425,0
ID46426,0
ID46427,0
ID46428,0
ID46429,0
ID46430,0
ID46431,0
ID46432,0
ID46433,0
ID46434,0
ID46435,1
ID46436,0
ID46437,1
ID46438,0
ID46439,0
ID46440,0
ID46441,0
ID46442,0
ID46443,0
ID46444,0
ID46445,1
ID46446,0
ID46447,0
ID46448,0
ID46449,0
ID46450,0
ID46451,0
ID46452,0
ID46453,0
ID46454,0
ID46455,0
ID46456,0
ID46457,0
ID46458,0
ID46459,0
ID46460,1
ID46461,0
ID46462,0
ID46463,0
ID46464,0
ID46465,1
ID46466,0
ID46467,0
ID46468,0
ID46469,0
ID46470,0
ID46471,0
ID46472,1
ID46473,0
ID46474,0
ID46475,0
ID46476,0
ID46477,0
ID46478,0
ID46479,0
ID46480,0
ID46481,0
ID46482,0
ID46483,0
ID46484,0
ID46485,1
ID46486,0
ID46487,0
ID46488,0
ID46489,0
ID46490,0
ID46491,0
ID46492,0
ID46493,0
ID46494,0
ID46495,0
ID46496,0
ID46497,0
ID46498,0
ID46499,0
ID46500,0
ID46501,0
ID46502,0
ID46503,0
ID46504,0
ID46505,0
ID46506,0
ID46507,0
ID46508,0
ID46509,0
ID46510,0
ID46511,0
ID46512,0
ID46513,0
ID46514,0
ID46515,0
ID46516,1
ID46517,0
ID46518,0
ID46519,0
ID46520,0
ID46521,0
ID46522,0
ID46523,0
ID46524,0
ID46525,0
ID46526,0
ID46527,0
ID46528,0
ID46529,0
ID46530,0
ID46531,0
ID46532,0
ID46533,0
ID46534,0
ID46535,0
ID46536,0
ID46537,0
ID46538,0
ID46539,0
ID46540,0
ID46541,1
ID46542,0
ID46543,0
ID46544,0
ID46545,0
ID46546,0
ID46547,0
ID46548,0
ID46549,0
ID46550,0
ID46551,0
ID46552,0
ID46553,0
ID46554,0
ID46555,0
ID46556,0
ID46557,0
ID46558,0
ID46559,0
ID46560,0
ID46561,0
ID46562,0
ID46563,0
ID46564,0
ID46565,0
ID46566,0
ID46567,0
ID46568,0
ID46569,0
ID46570,0
ID46571,0
ID46572,0
ID46573,0
ID46574,0
ID46575,0
ID46576,0
ID46577,0
ID46578,0
ID46579,0
ID46580,0
ID46581,0
ID46582,0
ID46583,0
ID46584,0
ID46585,0
ID46586,0
ID46587,0
ID46588,0
ID46589,0
ID46590,1
ID46591,0
ID46592,0
ID46593,0
ID46594,0
ID46595,0
ID46596,1
ID46597,0
ID46598,0
ID46599,0
ID46600,0
ID46601,0
ID46602,0
ID46603,0
ID46604,1
ID46605,0
ID46606,0
ID46607,0
ID46608,0
ID46609,0
ID46610,0
ID46611,0
ID46612,0
ID46613,0
ID46614,0
ID46615,0
ID46616,0
ID46617,0
ID46618,0
ID46619,0
ID46620,0
ID46621,0
ID46622,0
ID46623,0
ID46624,0
ID46625,0
ID46626,1
ID46627,0
ID46628,0
ID46629,0
ID46630,0
ID46631,0
ID46632,0
ID46633,0
ID46634,0
ID46635,0
ID46636,0
ID46637,0
ID46638,0
ID46639,1
ID46640,0
ID46641,0
ID46642,0
ID46643,0
ID46644,0
ID46645,0
ID46646,0
ID46647,0
ID46648,1
ID46649,0
ID46650,0
ID46651,0
ID46652,0
ID46653,0
ID46654,0
ID46655,1
ID46656,0
ID46657,0
ID46658,0
ID46659,0
ID46660,0
ID46661,0
ID46662,0
ID46663,0
ID46664,0
ID46665,0
ID46666,0
ID46667,0
ID46668,0
ID46669,0
ID46670,0
ID46671,0
ID46672,0
ID46673,0
ID46674,0
ID46675,0
ID46676,0
ID46677,0
ID46678,0
ID46679,0
ID46680,0
ID46681,0
ID46682,0
ID46683,0
ID46684,0
ID46685,0
ID46686,0
ID46687,1
ID46688,0
ID46689,0
ID46690,0
ID46691,1
ID46692,1
ID46693,0
ID46694,1
ID46695,0
ID46696,0
ID46697,0
ID46698,0
ID46699,0
ID46700,0
ID46701,0
ID46702,0
ID46703,0
ID46704,0
ID46705,0
ID46706,0
ID46707,0
ID46708,0
ID46709,0
ID46710,1
ID46711,0
ID46712,0
ID46713,0
ID46714,0
ID46715,0
ID46716,0
ID46717,0
ID46718,1
ID46719,0
ID46720,0
ID46721,0
ID46722,0
ID46723,0
ID46724,0
ID46725,0
ID46726,0
ID46727,0
ID46728,0
ID46729,0
ID46730,0
ID46731,0
ID46732,1
ID46733,0
ID46734,0
ID46735,0
ID46736,0
ID46737,0
ID46738,0
ID46739,0
ID46740,0
ID46741,0
ID46742,0
ID46743,0
ID46744,0
ID46745,0
ID46746,0
ID46747,0
ID46748,0
ID46749,0
ID46750,0
ID46751,0
ID46752,0
ID46753,0
ID46754,0
ID46755,0
ID46756,0
ID46757,0
ID46758,0
ID46759,0
ID46760,0
ID46761,0
ID46762,1
ID46763,0
ID46764,0
ID46765,0
ID46766,0
ID46767,0
ID46768,0
ID46769,0
ID46770,0
ID46771,0
ID46772,0
ID46773,0
ID46774,0
ID46775,0
ID46776,0
ID46777,0
ID46778,0
ID46779,0
ID46780,0
ID46781,0
ID46782,0
ID46783,0
ID46784,0
ID46785,0
ID46786,0
ID46787,0
ID46788,0
ID46789,0
ID46790,0
ID46791,0
ID46792,0
ID46793,0
ID46794,0
ID46795,1
ID46796,0
ID46797,0
ID46798,0
ID46799,0
ID46800,0
ID46801,0
ID46802,0
ID46803,0
ID46804,0
ID46805,1
ID46806,0
ID46807,1
ID46808,0
ID46809,0
ID46810,0
ID46811,0
ID46812,0
ID46813,0
ID46814,0
ID46815,0
ID46816,0
ID46817,0
ID46818,0
ID46819,0
ID46820,0
ID46821,0
ID46822,0
ID46823,0
ID46824,0
ID46825,0
ID46826,0
ID46827,0
ID46828,0
ID46829,1
ID46830,0
ID46831,0
ID46832,0
ID46833,0
ID46834,0
ID46835,0
ID46836,0
ID46837,1
ID46838,0
ID46839,0
ID46840,0
ID46841,0
ID46842,0
ID46843,0
ID46844,0
ID46845,0
ID46846,0
ID46847,0
ID46848,0
ID46849,0
ID46850,0
ID46851,0
ID46852,0
ID46853,0
ID46854,0
ID46855,0
ID46856,0
ID46857,0
ID46858,0
ID46859,0
ID46860,0
ID46861,0
ID46862,0
ID46863,0
ID46864,0
ID46865,0
ID46866,0
ID46867,1
ID46868,0
ID46869,0
ID46870,0
ID46871,0
ID46872,0
ID46873,0
ID46874,0
ID46875,0
ID46876,0
ID46877,1
ID46878,0
ID46879,0
ID46880,0
ID46881,0
ID46882,0
ID46883,1
ID46884,0
ID46885,0
ID46886,0
ID46887,0
ID46888,0
ID46889,0
ID46890,0
ID46891,0
ID46892,0
ID46893,0
ID46894,0
ID46895,0
ID46896,0
ID46897,0
ID46898,0
ID46899,0
ID46900,0
ID46901,0
ID46902,0
ID46903,0
ID46904,0
ID46905,0
ID46906,0
ID46907,1
ID46908,0
ID46909,0
ID46910,0
ID46911,0
ID46912,0
ID46913,0
ID46914,1
ID46915,0
ID46916,0
ID46917,0
ID46918,0
ID46919,0
ID46920,0
ID46921,0
ID46922,0
ID46923,0
ID46924,0
ID46925,0
ID46926,0
ID46927,0
ID46928,0
ID46929,0
ID46930,0
ID46931,0
ID46932,0
ID46933,0
ID46934,0
ID46935,0
ID46936,0
ID46937,0
ID46938,0
ID46939,0
ID46940,0
ID46941,0
ID46942,0
ID46943,0
ID46944,0
ID46945,0
ID46946,0
ID46947,0
ID46948,0
ID46949,0
ID46950,0
ID46951,0
ID46952,0
ID46953,0
ID46954,0
ID46955,1
ID46956,0
ID46957,0
ID46958,0
ID46959,0
ID46960,0
ID46961,1
ID46962,0
ID46963,0
ID46964,0
ID46965,0
ID46966,1
ID46967,0
ID46968,0
ID46969,0
ID46970,0
ID46971,0
ID46972,0
ID46973,0
ID46974,0
ID46975,0
ID46976,0
ID46977,1
ID46978,0
ID46979,0
ID46980,0
ID46981,0
ID46982,0
ID46983,0
ID46984,0
ID46985,0
ID46986,0
ID46987,1
ID46988,0
ID46989,0
ID46990,0
ID46991,0
ID46992,0
ID46993,0
ID46994,1
ID46995,0
ID46996,0
ID46997,0
ID46998,0
ID46999,0
ID47000,0
ID47001,0
ID47002,0
ID47003,0
ID47004,0
ID47005,0
ID47006,0
ID47007,0
ID47008,0
ID47009,0
ID47010,0
ID47011,1
ID47012,0
ID47013,0
ID47014,0
ID47015,0
ID47016,0
ID47017,0
ID47018,0
ID47019,0
ID47020,0
ID47021,0
ID47022,0
ID47023,0
ID47024,0
ID47025,0
ID47026,0
ID47027,1
ID47028,0
ID47029,0
ID47030,0
ID47031,0
ID47032,0
ID47033,0
ID47034,0
ID47035,0
ID47036,0
ID47037,0
ID47038,0
ID47039,0
ID47040,0
ID47041,1
ID47042,0
ID47043,0
ID47044,0
ID47045,0
ID47046,1
ID47047,0
ID47048,0
ID47049,0
ID47050,0
ID47051,0
ID47052,0
ID47053,0
ID47054,0
ID47055,0
ID47056,0
ID47057,0
ID47058,1
ID47059,0
ID47060,1
ID47061,0
ID47062,0
ID47063,0
ID47064,0
ID47065,0
ID47066,0
ID47067,0
ID47068,0
ID47069,0
ID47070,0
ID47071,0
ID47072,0
ID47073,0
ID47074,0
ID47075,0
ID47076,0
ID47077,0
ID47078,0
ID47079,0
ID47080,0
ID47081,0
ID47082,0
ID47083,0
ID47084,0
ID47085,0
ID47086,0
ID47087,0
ID47088,0
ID47089,0
ID47090,0
ID47091,1
ID47092,0
ID47093,0
ID47094,0
ID47095,0
ID47096,0
ID47097,0
ID47098,0
ID47099,0
ID47100,0
ID47101,0
ID47102,0
ID47103,0
ID47104,0
ID47105,0
ID47106,0
ID47107,0
ID47108,0
ID47109,0
ID47110,0
ID47111,1
ID47112,0
ID47113,0
ID47114,0
ID47115,0
ID47116,0
ID47117,0
ID47118,0
ID47119,0
ID47120,0
ID47121,0
ID47122,0
ID47123,0
ID47124,0
ID47125,0
ID47126,0
ID47127,0
ID47128,0
ID47129,0
ID47130,0
ID47131,0
ID47132,0
ID47133,0
ID47134,0
ID47135,0
ID47136,0
ID47137,0
ID47138,0
ID47139,0
ID47140,0
ID47141,0
ID47142,0
ID47143,0
ID47144,0
ID47145,0
ID47146,1
ID47147,0
ID47148,0
ID47149,0
ID47150,0
ID47151,0
ID47152,0
ID47153,0
ID47154,0
ID47155,0
ID47156,0
ID47157,0
ID47158,0
ID47159,0
ID47160,0
ID47161,0
ID47162,0
ID47163,0
ID47164,0
ID47165,0
ID47166,0
ID47167,0
ID47168,0
ID47169,0
ID47170,0
ID47171,0
ID47172,0
ID47173,0
ID47174,0
ID47175,0
ID47176,0
ID47177,0
ID47178,0
ID47179,0
ID47180,1
ID47181,0
ID47182,0
ID47183,0
ID47184,0
ID47185,0
ID47186,0
ID47187,0
ID47188,1
ID47189,0
ID47190,0
ID47191,0
ID47192,0
ID47193,0
ID47194,0
ID47195,0
ID47196,0
ID47197,0
ID47198,0
ID47199,0
ID47200,0
ID47201,0
ID47202,0
ID47203,0
ID47204,0
ID47205,0
ID47206,0
ID47207,0
ID47208,0
ID47209,0
ID47210,0
ID47211,0
ID47212,0
ID47213,0
ID47214,0
ID47215,0
ID47216,0
ID47217,0
ID47218,0
ID47219,0
ID47220,0
ID47221,0
ID47222,0
ID47223,0
ID47224,0
ID47225,0
ID47226,0
ID47227,0
ID47228,0
ID47229,0
ID47230,0
ID47231,0
ID47232,0
ID47233,0
ID47234,0
ID47235,0
ID47236,0
ID47237,0
ID47238,0
ID47239,0
ID47240,0
ID47241,0
ID47242,0
ID47243,0
ID47244,0
ID47245,0
ID47246,0
ID47247,0
ID47248,0
ID47249,0
ID47250,0
ID47251,0
ID47252,0
ID47253,0
ID47254,1
ID47255,0
ID47256,0
ID47257,0
ID47258,0
ID47259,0
ID47260,0
ID47261,0
ID47262,0
ID47263,0
ID47264,0
ID47265,0
ID47266,0
ID47267,0
ID47268,0
ID47269,0
ID47270,0
ID47271,0
ID47272,0
ID47273,0
ID47274,0
ID47275,0
ID47276,0
ID47277,0
ID47278,1
ID47279,0
ID47280,0
ID47281,0
ID47282,0
ID47283,0
ID47284,0
ID47285,0
ID47286,0
ID47287,0
ID47288,0
ID47289,1
ID47290,0
ID47291,0
ID47292,0
ID47293,0
ID47294,0
ID47295,0
ID47296,0
ID47297,0
ID47298,0
ID47299,0
ID47300,0
ID47301,0
ID47302,0
ID47303,0
ID47304,0
ID47305,0
ID47306,0
ID47307,0
ID47308,0
ID47309,1
ID47310,0
ID47311,0
ID47312,1
ID47313,0
ID47314,0
ID47315,0
ID47316,0
ID47317,0
ID47318,1
ID47319,0
ID47320,1
ID47321,0
ID47322,0
ID47323,1
ID47324,0
ID47325,0
ID47326,0
ID47327,0
ID47328,0
ID47329,0
ID47330,0
ID47331,0
ID47332,0
ID47333,0
ID47334,0
ID47335,0
ID47336,1
ID47337,0
ID47338,0
ID47339,0
ID47340,0
ID47341,0
ID47342,1
ID47343,0
ID47344,0
ID47345,1
ID47346,0
ID47347,0
ID47348,0
ID47349,1
ID47350,1
ID47351,0
ID47352,0
ID47353,0
ID47354,1
ID47355,0
ID47356,0
ID47357,0
ID47358,0
ID47359,0
ID47360,0
ID47361,0
ID47362,0
ID47363,0
ID47364,1
ID47365,0
ID47366,0
ID47367,1
ID47368,0
ID47369,1
ID47370,0
ID47371,0
ID47372,0
ID47373,0
ID47374,0
ID47375,0
ID47376,0
ID47377,0
ID47378,0
ID47379,0
ID47380,0
ID47381,0
ID47382,1
ID47383,0
ID47384,0
ID47385,1
ID47386,0
ID47387,0
ID47388,0
ID47389,0
ID47390,0
ID47391,0
ID47392,0
ID47393,0
ID47394,0
ID47395,0
ID47396,0
ID47397,0
ID47398,0
ID47399,0
ID47400,0
ID47401,0
ID47402,0
ID47403,0
ID47404,0
ID47405,0
ID47406,0
ID47407,0
ID47408,0
ID47409,0
ID47410,0
ID47411,0
ID47412,0
ID47413,0
ID47414,0
ID47415,0
ID47416,1
ID47417,0
ID47418,0
ID47419,0
ID47420,0
ID47421,0
ID47422,0
ID47423,0
ID47424,1
ID47425,0
ID47426,0
ID47427,0
ID47428,0
ID47429,1
ID47430,0
ID47431,0
ID47432,0
ID47433,0
ID47434,0
ID47435,0
ID47436,0
ID47437,0
ID47438,0
ID47439,0
ID47440,0
ID47441,0
ID47442,0
ID47443,1
ID47444,0
ID47445,0
ID47446,0
ID47447,0
ID47448,0
ID47449,0
ID47450,0
ID47451,0
ID47452,0
ID47453,0
ID47454,0
ID47455,0
ID47456,0
ID47457,0
ID47458,0
ID47459,0
ID47460,0
ID47461,0
ID47462,0
ID47463,0
ID47464,0
ID47465,0
ID47466,0
ID47467,0
ID47468,0
ID47469,0
ID47470,0
ID47471,0
ID47472,0
ID47473,0
ID47474,0
ID47475,0
ID47476,0
ID47477,0
ID47478,0
ID47479,0
ID47480,0
ID47481,0
ID47482,0
ID47483,0
ID47484,0
ID47485,0
ID47486,0
ID47487,0
ID47488,0
ID47489,0
ID47490,0
ID47491,0
ID47492,0
ID47493,0
ID47494,0
ID47495,0
ID47496,1
ID47497,0
ID47498,0
ID47499,0
ID47500,0
ID47501,1
ID47502,0
ID47503,0
ID47504,0
ID47505,0
ID47506,0
ID47507,0
ID47508,0
ID47509,0
ID47510,0
ID47511,0
ID47512,0
ID47513,0
ID47514,0
ID47515,0
ID47516,0
ID47517,0
ID47518,0
ID47519,0
ID47520,0
ID47521,1
ID47522,0
ID47523,1
ID47524,0
ID47525,0
ID47526,0
ID47527,0
ID47528,0
ID47529,0
ID47530,0
ID47531,0
ID47532,0
ID47533,0
ID47534,1
ID47535,0
ID47536,1
ID47537,0
ID47538,0
ID47539,0
ID47540,0
ID47541,0
ID47542,0
ID47543,0
ID47544,0
ID47545,0
ID47546,0
ID47547,0
ID47548,0
ID47549,0
ID47550,0
ID47551,0
ID47552,0
ID47553,0
ID47554,0
ID47555,0
ID47556,0
ID47557,1
ID47558,0
ID47559,0
ID47560,0
ID47561,0
ID47562,0
ID47563,0
ID47564,0
ID47565,0
ID47566,0
ID47567,0
ID47568,0
ID47569,0
ID47570,0
ID47571,0
ID47572,0
ID47573,0
ID47574,0
ID47575,0
ID47576,0
ID47577,0
ID47578,0
ID47579,0
ID47580,0
ID47581,0
ID47582,0
ID47583,0
ID47584,0
ID47585,0
ID47586,0
ID47587,0
ID47588,0
ID47589,0
ID47590,0
ID47591,0
ID47592,0
ID47593,0
ID47594,0
ID47595,0
ID47596,0
ID47597,0
ID47598,0
ID47599,0
ID47600,0
ID47601,0
ID47602,0
ID47603,0
ID47604,0
ID47605,0
ID47606,0
ID47607,0
ID47608,0
ID47609,0
ID47610,0
ID47611,0
ID47612,0
ID47613,0
ID47614,0
ID47615,0
ID47616,0
ID47617,0
ID47618,0
ID47619,0
ID47620,1
ID47621,0
ID47622,0
ID47623,0
ID47624,0
ID47625,0
ID47626,0
ID47627,0
ID47628,0
ID47629,0
ID47630,0
ID47631,0
ID47632,0
ID47633,1
ID47634,0
ID47635,0
ID47636,0
ID47637,0
ID47638,0
ID47639,0
ID47640,0
ID47641,0
ID47642,0
ID47643,1
ID47644,0
ID47645,0
ID47646,1
ID47647,0
ID47648,0
ID47649,0
ID47650,0
ID47651,0
ID47652,0
ID47653,1
ID47654,0
ID47655,0
ID47656,0
ID47657,0
ID47658,0
ID47659,0
ID47660,0
ID47661,0
ID47662,0
ID47663,0
ID47664,0
ID47665,0
ID47666,0
ID47667,0
ID47668,0
ID47669,0
ID47670,0
ID47671,0
ID47672,0
ID47673,0
ID47674,0
ID47675,0
ID47676,0
ID47677,0
ID47678,0
ID47679,0
ID47680,0
ID47681,0
ID47682,0
ID47683,0
ID47684,0
ID47685,0
ID47686,1
ID47687,0
ID47688,0
ID47689,0
ID47690,0
ID47691,0
ID47692,0
ID47693,0
ID47694,0
ID47695,0
ID47696,1
ID47697,0
ID47698,0
ID47699,0
ID47700,0
ID47701,0
ID47702,0
ID47703,0
ID47704,0
ID47705,0
ID47706,0
ID47707,0
ID47708,0
ID47709,0
ID47710,0
ID47711,1
ID47712,1
ID47713,0
ID47714,0
ID47715,0
ID47716,1
ID47717,0
ID47718,0
ID47719,0
ID47720,0
ID47721,0
ID47722,0
ID47723,0
ID47724,0
ID47725,0
ID47726,0
ID47727,0
ID47728,0
ID47729,0
ID47730,0
ID47731,0
ID47732,0
ID47733,0
ID47734,0
ID47735,0
ID47736,0
ID47737,0
ID47738,0
ID47739,1
ID47740,0
ID47741,0
ID47742,0
ID47743,0
ID47744,0
ID47745,0
ID47746,0
ID47747,0
ID47748,0
ID47749,0
ID47750,0
ID47751,0
ID47752,0
ID47753,0
ID47754,0
ID47755,0
ID47756,0
ID47757,0
ID47758,0
ID47759,0
ID47760,0
ID47761,0
ID47762,0
ID47763,0
ID47764,0
ID47765,0
ID47766,0
ID47767,0
ID47768,0
ID47769,0
ID47770,0
ID47771,0
ID47772,0
ID47773,0
ID47774,0
ID47775,0
ID47776,0
ID47777,0
ID47778,0
ID47779,0
ID47780,0
ID47781,0
ID47782,0
ID47783,0
ID47784,0
ID47785,0
ID47786,0
ID47787,0
ID47788,0
ID47789,0
ID47790,0
ID47791,0
ID47792,0
ID47793,1
ID47794,0
ID47795,0
ID47796,0
ID47797,0
ID47798,0
ID47799,0
ID47800,0
ID47801,0
ID47802,0
ID47803,0
ID47804,0
ID47805,0
ID47806,0
ID47807,1
ID47808,0
ID47809,1
ID47810,0
ID47811,0
ID47812,0
ID47813,0
ID47814,0
ID47815,0
ID47816,0
ID47817,0
ID47818,0
ID47819,0
ID47820,0
ID47821,1
ID47822,0
ID47823,0
ID47824,0
ID47825,0
ID47826,0
ID47827,0
ID47828,1
ID47829,0
ID47830,0
ID47831,0
ID47832,0
ID47833,0
ID47834,0
ID47835,0
ID47836,0
ID47837,0
ID47838,1
ID47839,0
ID47840,0
ID47841,1
ID47842,0
ID47843,0
ID47844,1
ID47845,0
ID47846,0
ID47847,0
ID47848,0
ID47849,0
ID47850,0
ID47851,0
ID47852,0
ID47853,0
ID47854,1
ID47855,0
ID47856,0
ID47857,0
ID47858,0
ID47859,0
ID47860,0
ID47861,0
ID47862,0
ID47863,0
ID47864,0
ID47865,0
ID47866,0
ID47867,0
ID47868,0
ID47869,0
ID47870,0
ID47871,0
ID47872,0
ID47873,0
ID47874,0
ID47875,0
ID47876,0
ID47877,1
ID47878,1
ID47879,0
ID47880,0
ID47881,0
ID47882,0
ID47883,0
ID47884,1
ID47885,1
ID47886,0
ID47887,0
ID47888,0
ID47889,0
ID47890,0
ID47891,0
ID47892,0
ID47893,0
ID47894,0
ID47895,0
ID47896,0
ID47897,0
ID47898,0
ID47899,0
ID47900,0
ID47901,0
ID47902,0
ID47903,0
ID47904,0
ID47905,0
ID47906,0
ID47907,0
ID47908,0
ID47909,0
ID47910,0
ID47911,0
ID47912,0
ID47913,0
ID47914,0
ID47915,0
ID47916,0
ID47917,0
ID47918,0
ID47919,0
ID47920,0
ID47921,0
ID47922,0
ID47923,0
ID47924,0
ID47925,0
ID47926,1
ID47927,0
ID47928,0
ID47929,0
ID47930,0
ID47931,0
ID47932,0
ID47933,0
ID47934,1
ID47935,0
ID47936,0
ID47937,0
ID47938,0
ID47939,0
ID47940,0
ID47941,0
ID47942,0
ID47943,0
ID47944,0
ID47945,0
ID47946,0
ID47947,1
ID47948,1
ID47949,0
ID47950,0
ID47951,0
ID47952,0
ID47953,0
ID47954,1
ID47955,0
ID47956,1
ID47957,0
ID47958,0
ID47959,0
ID47960,0
ID47961,0
ID47962,0
ID47963,0
ID47964,0
ID47965,0
ID47966,0
ID47967,0
ID47968,0
ID47969,0
ID47970,0
ID47971,0
ID47972,0
ID47973,0
ID47974,0
ID47975,0
ID47976,0
ID47977,0
ID47978,0
ID47979,0
ID47980,0
ID47981,0
ID47982,0
ID47983,0
ID47984,0
ID47985,0
ID47986,0
ID47987,0
ID47988,0
ID47989,0
ID47990,0
ID47991,0
ID47992,0
ID47993,0
ID47994,0
ID47995,0
ID47996,0
ID47997,0
ID47998,0
ID47999,0
ID48000,0
ID48001,1
ID48002,0
ID48003,0
ID48004,0
ID48005,0
ID48006,0
ID48007,0
ID48008,0
ID48009,0
ID48010,0
ID48011,0
ID48012,0
ID48013,0
ID48014,0
ID48015,0
ID48016,0
ID48017,0
ID48018,0
ID48019,0
ID48020,0
ID48021,0
ID48022,0
ID48023,0
ID48024,0
ID48025,0
ID48026,0
ID48027,0
ID48028,0
ID48029,0
ID48030,0
ID48031,0
ID48032,0
ID48033,0
ID48034,0
ID48035,0
ID48036,1
ID48037,0
ID48038,0
ID48039,0
ID48040,0
ID48041,0
ID48042,0
ID48043,0
ID48044,0
ID48045,0
ID48046,0
ID48047,1
ID48048,1
ID48049,1
ID48050,0
ID48051,0
ID48052,0
ID48053,0
ID48054,0
ID48055,0
ID48056,1
ID48057,0
ID48058,0
ID48059,0
ID48060,0
ID48061,0
ID48062,0
ID48063,0
ID48064,0
ID48065,0
ID48066,0
ID48067,1
ID48068,0
ID48069,0
ID48070,0
ID48071,0
ID48072,1
ID48073,0
ID48074,0
ID48075,1
ID48076,0
ID48077,0
ID48078,0
ID48079,1
ID48080,0
ID48081,0
ID48082,0
ID48083,0
ID48084,0
ID48085,0
ID48086,0
ID48087,0
ID48088,0
ID48089,0
ID48090,0
ID48091,0
ID48092,1
ID48093,0
ID48094,0
ID48095,0
ID48096,0
ID48097,0
ID48098,0
ID48099,0
ID48100,0
ID48101,0
ID48102,0
ID48103,1
ID48104,0
ID48105,0
ID48106,0
ID48107,0
ID48108,0
ID48109,0
ID48110,1
ID48111,0
ID48112,0
ID48113,1
ID48114,0
ID48115,0
ID48116,1
ID48117,0
ID48118,0
ID48119,1
ID48120,0
ID48121,0
ID48122,0
ID48123,0
ID48124,0
ID48125,0
ID48126,0
ID48127,0
ID48128,0
ID48129,0
ID48130,0
ID48131,1
ID48132,0
ID48133,0
ID48134,0
ID48135,0
ID48136,0
ID48137,0
ID48138,0
ID48139,1
ID48140,0
ID48141,0
ID48142,0
ID48143,0
ID48144,0
ID48145,0
ID48146,0
ID48147,0
ID48148,0
ID48149,0
ID48150,0
ID48151,0
ID48152,0
ID48153,0
ID48154,0
ID48155,0
ID48156,1
ID48157,0
ID48158,0
ID48159,0
ID48160,0
ID48161,0
ID48162,0
ID48163,1
ID48164,0
ID48165,0
ID48166,0
ID48167,0
ID48168,0
ID48169,0
ID48170,0
ID48171,0
ID48172,0
ID48173,0
ID48174,0
ID48175,0
ID48176,0
ID48177,0
ID48178,0
ID48179,0
ID48180,1
ID48181,0
ID48182,0
ID48183,0
ID48184,0
ID48185,0
ID48186,0
ID48187,0
ID48188,0
ID48189,0
ID48190,0
ID48191,0
ID48192,0
ID48193,1
ID48194,0
ID48195,0
ID48196,0
ID48197,0
ID48198,0
ID48199,0
ID48200,0
ID48201,0
ID48202,1
ID48203,0
ID48204,0
ID48205,0
ID48206,0
ID48207,0
ID48208,1
ID48209,0
ID48210,0
ID48211,0
ID48212,0
ID48213,0
ID48214,0
ID48215,0
ID48216,0
ID48217,0
ID48218,1
ID48219,0
ID48220,0
ID48221,0
ID48222,0
ID48223,0
ID48224,0
ID48225,0
ID48226,0
ID48227,0
ID48228,0
ID48229,0
ID48230,0
ID48231,0
ID48232,0
ID48233,0
ID48234,0
ID48235,0
ID48236,0
ID48237,0
ID48238,0
ID48239,0
ID48240,0
ID48241,0
ID48242,0
ID48243,0
ID48244,0
ID48245,0
ID48246,0
ID48247,1
ID48248,1
ID48249,0
ID48250,0
ID48251,1
ID48252,0
ID48253,0
ID48254,0
ID48255,0
ID48256,1
ID48257,0
ID48258,0
ID48259,0
ID48260,0
ID48261,0
ID48262,1
ID48263,0
ID48264,0
ID48265,0
ID48266,0
ID48267,0
ID48268,0
ID48269,0
ID48270,0
ID48271,0
ID48272,1
ID48273,0
ID48274,0
ID48275,0
ID48276,0
ID48277,0
ID48278,0
ID48279,0
ID48280,0
ID48281,0
ID48282,0
ID48283,0
ID48284,0
ID48285,0
ID48286,0
ID48287,0
ID48288,0
ID48289,0
ID48290,0
ID48291,0
ID48292,0
ID48293,0
ID48294,0
ID48295,0
ID48296,0
ID48297,0
ID48298,0
ID48299,0
ID48300,0
ID48301,0
ID48302,0
ID48303,0
ID48304,0
ID48305,0
ID48306,0
ID48307,0
ID48308,0
ID48309,0
ID48310,0
ID48311,0
ID48312,0
ID48313,0
ID48314,0
ID48315,0
ID48316,0
ID48317,0
ID48318,1
ID48319,0
ID48320,0
ID48321,0
ID48322,0
ID48323,1
ID48324,0
ID48325,0
ID48326,0
ID48327,0
ID48328,0
ID48329,0
ID48330,0
ID48331,0
ID48332,0
ID48333,0
ID48334,0
ID48335,0
ID48336,0
ID48337,0
ID48338,0
ID48339,0
ID48340,0
ID48341,0
ID48342,0
ID48343,0
ID48344,0
ID48345,0
ID48346,0
ID48347,0
ID48348,0
ID48349,0
ID48350,0
ID48351,0
ID48352,0
ID48353,0
ID48354,0
ID48355,0
ID48356,0
ID48357,0
ID48358,0
ID48359,0
ID48360,0
ID48361,0
ID48362,0
ID48363,0
ID48364,0
ID48365,0
ID48366,1
ID48367,0
ID48368,0
ID48369,0
ID48370,1
ID48371,0
ID48372,0
ID48373,0
ID48374,0
ID48375,0
ID48376,0
ID48377,0
ID48378,0
ID48379,1
ID48380,0
ID48381,0
ID48382,0
ID48383,0
ID48384,1
ID48385,0
ID48386,0
ID48387,0
ID48388,0
ID48389,1
ID48390,0
ID48391,0
ID48392,0
ID48393,1
ID48394,0
ID48395,0
ID48396,0
ID48397,0
ID48398,0
ID48399,0
ID48400,0
ID48401,0
ID48402,0
ID48403,0
ID48404,0
ID48405,0
ID48406,0
ID48407,0
ID48408,0
ID48409,0
ID48410,0
ID48411,0
ID48412,0
ID48413,0
ID48414,0
ID48415,0
ID48416,0
ID48417,0
ID48418,0
ID48419,0
ID48420,0
ID48421,0
ID48422,1
ID48423,0
ID48424,0
ID48425,0
ID48426,0
ID48427,0
ID48428,0
ID48429,0
ID48430,0
ID48431,0
ID48432,0
ID48433,0
ID48434,0
ID48435,0
ID48436,0
ID48437,0
ID48438,0
ID48439,0
ID48440,0
ID48441,0
ID48442,0
ID48443,0
ID48444,0
ID48445,0
ID48446,0
ID48447,0
ID48448,0
ID48449,0
ID48450,0
ID48451,0
ID48452,1
ID48453,0
ID48454,0
ID48455,0
ID48456,0
ID48457,0
ID48458,0
ID48459,0
ID48460,0
ID48461,0
ID48462,0
ID48463,0
ID48464,1
ID48465,0
ID48466,0
ID48467,0
ID48468,0
ID48469,0
ID48470,0
ID48471,0
ID48472,0
ID48473,0
ID48474,0
ID48475,0
ID48476,0
ID48477,0
ID48478,0
ID48479,1
ID48480,0
ID48481,0
ID48482,0
ID48483,0
ID48484,0
ID48485,0
ID48486,0
ID48487,0
ID48488,0
ID48489,0
ID48490,0
ID48491,1
ID48492,0
ID48493,0
ID48494,0
ID48495,0
ID48496,0
ID48497,0
ID48498,0
ID48499,0
ID48500,0
ID48501,0
ID48502,0
ID48503,0
ID48504,0
ID48505,0
ID48506,0
ID48507,0
ID48508,0
ID48509,0
ID48510,0
ID48511,0
ID48512,0
ID48513,0
ID48514,0
ID48515,0
ID48516,0
ID48517,0
ID48518,0
ID48519,0
ID48520,1
ID48521,0
ID48522,0
ID48523,0
ID48524,0
ID48525,0
ID48526,0
ID48527,0
ID48528,0
ID48529,0
ID48530,0
ID48531,0
ID48532,0
ID48533,0
ID48534,0
ID48535,0
ID48536,0
ID48537,0
ID48538,0
ID48539,0
ID48540,0
ID48541,0
ID48542,0
ID48543,0
ID48544,0
ID48545,0
ID48546,0
ID48547,0
ID48548,0
ID48549,0
ID48550,0
ID48551,0
ID48552,1
ID48553,0
ID48554,0
ID48555,0
ID48556,0
ID48557,0
ID48558,0
ID48559,0
ID48560,0
ID48561,0
ID48562,0
ID48563,0
ID48564,0
ID48565,0
ID48566,0
ID48567,0
ID48568,0
ID48569,0
ID48570,0
ID48571,0
ID48572,0
ID48573,0
ID48574,0
ID48575,0
ID48576,0
ID48577,0
ID48578,1
ID48579,0
ID48580,0
ID48581,0
ID48582,0
ID48583,0
ID48584,0
ID48585,0
ID48586,0
ID48587,0
ID48588,0
ID48589,0
ID48590,0
ID48591,0
ID48592,0
ID48593,0
ID48594,0
ID48595,0
ID48596,0
ID48597,0
ID48598,0
ID48599,0
ID48600,0
ID48601,0
ID48602,0
ID48603,0
ID48604,0
ID48605,0
ID48606,0
ID48607,0
ID48608,0
ID48609,0
ID48610,0
ID48611,0
ID48612,0
ID48613,0
ID48614,0
ID48615,0
ID48616,0
ID48617,0
ID48618,0
ID48619,0
ID48620,0
ID48621,0
ID48622,1
ID48623,0
ID48624,0
ID48625,0
ID48626,0
ID48627,0
ID48628,0
ID48629,0
ID48630,0
ID48631,0
ID48632,0
ID48633,0
ID48634,0
ID48635,0
ID48636,0
ID48637,0
ID48638,0
ID48639,0
ID48640,0
ID48641,0
ID48642,1
ID48643,0
ID48644,0
ID48645,0
ID48646,0
ID48647,0
ID48648,0
ID48649,0
ID48650,0
ID48651,0
ID48652,0
ID48653,0
ID48654,0
ID48655,0
ID48656,0
ID48657,0
ID48658,0
ID48659,0
ID48660,0
ID48661,0
ID48662,0
ID48663,0
ID48664,0
ID48665,0
ID48666,0
ID48667,0
ID48668,0
ID48669,0
ID48670,0
ID48671,0
ID48672,0
ID48673,0
ID48674,0
ID48675,0
ID48676,0
ID48677,0
ID48678,0
ID48679,0
ID48680,0
ID48681,0
ID48682,0
ID48683,0
ID48684,0
ID48685,0
ID48686,0
ID48687,0
ID48688,0
ID48689,1
ID48690,0
ID48691,0
ID48692,0
ID48693,0
ID48694,0
ID48695,0
ID48696,0
ID48697,0
ID48698,0
ID48699,0
ID48700,0
ID48701,0
ID48702,0
ID48703,0
ID48704,0
ID48705,0
ID48706,0
ID48707,1
ID48708,0
ID48709,0
ID48710,0
ID48711,0
ID48712,0
ID48713,0
ID48714,0
ID48715,0
ID48716,0
ID48717,0
ID48718,0
ID48719,0
ID48720,0
ID48721,0
ID48722,0
ID48723,0
ID48724,0
ID48725,0
ID48726,1
ID48727,1
ID48728,0
ID48729,0
ID48730,0
ID48731,0
ID48732,0
ID48733,0
ID48734,0
ID48735,0
ID48736,0
ID48737,0
ID48738,0
ID48739,1
ID48740,0
ID48741,0
ID48742,0
ID48743,0
ID48744,0
ID48745,0
ID48746,0
ID48747,0
ID48748,0
ID48749,0
ID48750,0
ID48751,0
ID48752,0
ID48753,0
ID48754,0
ID48755,0
ID48756,0
ID48757,0
ID48758,0
ID48759,0
ID48760,0
ID48761,0
ID48762,0
ID48763,0
ID48764,0
ID48765,0
ID48766,0
ID48767,0
ID48768,0
ID48769,0
ID48770,0
ID48771,0
ID48772,0
ID48773,0
ID48774,0
ID48775,0
ID48776,0
ID48777,0
ID48778,0
ID48779,0
ID48780,0
ID48781,0
ID48782,1
ID48783,0
ID48784,0
ID48785,0
ID48786,1
ID48787,0
ID48788,0
ID48789,0
ID48790,0
ID48791,0
ID48792,0
ID48793,0
ID48794,0
ID48795,0
ID48796,0
ID48797,0
ID48798,0
ID48799,0
ID48800,0
ID48801,0
ID48802,1
ID48803,0
ID48804,0
ID48805,0
ID48806,0
ID48807,0
ID48808,0
ID48809,0
ID48810,0
ID48811,0
ID48812,0
ID48813,0
ID48814,0
ID48815,0
ID48816,0
ID48817,1
ID48818,0
ID48819,0
ID48820,0
ID48821,0
ID48822,0
ID48823,0
ID48824,0
ID48825,0
ID48826,0
ID48827,0
ID48828,0
ID48829,0
ID48830,0
ID48831,0
ID48832,0
ID48833,0
ID48834,1
ID48835,0
ID48836,0
ID48837,0
ID48838,0
ID48839,0
ID48840,0
ID48841,0
ID48842,0
ID48843,0
ID48844,0
ID48845,0
ID48846,0
ID48847,0
ID48848,0
ID48849,0
ID48850,0
ID48851,0
ID48852,0
ID48853,1
ID48854,0
ID48855,1
ID48856,0
ID48857,1
ID48858,0
ID48859,0
ID48860,0
ID48861,0
ID48862,0
ID48863,0
ID48864,0
ID48865,0
ID48866,0
ID48867,0
ID48868,0
ID48869,1
ID48870,0
ID48871,0
ID48872,0
ID48873,0
ID48874,0
ID48875,0
ID48876,0
ID48877,0
ID48878,0
ID48879,0
ID48880,0
ID48881,0
ID48882,0
ID48883,0
ID48884,0
ID48885,0
ID48886,0
ID48887,0
ID48888,0
ID48889,0
ID48890,0
ID48891,0
ID48892,0
ID48893,0
ID48894,0
ID48895,0
ID48896,0
ID48897,0
ID48898,0
ID48899,0
ID48900,0
ID48901,0
ID48902,1
ID48903,0
ID48904,0
ID48905,0
ID48906,0
ID48907,0
ID48908,0
ID48909,0
ID48910,0
ID48911,0
ID48912,0
ID48913,0
ID48914,0
ID48915,0
ID48916,0
ID48917,0
ID48918,0
ID48919,0
ID48920,1
ID48921,0
ID48922,1
ID48923,0
ID48924,1
ID48925,0
ID48926,0
ID48927,0
ID48928,0
ID48929,0
ID48930,0
ID48931,0
ID48932,0
ID48933,0
ID48934,0
ID48935,0
ID48936,0
ID48937,0
ID48938,0
ID48939,0
ID48940,0
ID48941,0
ID48942,0
ID48943,0
ID48944,1
ID48945,0
ID48946,0
ID48947,0
ID48948,0
ID48949,0
ID48950,0
ID48951,0
ID48952,0
ID48953,0
ID48954,0
ID48955,1
ID48956,0
ID48957,0
ID48958,0
ID48959,0
ID48960,0
ID48961,0
ID48962,0
ID48963,0
ID48964,0
ID48965,0
ID48966,0
ID48967,0
ID48968,0
ID48969,0
ID48970,0
ID48971,0
ID48972,0
ID48973,0
ID48974,0
ID48975,0
ID48976,0
ID48977,0
ID48978,0
ID48979,0
ID48980,0
ID48981,0
ID48982,0
ID48983,0
ID48984,0
ID48985,1
ID48986,0
ID48987,0
ID48988,1
ID48989,0
ID48990,0
ID48991,0
ID48992,0
ID48993,0
ID48994,0
ID48995,0
ID48996,0
ID48997,0
ID48998,0
ID48999,0
ID49000,0
ID49001,0
ID49002,0
ID49003,0
ID49004,1
ID49005,0
ID49006,0
ID49007,0
ID49008,0
ID49009,0
ID49010,1
ID49011,0
ID49012,0
ID49013,0
ID49014,0
ID49015,0
ID49016,1
ID49017,0
ID49018,0
ID49019,0
ID49020,0
ID49021,0
ID49022,0
ID49023,0
ID49024,0
ID49025,0
ID49026,0
ID49027,0
ID49028,0
ID49029,0
ID49030,0
ID49031,0
ID49032,0
ID49033,0
ID49034,0
ID49035,0
ID49036,0
ID49037,0
ID49038,0
ID49039,1
ID49040,0
ID49041,0
ID49042,1
ID49043,0
ID49044,0
ID49045,0
ID49046,0
ID49047,0
ID49048,0
ID49049,0
ID49050,0
ID49051,0
ID49052,0
ID49053,0
ID49054,0
ID49055,0
ID49056,0
ID49057,0
ID49058,0
ID49059,0
ID49060,0
ID49061,0
ID49062,0
ID49063,0
ID49064,0
ID49065,0
ID49066,0
ID49067,0
ID49068,0
ID49069,0
ID49070,0
ID49071,0
ID49072,0
ID49073,0
ID49074,0
ID49075,0
ID49076,1
ID49077,1
ID49078,0
ID49079,0
ID49080,1
ID49081,0
ID49082,0
ID49083,0
ID49084,0
ID49085,0
ID49086,0
ID49087,0
ID49088,0
ID49089,0
ID49090,0
ID49091,0
ID49092,0
ID49093,0
ID49094,0
ID49095,0
ID49096,0
ID49097,0
ID49098,0
ID49099,0
ID49100,0
ID49101,0
ID49102,1
ID49103,0
ID49104,0
ID49105,0
ID49106,0
ID49107,0
ID49108,0
ID49109,0
ID49110,0
ID49111,0
ID49112,0
ID49113,0
ID49114,0
ID49115,0
ID49116,0
ID49117,0
ID49118,0
ID49119,0
ID49120,1
ID49121,0
ID49122,0
ID49123,0
ID49124,0
ID49125,0
ID49126,0
ID49127,0
ID49128,0
ID49129,0
ID49130,0
ID49131,0
ID49132,0
ID49133,1
ID49134,0
ID49135,0
ID49136,0
ID49137,0
ID49138,0
ID49139,0
ID49140,1
ID49141,0
ID49142,0
ID49143,0
ID49144,0
ID49145,0
ID49146,0
ID49147,0
ID49148,0
ID49149,0
ID49150,0
ID49151,0
ID49152,0
ID49153,0
ID49154,0
ID49155,0
ID49156,0
ID49157,0
ID49158,0
ID49159,0
ID49160,0
ID49161,1
ID49162,0
ID49163,0
ID49164,0
ID49165,0
ID49166,0
ID49167,0
ID49168,1
ID49169,0
ID49170,0
ID49171,0
ID49172,0
ID49173,0
ID49174,0
ID49175,0
ID49176,0
ID49177,0
ID49178,0
ID49179,0
ID49180,0
ID49181,0
ID49182,0
ID49183,0
ID49184,0
ID49185,0
ID49186,0
ID49187,0
ID49188,0
ID49189,0
ID49190,0
ID49191,0
ID49192,0
ID49193,0
ID49194,0
ID49195,0
ID49196,0
ID49197,0
ID49198,0
ID49199,1
ID49200,0
ID49201,0
ID49202,0
ID49203,0
ID49204,0
ID49205,0
ID49206,0
ID49207,0
ID49208,0
ID49209,0
ID49210,0
ID49211,0
ID49212,0
ID49213,0
ID49214,0
ID49215,0
ID49216,0
ID49217,1
ID49218,0
ID49219,0
ID49220,0
ID49221,0
ID49222,0
ID49223,0
ID49224,0
ID49225,0
ID49226,1
ID49227,0
ID49228,0
ID49229,1
ID49230,0
ID49231,0
ID49232,0
ID49233,0
ID49234,0
ID49235,0
ID49236,0
ID49237,0
ID49238,1
ID49239,0
ID49240,0
ID49241,0
ID49242,0
ID49243,0
ID49244,0
ID49245,0
ID49246,0
ID49247,0
ID49248,0
ID49249,0
ID49250,0
ID49251,0
ID49252,0
ID49253,0
ID49254,0
ID49255,0
ID49256,0
ID49257,0
ID49258,0
ID49259,0
ID49260,0
ID49261,0
ID49262,1
ID49263,0
ID49264,0
ID49265,0
ID49266,0
ID49267,0
ID49268,0
ID49269,0
ID49270,0
ID49271,0
ID49272,0
ID49273,0
ID49274,0
ID49275,0
ID49276,0
ID49277,0
ID49278,0
ID49279,0
ID49280,0
ID49281,0
ID49282,0
ID49283,0
ID49284,0
ID49285,0
ID49286,0
ID49287,0
ID49288,0
ID49289,0
ID49290,0
ID49291,0
ID49292,0
ID49293,0
ID49294,0
ID49295,0
ID49296,0
ID49297,0
ID49298,0
ID49299,0
ID49300,0
ID49301,0
ID49302,0
ID49303,0
ID49304,0
ID49305,0
ID49306,0
ID49307,0
ID49308,0
ID49309,0
ID49310,0
ID49311,0
ID49312,0
ID49313,0
ID49314,0
ID49315,0
ID49316,0
ID49317,0
ID49318,0
ID49319,0
ID49320,0
ID49321,0
ID49322,0
ID49323,0
ID49324,0
ID49325,0
ID49326,1
ID49327,0
ID49328,0
ID49329,0
ID49330,0
ID49331,1
ID49332,0
ID49333,1
ID49334,0
ID49335,0
ID49336,0
ID49337,0
ID49338,0
ID49339,0
ID49340,0
ID49341,0
ID49342,0
ID49343,0
ID49344,0
ID49345,0
ID49346,0
ID49347,0
ID49348,0
ID49349,0
ID49350,0
ID49351,0
ID49352,0
ID49353,0
ID49354,0
ID49355,0
ID49356,1
ID49357,0
ID49358,0
ID49359,1
ID49360,0
ID49361,0
ID49362,0
ID49363,0
ID49364,0
ID49365,0
ID49366,0
ID49367,0
ID49368,0
ID49369,0
ID49370,0
ID49371,0
ID49372,0
ID49373,1
ID49374,0
ID49375,0
ID49376,0
ID49377,0
ID49378,0
ID49379,0
ID49380,0
ID49381,0
ID49382,0
ID49383,1
ID49384,0
ID49385,0
ID49386,0
ID49387,1
ID49388,0
ID49389,0
ID49390,0
ID49391,0
ID49392,0
ID49393,0
ID49394,0
ID49395,0
ID49396,0
ID49397,0
ID49398,0
ID49399,0
ID49400,0
ID49401,0
ID49402,0
ID49403,0
ID49404,0
ID49405,0
ID49406,0
ID49407,0
ID49408,0
ID49409,0
ID49410,1
ID49411,0
ID49412,0
ID49413,0
ID49414,0
ID49415,0
ID49416,0
ID49417,0
ID49418,0
ID49419,0
ID49420,0
ID49421,0
ID49422,0
ID49423,1
ID49424,0
ID49425,0
ID49426,0
ID49427,1
ID49428,0
ID49429,0
ID49430,0
ID49431,0
ID49432,0
ID49433,0
ID49434,0
ID49435,1
ID49436,0
ID49437,0
ID49438,0
ID49439,0
ID49440,0
ID49441,0
ID49442,0
ID49443,0
ID49444,0
ID49445,0
ID49446,1
ID49447,0
ID49448,0
ID49449,0
ID49450,0
ID49451,0
ID49452,0
ID49453,0
ID49454,0
ID49455,0
ID49456,0
ID49457,0
ID49458,0
ID49459,0
ID49460,0
ID49461,0
ID49462,1
ID49463,0
ID49464,0
ID49465,0
ID49466,0
ID49467,0
ID49468,1
ID49469,0
ID49470,0
ID49471,0
ID49472,0
ID49473,0
ID49474,0
ID49475,0
ID49476,0
ID49477,0
ID49478,0
ID49479,0
ID49480,0
ID49481,0
ID49482,0
ID49483,0
ID49484,0
ID49485,0
ID49486,0
ID49487,1
ID49488,0
ID49489,0
ID49490,0
ID49491,0
ID49492,0
ID49493,0
ID49494,0
ID49495,0
ID49496,0
ID49497,0
ID49498,0
ID49499,0
ID49500,0
ID49501,0
ID49502,0
ID49503,0
ID49504,0
ID49505,0
ID49506,0
ID49507,0
ID49508,0
ID49509,0
ID49510,0
ID49511,0
ID49512,0
ID49513,0
ID49514,0
ID49515,0
ID49516,1
ID49517,1
ID49518,0
ID49519,0
ID49520,0
ID49521,0
ID49522,0
ID49523,0
ID49524,1
ID49525,0
ID49526,0
ID49527,0
ID49528,0
ID49529,0
ID49530,0
ID49531,0
ID49532,0
ID49533,0
ID49534,0
ID49535,0
ID49536,1
ID49537,0
ID49538,0
ID49539,0
ID49540,0
ID49541,0
ID49542,0
ID49543,0
ID49544,0
ID49545,0
ID49546,0
ID49547,0
ID49548,0
ID49549,0
ID49550,0
ID49551,0
ID49552,0
ID49553,0
ID49554,0
ID49555,0
ID49556,0
ID49557,0
ID49558,1
ID49559,1
ID49560,0
ID49561,0
ID49562,0
ID49563,0
ID49564,0
ID49565,0
ID49566,0
ID49567,0
ID49568,0
ID49569,0
ID49570,0
ID49571,0
ID49572,0
ID49573,0
ID49574,0
ID49575,0
ID49576,0
ID49577,0
ID49578,0
ID49579,0
ID49580,0
ID49581,0
ID49582,0
ID49583,0
ID49584,0
ID49585,0
ID49586,0
ID49587,0
ID49588,0
ID49589,0
ID49590,0
ID49591,0
ID49592,0
ID49593,0
ID49594,0
ID49595,0
ID49596,0
ID49597,0
ID49598,0
ID49599,0
ID49600,0
ID49601,1
ID49602,0
ID49603,0
ID49604,0
ID49605,0
ID49606,0
ID49607,0
ID49608,1
ID49609,0
ID49610,0
ID49611,0
ID49612,0
ID49613,0
ID49614,0
ID49615,0
ID49616,0
ID49617,0
ID49618,1
ID49619,0
ID49620,0
ID49621,0
ID49622,0
ID49623,0
ID49624,0
ID49625,1
ID49626,0
ID49627,0
ID49628,0
ID49629,0
ID49630,0
ID49631,0
ID49632,1
ID49633,1
ID49634,0
ID49635,0
ID49636,0
ID49637,0
ID49638,1
ID49639,0
ID49640,0
ID49641,0
ID49642,0
ID49643,0
ID49644,0
ID49645,0
ID49646,0
ID49647,0
ID49648,0
ID49649,0
ID49650,0
ID49651,0
ID49652,0
ID49653,0
ID49654,0
ID49655,0
ID49656,0
ID49657,1
ID49658,0
ID49659,0
ID49660,0
ID49661,0
ID49662,0
ID49663,0
ID49664,0
ID49665,0
ID49666,0
ID49667,0
ID49668,0
ID49669,0
ID49670,0
ID49671,0
ID49672,0
ID49673,0
ID49674,1
ID49675,0
ID49676,0
ID49677,0
ID49678,0
ID49679,0
ID49680,0
ID49681,0
ID49682,1
ID49683,0
ID49684,0
ID49685,0
ID49686,0
ID49687,0
ID49688,0
ID49689,0
ID49690,0
ID49691,0
ID49692,0
ID49693,0
ID49694,0
ID49695,0
ID49696,0
ID49697,0
ID49698,0
ID49699,0
ID49700,0
ID49701,0
ID49702,0
ID49703,0
ID49704,0
ID49705,0
ID49706,0
ID49707,0
ID49708,0
ID49709,1
ID49710,0
ID49711,0
ID49712,0
ID49713,0
ID49714,0
ID49715,0
ID49716,0
ID49717,1
ID49718,0
ID49719,0
ID49720,0
ID49721,1
ID49722,0
ID49723,0
ID49724,0
ID49725,0
ID49726,0
ID49727,0
ID49728,0
ID49729,0
ID49730,0
ID49731,0
ID49732,1
ID49733,0
ID49734,0
ID49735,0
ID49736,0
ID49737,0
ID49738,0
ID49739,0
ID49740,0
ID49741,0
ID49742,0
ID49743,0
ID49744,0
ID49745,0
ID49746,0
ID49747,0
ID49748,0
ID49749,0
ID49750,0
ID49751,0
ID49752,0
ID49753,0
ID49754,0
ID49755,0
ID49756,0
ID49757,0
ID49758,0
ID49759,0
ID49760,0
ID49761,0
ID49762,0
ID49763,0
ID49764,0
ID49765,0
ID49766,0
ID49767,0
ID49768,0
ID49769,0
ID49770,0
ID49771,0
ID49772,0
ID49773,0
ID49774,0
ID49775,0
ID49776,1
ID49777,0
ID49778,0
ID49779,0
ID49780,0
ID49781,0
ID49782,0
ID49783,0
ID49784,0
ID49785,0
ID49786,0
ID49787,0
ID49788,0
ID49789,0
ID49790,0
ID49791,0
ID49792,0
ID49793,0
ID49794,0
ID49795,1
ID49796,0
ID49797,0
ID49798,0
ID49799,0
ID49800,0
ID49801,0
ID49802,0
ID49803,0
ID49804,0
ID49805,1
ID49806,0
ID49807,0
ID49808,0
ID49809,0
ID49810,0
ID49811,0
ID49812,0
ID49813,0
ID49814,0
ID49815,0
ID49816,1
ID49817,0
ID49818,0
ID49819,0
ID49820,0
ID49821,0
ID49822,0
ID49823,0
ID49824,0
ID49825,0
ID49826,0
ID49827,0
ID49828,0
ID49829,0
ID49830,1
ID49831,0
ID49832,0
ID49833,0
ID49834,0
ID49835,0
ID49836,0
ID49837,1
ID49838,0
ID49839,0
ID49840,0
ID49841,1
ID49842,0
ID49843,0
ID49844,0
ID49845,0
ID49846,0
ID49847,1
ID49848,0
ID49849,0
ID49850,0
ID49851,0
ID49852,0
ID49853,0
ID49854,0
ID49855,0
ID49856,0
ID49857,0
ID49858,0
ID49859,0
ID49860,0
ID49861,0
ID49862,0
ID49863,0
ID49864,0
ID49865,0
ID49866,0
ID49867,0
ID49868,0
ID49869,0
ID49870,0
ID49871,0
ID49872,0
ID49873,0
ID49874,0
ID49875,0
ID49876,0
ID49877,0
ID49878,0
ID49879,0
ID49880,1
ID49881,0
ID49882,0
ID49883,0
ID49884,0
ID49885,0
ID49886,0
ID49887,0
ID49888,0
ID49889,0
ID49890,0
ID49891,0
ID49892,0
ID49893,0
ID49894,0
ID49895,0
ID49896,1
ID49897,0
ID49898,0
ID49899,0
ID49900,0
ID49901,0
ID49902,0
ID49903,0
ID49904,0
ID49905,0
ID49906,0
ID49907,0
ID49908,0
ID49909,0
ID49910,0
ID49911,0
ID49912,0
ID49913,0
ID49914,0
ID49915,0
ID49916,0
ID49917,0
ID49918,0
ID49919,0
ID49920,0
ID49921,0
ID49922,0
ID49923,0
ID49924,0
ID49925,0
ID49926,0
ID49927,0
ID49928,0
ID49929,0
ID49930,0
ID49931,0
ID49932,0
ID49933,1
ID49934,0
ID49935,0
ID49936,0
ID49937,0
ID49938,0
ID49939,0
ID49940,0
ID49941,0
ID49942,0
ID49943,0
ID49944,0
ID49945,0
ID49946,0
ID49947,0
ID49948,0
ID49949,0
ID49950,0
ID49951,0
ID49952,0
ID49953,1
ID49954,0
ID49955,0
ID49956,0
ID49957,0
ID49958,0
ID49959,0
ID49960,0
ID49961,0
ID49962,0
ID49963,1
ID49964,0
ID49965,0
ID49966,0
ID49967,0
ID49968,0
ID49969,0
ID49970,0
ID49971,0
ID49972,0
ID49973,0
ID49974,0
ID49975,1
ID49976,0
ID49977,0
ID49978,0
ID49979,0
ID49980,0
ID49981,0
ID49982,0
ID49983,0
ID49984,0
ID49985,1
ID49986,0
ID49987,0
ID49988,0
ID49989,0
ID49990,0
ID49991,0
ID49992,0
ID49993,0
ID49994,0
ID49995,0
ID49996,0
ID49997,0
ID49998,0
ID49999,0
ID50000,0
ID50001,0
ID50002,0
ID50003,0
ID50004,0
ID50005,0
ID50006,0
ID50007,0
ID50008,0
ID50009,1
ID50010,0
ID50011,0
ID50012,0
ID50013,1
ID50014,0
ID50015,0
ID50016,0
ID50017,0
ID50018,0
ID50019,0
ID50020,0
ID50021,0
ID50022,0
ID50023,0
ID50024,0
ID50025,0
ID50026,0
ID50027,0
ID50028,0
ID50029,0
ID50030,0
ID50031,1
ID50032,1
ID50033,0
ID50034,0
ID50035,0
ID50036,0
ID50037,0
ID50038,0
ID50039,0
ID50040,0
ID50041,0
ID50042,0
ID50043,0
ID50044,0
ID50045,0
ID50046,0
ID50047,0
ID50048,0
ID50049,0
ID50050,0
ID50051,0
ID50052,1
ID50053,0
ID50054,0
ID50055,0
ID50056,0
ID50057,0
ID50058,0
ID50059,0
ID50060,0
ID50061,0
ID50062,0
ID50063,0
ID50064,0
ID50065,0
ID50066,0
ID50067,0
ID50068,0
ID50069,0
ID50070,0
ID50071,0
ID50072,0
ID50073,0
ID50074,0
ID50075,0
ID50076,0
ID50077,0
ID50078,0
ID50079,0
ID50080,0
ID50081,0
ID50082,0
ID50083,0
ID50084,0
ID50085,0
ID50086,0
ID50087,0
ID50088,0
ID50089,0
ID50090,0
ID50091,0
ID50092,0
ID50093,0
ID50094,0
ID50095,0
ID50096,0
ID50097,0
ID50098,0
ID50099,0
ID50100,0
ID50101,0
ID50102,0
ID50103,1
ID50104,0
ID50105,0
ID50106,0
ID50107,0
ID50108,0
ID50109,0
ID50110,1
ID50111,0
ID50112,0
ID50113,0
ID50114,0
ID50115,0
ID50116,0
ID50117,1
ID50118,0
ID50119,0
ID50120,0
ID50121,0
ID50122,0
ID50123,0
ID50124,0
ID50125,0
ID50126,0
ID50127,0
ID50128,0
ID50129,0
ID50130,0
ID50131,0
ID50132,0
ID50133,0
ID50134,0
ID50135,0
ID50136,0
ID50137,0
ID50138,0
ID50139,0
ID50140,0
ID50141,1
ID50142,1
ID50143,0
ID50144,0
ID50145,0
ID50146,0
ID50147,0
ID50148,1
ID50149,0
ID50150,0
ID50151,0
ID50152,0
ID50153,0
ID50154,0
ID50155,0
ID50156,0
ID50157,0
ID50158,0
ID50159,0
ID50160,0
ID50161,0
ID50162,0
ID50163,0
ID50164,0
ID50165,0
ID50166,0
ID50167,0
ID50168,0
ID50169,0
ID50170,0
ID50171,0
ID50172,0
ID50173,1
ID50174,0
ID50175,0
ID50176,0
ID50177,0
ID50178,0
ID50179,0
ID50180,0
ID50181,0
ID50182,1
ID50183,0
ID50184,0
ID50185,0
ID50186,0
ID50187,0
ID50188,0
ID50189,0
ID50190,0
ID50191,0
ID50192,0
ID50193,0
ID50194,0
ID50195,0
ID50196,0
ID50197,0
ID50198,0
ID50199,0
ID50200,0
ID50201,0
ID50202,0
ID50203,0
ID50204,0
ID50205,0
ID50206,0
ID50207,0
ID50208,0
ID50209,0
ID50210,0
ID50211,0
ID50212,0
ID50213,0
ID50214,0
ID50215,0
ID50216,0
ID50217,0
ID50218,0
ID50219,0
ID50220,0
ID50221,0
ID50222,0
ID50223,0
ID50224,0
ID50225,0
ID50226,1
ID50227,0
ID50228,0
ID50229,0
ID50230,0
ID50231,0
ID50232,0
ID50233,0
ID50234,0
ID50235,0
ID50236,0
ID50237,0
ID50238,0
ID50239,0
ID50240,0
ID50241,0
ID50242,0
ID50243,0
ID50244,0
ID50245,1
ID50246,1
ID50247,0
ID50248,0
ID50249,0
ID50250,0
ID50251,0
ID50252,0
ID50253,0
ID50254,0
ID50255,0
ID50256,0
ID50257,0
ID50258,0
ID50259,0
ID50260,0
ID50261,0
ID50262,0
ID50263,0
ID50264,0
ID50265,0
ID50266,0
ID50267,0
ID50268,0
ID50269,0
ID50270,0
ID50271,0
ID50272,0
ID50273,0
ID50274,0
ID50275,0
ID50276,0
ID50277,1
ID50278,0
ID50279,0
ID50280,1
ID50281,0
ID50282,0
ID50283,0
ID50284,0
ID50285,0
ID50286,0
ID50287,0
ID50288,0
ID50289,0
ID50290,0
ID50291,0
ID50292,0
ID50293,0
ID50294,0
ID50295,0
ID50296,0
ID50297,0
ID50298,0
ID50299,0
ID50300,0
ID50301,0
ID50302,0
ID50303,0
ID50304,0
ID50305,0
ID50306,0
ID50307,0
ID50308,0
ID50309,0
ID50310,0
ID50311,0
ID50312,0
ID50313,0
ID50314,0
ID50315,0
ID50316,0
ID50317,0
ID50318,0
ID50319,0
ID50320,0
ID50321,0
ID50322,0
ID50323,0
ID50324,0
ID50325,0
ID50326,0
ID50327,0
ID50328,0
ID50329,0
ID50330,0
ID50331,0
ID50332,0
ID50333,0
ID50334,0
ID50335,0
ID50336,0
ID50337,0
ID50338,0
ID50339,0
ID50340,0
ID50341,0
ID50342,0
ID50343,0
ID50344,0
ID50345,0
ID50346,0
ID50347,0
ID50348,0
ID50349,0
ID50350,0
ID50351,0
ID50352,0
ID50353,0
ID50354,0
ID50355,0
ID50356,0
ID50357,0
ID50358,0
ID50359,0
ID50360,0
ID50361,0
ID50362,0
ID50363,0
ID50364,0
ID50365,0
ID50366,1
ID50367,0
ID50368,0
ID50369,0
ID50370,0
ID50371,0
ID50372,0
ID50373,0
ID50374,0
ID50375,1
ID50376,0
ID50377,0
ID50378,0
ID50379,0
ID50380,1
ID50381,0
ID50382,0
ID50383,0
ID50384,0
ID50385,1
ID50386,0
ID50387,0
ID50388,0
ID50389,0
ID50390,0
ID50391,0
ID50392,0
ID50393,0
ID50394,0
ID50395,0
ID50396,1
ID50397,0
ID50398,0
ID50399,0
ID50400,0
ID50401,0
ID50402,0
ID50403,0
ID50404,1
ID50405,0
ID50406,1
ID50407,1
ID50408,0
ID50409,0
ID50410,0
ID50411,0
ID50412,0
ID50413,0
ID50414,0
ID50415,0
ID50416,0
ID50417,0
ID50418,0
ID50419,0
ID50420,0
ID50421,0
ID50422,0
ID50423,0
ID50424,0
ID50425,0
ID50426,0
ID50427,0
ID50428,0
ID50429,0
ID50430,1
ID50431,0
ID50432,0
ID50433,0
ID50434,0
ID50435,0
ID50436,0
ID50437,0
ID50438,0
ID50439,0
ID50440,0
ID50441,0
ID50442,0
ID50443,0
ID50444,1
ID50445,0
ID50446,0
ID50447,0
ID50448,0
ID50449,0
ID50450,0
ID50451,0
ID50452,0
ID50453,1
ID50454,0
ID50455,0
ID50456,0
ID50457,0
ID50458,0
ID50459,0
ID50460,0
ID50461,0
ID50462,0
ID50463,0
ID50464,0
ID50465,0
ID50466,0
ID50467,0
ID50468,0
ID50469,0
ID50470,0
ID50471,0
ID50472,0
ID50473,0
ID50474,0
ID50475,0
ID50476,1
ID50477,0
ID50478,1
ID50479,0
ID50480,0
ID50481,0
ID50482,0
ID50483,1
ID50484,0
ID50485,0
ID50486,0
ID50487,0
ID50488,0
ID50489,0
ID50490,0
ID50491,0
ID50492,0
ID50493,0
ID50494,0
ID50495,0
ID50496,0
ID50497,0
ID50498,0
ID50499,1
ID50500,0
ID50501,0
ID50502,0
ID50503,0
ID50504,0
ID50505,0
ID50506,0
ID50507,0
ID50508,0
ID50509,0
ID50510,0
ID50511,1
ID50512,0
ID50513,0
ID50514,0
ID50515,0
ID50516,0
ID50517,0
ID50518,0
ID50519,0
ID50520,0
ID50521,0
ID50522,0
ID50523,0
ID50524,0
ID50525,0
ID50526,0
ID50527,0
ID50528,0
ID50529,0
ID50530,0
ID50531,0
ID50532,0
ID50533,0
ID50534,0
ID50535,0
ID50536,0
ID50537,0
ID50538,0
ID50539,0
ID50540,1
ID50541,1
ID50542,0
ID50543,0
ID50544,0
ID50545,0
ID50546,0
ID50547,0
ID50548,0
ID50549,0
ID50550,0
ID50551,0
ID50552,0
ID50553,0
ID50554,0
ID50555,0
ID50556,0
ID50557,0
ID50558,0
ID50559,0
ID50560,0
ID50561,0
ID50562,0
ID50563,0
ID50564,0
ID50565,0
ID50566,0
ID50567,0
ID50568,0
ID50569,0
ID50570,0
ID50571,0
ID50572,0
ID50573,0
ID50574,0
ID50575,0
ID50576,0
ID50577,0
ID50578,0
ID50579,0
ID50580,0
ID50581,0
ID50582,0
ID50583,0
ID50584,0
ID50585,0
ID50586,0
ID50587,0
ID50588,0
ID50589,0
ID50590,0
ID50591,0
ID50592,0
ID50593,0
ID50594,1
ID50595,0
ID50596,0
ID50597,0
ID50598,0
ID50599,0
ID50600,0
ID50601,0
ID50602,0
ID50603,0
ID50604,0
ID50605,0
ID50606,0
ID50607,0
ID50608,0
ID50609,1
ID50610,0
ID50611,0
ID50612,0
ID50613,0
ID50614,0
ID50615,0
ID50616,0
ID50617,0
ID50618,0
ID50619,0
ID50620,0
ID50621,1
ID50622,0
ID50623,0
ID50624,0
ID50625,0
ID50626,0
ID50627,0
ID50628,0
ID50629,0
ID50630,0
ID50631,0
ID50632,0
ID50633,0
ID50634,0
ID50635,0
ID50636,0
ID50637,0
ID50638,0
ID50639,0
ID50640,0
ID50641,0
ID50642,0
ID50643,0
ID50644,0
ID50645,0
ID50646,0
ID50647,0
ID50648,0
ID50649,0
ID50650,0
ID50651,0
ID50652,0
ID50653,0
ID50654,0
ID50655,0
ID50656,0
ID50657,0
ID50658,0
ID50659,0
ID50660,0
ID50661,0
ID50662,0
ID50663,0
ID50664,0
ID50665,1
ID50666,0
ID50667,0
ID50668,0
ID50669,0
ID50670,0
ID50671,0
ID50672,0
ID50673,0
ID50674,0
ID50675,0
ID50676,0
ID50677,0
ID50678,0
ID50679,0
ID50680,0
ID50681,0
ID50682,0
ID50683,0
ID50684,0
ID50685,0
ID50686,0
ID50687,0
ID50688,0
ID50689,0
ID50690,0
ID50691,0
ID50692,0
ID50693,0
ID50694,1
ID50695,0
ID50696,0
ID50697,0
ID50698,0
ID50699,0
ID50700,0
ID50701,0
ID50702,0
ID50703,1
ID50704,0
ID50705,0
ID50706,0
ID50707,0
ID50708,0
ID50709,0
ID50710,0
ID50711,0
ID50712,0
ID50713,0
ID50714,0
ID50715,0
ID50716,0
ID50717,0
ID50718,0
ID50719,0
ID50720,0
ID50721,1
ID50722,0
ID50723,0
ID50724,0
ID50725,0
ID50726,0
ID50727,0
ID50728,0
ID50729,0
ID50730,0
ID50731,0
ID50732,0
ID50733,0
ID50734,0
ID50735,0
ID50736,0
ID50737,0
ID50738,0
ID50739,0
ID50740,0
ID50741,0
ID50742,0
ID50743,0
ID50744,0
ID50745,0
ID50746,0
ID50747,0
ID50748,0
ID50749,0
ID50750,0
ID50751,0
ID50752,0
ID50753,0
ID50754,0
ID50755,0
ID50756,0
ID50757,0
ID50758,0
ID50759,0
ID50760,0
ID50761,0
ID50762,0
ID50763,0
ID50764,0
ID50765,1
ID50766,0
ID50767,0
ID50768,0
ID50769,0
ID50770,0
ID50771,0
ID50772,0
ID50773,0
ID50774,0
ID50775,0
ID50776,0
ID50777,0
ID50778,0
ID50779,0
ID50780,0
ID50781,0
ID50782,0
ID50783,1
ID50784,0
ID50785,0
ID50786,0
ID50787,0
ID50788,0
ID50789,0
ID50790,0
ID50791,0
ID50792,0
ID50793,0
ID50794,0
ID50795,0
ID50796,0
ID50797,0
ID50798,0
ID50799,0
ID50800,0
ID50801,0
ID50802,0
ID50803,0
ID50804,0
ID50805,0
ID50806,1
ID50807,0
ID50808,0
ID50809,0
ID50810,0
ID50811,0
ID50812,0
ID50813,0
ID50814,0
ID50815,0
ID50816,0
ID50817,0
ID50818,0
ID50819,0
ID50820,0
ID50821,0
ID50822,0
ID50823,0
ID50824,0
ID50825,0
ID50826,0
ID50827,0
ID50828,0
ID50829,0
ID50830,0
ID50831,0
ID50832,0
ID50833,0
ID50834,0
ID50835,0
ID50836,0
ID50837,0
ID50838,0
ID50839,0
ID50840,0
ID50841,0
ID50842,0
ID50843,1
ID50844,0
ID50845,0
ID50846,0
ID50847,0
ID50848,0
ID50849,0
ID50850,0
ID50851,0
ID50852,0
ID50853,0
ID50854,0
ID50855,0
ID50856,0
ID50857,0
ID50858,0
ID50859,0
ID50860,0
ID50861,0
ID50862,0
ID50863,0
ID50864,0
ID50865,0
ID50866,0
ID50867,0
ID50868,1
ID50869,0
ID50870,0
ID50871,0
ID50872,0
ID50873,0
ID50874,0
ID50875,0
ID50876,0
ID50877,0
ID50878,0
ID50879,0
ID50880,0
ID50881,0
ID50882,0
ID50883,0
ID50884,0
ID50885,0
ID50886,1
ID50887,0
ID50888,0
ID50889,0
ID50890,0
ID50891,0
ID50892,0
ID50893,0
ID50894,0
ID50895,0
ID50896,0
ID50897,0
ID50898,0
ID50899,0
ID50900,0
ID50901,0
ID50902,0
ID50903,0
ID50904,0
ID50905,0
ID50906,0
ID50907,0
ID50908,0
ID50909,0
ID50910,0
ID50911,0
ID50912,0
ID50913,0
ID50914,0
ID50915,0
ID50916,0
ID50917,0
ID50918,0
ID50919,0
ID50920,0
ID50921,0
ID50922,0
ID50923,0
ID50924,0
ID50925,0
ID50926,0
ID50927,1
ID50928,0
ID50929,0
ID50930,0
ID50931,0
ID50932,0
ID50933,0
ID50934,0
ID50935,0
ID50936,0
ID50937,1
ID50938,0
ID50939,0
ID50940,0
ID50941,0
ID50942,0
ID50943,1
ID50944,0
ID50945,0
ID50946,0
ID50947,0
ID50948,0
ID50949,0
ID50950,0
ID50951,0
ID50952,0
ID50953,0
ID50954,0
ID50955,0
ID50956,0
ID50957,0
ID50958,0
ID50959,1
ID50960,0
ID50961,0
ID50962,0
ID50963,0
ID50964,0
ID50965,0
ID50966,0
ID50967,1
ID50968,0
ID50969,0
ID50970,0
ID50971,0
ID50972,0
ID50973,0
ID50974,0
ID50975,0
ID50976,0
ID50977,0
ID50978,1
ID50979,1
ID50980,0
ID50981,0
ID50982,0
ID50983,0
ID50984,0
ID50985,0
ID50986,0
ID50987,0
ID50988,0
ID50989,0
ID50990,0
ID50991,0
ID50992,0
ID50993,0
ID50994,0
ID50995,0
ID50996,0
ID50997,0
ID50998,0
ID50999,0
ID51000,0
ID51001,0
ID51002,0
ID51003,0
ID51004,0
ID51005,0
ID51006,0
ID51007,0
ID51008,0
ID51009,0
ID51010,0
ID51011,0
ID51012,0
ID51013,0
ID51014,1
ID51015,0
ID51016,0
ID51017,0
ID51018,0
ID51019,0
ID51020,0
ID51021,0
ID51022,0
ID51023,0
ID51024,0
ID51025,0
ID51026,0
ID51027,1
ID51028,0
ID51029,0
ID51030,0
ID51031,0
ID51032,0
ID51033,0
ID51034,0
ID51035,0
ID51036,0
ID51037,0
ID51038,0
ID51039,1
ID51040,0
ID51041,0
ID51042,0
ID51043,0
ID51044,0
ID51045,0
ID51046,0
ID51047,0
ID51048,0
ID51049,0
ID51050,0
ID51051,0
ID51052,1
ID51053,0
ID51054,0
ID51055,0
ID51056,1
ID51057,0
ID51058,0
ID51059,0
ID51060,1
ID51061,0
ID51062,0
ID51063,0
ID51064,0
ID51065,0
ID51066,0
ID51067,0
ID51068,0
ID51069,0
ID51070,0
ID51071,0
ID51072,0
ID51073,0
ID51074,0
ID51075,0
ID51076,0
ID51077,0
ID51078,0
ID51079,0
ID51080,1
ID51081,0
ID51082,0
ID51083,0
ID51084,0
ID51085,0
ID51086,0
ID51087,0
ID51088,0
ID51089,0
ID51090,0
ID51091,0
ID51092,0
ID51093,0
ID51094,0
ID51095,0
ID51096,0
ID51097,0
ID51098,0
ID51099,0
ID51100,0
ID51101,0
ID51102,0
ID51103,0
ID51104,0
ID51105,0
ID51106,1
ID51107,0
ID51108,0
ID51109,0
ID51110,0
ID51111,0
ID51112,0
ID51113,0
ID51114,0
ID51115,0
ID51116,0
ID51117,1
ID51118,0
ID51119,0
ID51120,0
ID51121,0
ID51122,0
ID51123,0
ID51124,0
ID51125,0
ID51126,1
ID51127,0
ID51128,0
ID51129,0
ID51130,0
ID51131,0
ID51132,0
ID51133,0
ID51134,0
ID51135,0
ID51136,0
ID51137,0
ID51138,0
ID51139,0
ID51140,0
ID51141,0
ID51142,0
ID51143,0
ID51144,0
ID51145,0
ID51146,0
ID51147,0
ID51148,0
ID51149,0
ID51150,0
ID51151,0
ID51152,0
ID51153,0
ID51154,0
ID51155,0
ID51156,1
ID51157,0
ID51158,0
ID51159,1
ID51160,0
ID51161,0
ID51162,0
ID51163,0
ID51164,0
ID51165,1
ID51166,0
ID51167,0
ID51168,0
ID51169,0
ID51170,0
ID51171,0
ID51172,0
ID51173,0
ID51174,0
ID51175,0
ID51176,0
ID51177,0
ID51178,0
ID51179,0
ID51180,0
ID51181,0
ID51182,0
ID51183,1
ID51184,0
ID51185,0
ID51186,0
ID51187,0
ID51188,0
ID51189,0
ID51190,0
ID51191,0
ID51192,0
ID51193,0
ID51194,0
ID51195,0
ID51196,0
ID51197,0
ID51198,0
ID51199,0
ID51200,0
ID51201,0
ID51202,0
ID51203,0
ID51204,1
ID51205,0
ID51206,0
ID51207,0
ID51208,0
ID51209,0
ID51210,0
ID51211,0
ID51212,0
ID51213,0
ID51214,0
ID51215,0
ID51216,0
ID51217,0
ID51218,0
ID51219,0
ID51220,0
ID51221,0
ID51222,0
ID51223,0
ID51224,0
ID51225,0
ID51226,0
ID51227,0
ID51228,0
ID51229,0
ID51230,0
ID51231,0
ID51232,0
ID51233,0
ID51234,0
ID51235,0
ID51236,0
ID51237,0
ID51238,0
ID51239,0
ID51240,0
ID51241,0
ID51242,0
ID51243,0
ID51244,0
ID51245,0
ID51246,0
ID51247,0
ID51248,0
ID51249,0
ID51250,0
ID51251,0
ID51252,0
ID51253,0
ID51254,0
ID51255,1
ID51256,0
ID51257,0
ID51258,1
ID51259,1
ID51260,0
ID51261,0
ID51262,0
ID51263,0
ID51264,0
ID51265,0
ID51266,0
ID51267,0
ID51268,0
ID51269,0
ID51270,0
ID51271,0
ID51272,1
ID51273,0
ID51274,0
ID51275,0
ID51276,0
ID51277,0
ID51278,0
ID51279,0
ID51280,0
ID51281,0
ID51282,0
ID51283,0
ID51284,0
ID51285,0
ID51286,0
ID51287,0
ID51288,0
ID51289,0
ID51290,0
ID51291,0
ID51292,0
ID51293,0
ID51294,0
ID51295,0
ID51296,0
ID51297,0
ID51298,0
ID51299,0
ID51300,0
ID51301,0
ID51302,0
ID51303,1
ID51304,0
ID51305,0
ID51306,0
ID51307,0
ID51308,0
ID51309,0
ID51310,0
ID51311,0
ID51312,0
ID51313,0
ID51314,0
ID51315,0
ID51316,0
ID51317,0
ID51318,0
ID51319,0
ID51320,0
ID51321,0
ID51322,0
ID51323,1
ID51324,0
ID51325,0
ID51326,0
ID51327,1
ID51328,0
ID51329,0
ID51330,0
ID51331,0
ID51332,0
ID51333,0
ID51334,0
ID51335,0
ID51336,0
ID51337,0
ID51338,0
ID51339,0
ID51340,0
ID51341,0
ID51342,0
ID51343,1
ID51344,0
ID51345,0
ID51346,0
ID51347,0
ID51348,0
ID51349,0
ID51350,0
ID51351,1
ID51352,1
ID51353,0
ID51354,0
ID51355,0
ID51356,0
ID51357,0
ID51358,0
ID51359,0
ID51360,0
ID51361,0
ID51362,0
ID51363,0
ID51364,0
ID51365,0
ID51366,0
ID51367,0
ID51368,0
ID51369,0
ID51370,0
ID51371,0
ID51372,0
ID51373,0
ID51374,0
ID51375,0
ID51376,0
ID51377,0
ID51378,0
ID51379,0
ID51380,0
ID51381,0
ID51382,0
ID51383,0
ID51384,0
ID51385,0
ID51386,0
ID51387,0
ID51388,0
ID51389,0
ID51390,0
ID51391,0
ID51392,0
ID51393,0
ID51394,0
ID51395,0
ID51396,0
ID51397,0
ID51398,0
ID51399,0
ID51400,0
ID51401,0
ID51402,0
ID51403,0
ID51404,0
ID51405,0
ID51406,0
ID51407,0
ID51408,0
ID51409,0
ID51410,0
ID51411,0
ID51412,0
ID51413,0
ID51414,0
ID51415,1
ID51416,0
ID51417,0
ID51418,1
ID51419,0
ID51420,0
ID51421,0
ID51422,0
ID51423,0
ID51424,0
ID51425,0
ID51426,0
ID51427,1
ID51428,0
ID51429,1
ID51430,0
ID51431,0
ID51432,0
ID51433,0
ID51434,0
ID51435,0
ID51436,0
ID51437,0
ID51438,0
ID51439,0
ID51440,0
ID51441,0
ID51442,0
ID51443,0
ID51444,0
ID51445,0
ID51446,1
ID51447,0
ID51448,0
ID51449,0
ID51450,0
ID51451,0
ID51452,0
ID51453,0
ID51454,0
ID51455,1
ID51456,0
ID51457,0
ID51458,0
ID51459,0
ID51460,0
ID51461,0
ID51462,0
ID51463,0
ID51464,0
ID51465,0
ID51466,0
ID51467,0
ID51468,0
ID51469,0
ID51470,0
ID51471,0
ID51472,0
ID51473,0
ID51474,0
ID51475,0
ID51476,0
ID51477,0
ID51478,0
ID51479,0
ID51480,0
ID51481,0
ID51482,0
ID51483,0
ID51484,0
ID51485,0
ID51486,0
ID51487,0
ID51488,0
ID51489,0
ID51490,0
ID51491,1
ID51492,0
ID51493,0
ID51494,0
ID51495,0
ID51496,0
ID51497,0
ID51498,0
ID51499,0
ID51500,0
ID51501,0
ID51502,0
ID51503,0
ID51504,0
ID51505,0
ID51506,1
ID51507,0
ID51508,0
ID51509,0
ID51510,0
ID51511,0
ID51512,0
ID51513,0
ID51514,0
ID51515,0
ID51516,1
ID51517,0
ID51518,0
ID51519,0
ID51520,0
ID51521,0
ID51522,0
ID51523,0
ID51524,0
ID51525,0
ID51526,0
ID51527,0
ID51528,0
ID51529,0
ID51530,0
ID51531,0
ID51532,0
ID51533,1
ID51534,0
ID51535,0
ID51536,0
ID51537,1
ID51538,0
ID51539,0
ID51540,0
ID51541,0
ID51542,0
ID51543,0
ID51544,0
ID51545,0
ID51546,0
ID51547,0
ID51548,1
ID51549,1
ID51550,0
ID51551,0
ID51552,0
ID51553,0
ID51554,0
ID51555,0
ID51556,1
ID51557,0
ID51558,0
ID51559,0
ID51560,0
ID51561,0
ID51562,0
ID51563,0
ID51564,0
ID51565,0
ID51566,0
ID51567,0
ID51568,0
ID51569,0
ID51570,0
ID51571,0
ID51572,0
ID51573,0
ID51574,0
ID51575,0
ID51576,0
ID51577,0
ID51578,0
ID51579,0
ID51580,0
ID51581,0
ID51582,0
ID51583,0
ID51584,0
ID51585,0
ID51586,0
ID51587,0
ID51588,0
ID51589,0
ID51590,0
ID51591,0
ID51592,0
ID51593,0
ID51594,0
ID51595,0
ID51596,1
ID51597,0
ID51598,0
ID51599,0
ID51600,0
ID51601,0
ID51602,1
ID51603,0
ID51604,0
ID51605,0
ID51606,0
ID51607,1
ID51608,0
ID51609,0
ID51610,0
ID51611,0
ID51612,0
ID51613,0
ID51614,0
ID51615,0
ID51616,0
ID51617,0
ID51618,0
ID51619,0
ID51620,0
ID51621,1
ID51622,0
ID51623,0
ID51624,0
ID51625,0
ID51626,0
ID51627,0
ID51628,0
ID51629,0
ID51630,0
ID51631,0
ID51632,0
ID51633,0
ID51634,0
ID51635,0
ID51636,0
ID51637,0
ID51638,0
ID51639,0
ID51640,0
ID51641,0
ID51642,0
ID51643,0
ID51644,0
ID51645,1
ID51646,0
ID51647,0
ID51648,0
ID51649,0
ID51650,0
ID51651,0
ID51652,0
ID51653,0
ID51654,1
ID51655,0
ID51656,0
ID51657,0
ID51658,0
ID51659,0
ID51660,0
ID51661,0
ID51662,0
ID51663,0
ID51664,0
ID51665,0
ID51666,0
ID51667,0
ID51668,0
ID51669,0
ID51670,0
ID51671,0
ID51672,0
ID51673,0
ID51674,0
ID51675,0
ID51676,0
ID51677,0
ID51678,1
ID51679,0
ID51680,0
ID51681,0
ID51682,0
ID51683,0
ID51684,0
ID51685,0
ID51686,0
ID51687,0
ID51688,0
ID51689,0
ID51690,0
ID51691,0
ID51692,1
ID51693,1
ID51694,0
ID51695,0
ID51696,0
ID51697,0
ID51698,0
ID51699,0
ID51700,0
ID51701,0
ID51702,0
ID51703,0
ID51704,0
ID51705,0
ID51706,0
ID51707,0
ID51708,0
ID51709,0
ID51710,0
ID51711,0
ID51712,0
ID51713,0
ID51714,0
ID51715,0
ID51716,0
ID51717,0
ID51718,0
ID51719,0
ID51720,0
ID51721,0
ID51722,0
ID51723,0
ID51724,0
ID51725,0
ID51726,0
ID51727,0
ID51728,0
ID51729,0
ID51730,0
ID51731,0
ID51732,0
ID51733,0
ID51734,0
ID51735,0
ID51736,0
ID51737,0
ID51738,0
ID51739,0
ID51740,0
ID51741,0
ID51742,0
ID51743,0
ID51744,0
ID51745,0
ID51746,0
ID51747,0
ID51748,0
ID51749,0
ID51750,0
ID51751,0
ID51752,0
ID51753,0
ID51754,0
ID51755,0
ID51756,1
ID51757,0
ID51758,0
ID51759,0
ID51760,0
ID51761,1
ID51762,0
ID51763,0
ID51764,0
ID51765,0
ID51766,0
ID51767,0
ID51768,0
ID51769,0
ID51770,0
ID51771,0
ID51772,0
ID51773,0
ID51774,0
ID51775,0
ID51776,0
ID51777,0
ID51778,0
ID51779,0
ID51780,0
ID51781,0
ID51782,0
ID51783,0
ID51784,0
ID51785,0
ID51786,0
ID51787,0
ID51788,0
ID51789,0
ID51790,0
ID51791,0
ID51792,0
ID51793,0
ID51794,0
ID51795,0
ID51796,0
ID51797,0
ID51798,0
ID51799,0
ID51800,0
ID51801,0
ID51802,0
ID51803,0
ID51804,0
ID51805,0
ID51806,0
ID51807,0
ID51808,0
ID51809,0
ID51810,0
ID51811,0
ID51812,0
ID51813,0
ID51814,0
ID51815,0
ID51816,0
ID51817,0
ID51818,0
ID51819,0
ID51820,0
ID51821,0
ID51822,0
ID51823,0
ID51824,0
ID51825,0
ID51826,0
ID51827,0
ID51828,0
ID51829,0
ID51830,0
ID51831,0
ID51832,0
ID51833,0
ID51834,0
ID51835,0
ID51836,0
ID51837,0
ID51838,0
ID51839,0
ID51840,0
ID51841,0
ID51842,0
ID51843,1
ID51844,1
ID51845,0
ID51846,0
ID51847,1
ID51848,0
ID51849,0
ID51850,0
ID51851,0
ID51852,0
ID51853,0
ID51854,0
ID51855,0
ID51856,0
ID51857,0
ID51858,0
ID51859,0
ID51860,0
ID51861,0
ID51862,0
ID51863,0
ID51864,0
ID51865,0
ID51866,0
ID51867,0
ID51868,0
ID51869,0
ID51870,0
ID51871,0
ID51872,0
ID51873,0
ID51874,0
ID51875,0
ID51876,0
ID51877,0
ID51878,0
ID51879,0
ID51880,0
ID51881,0
ID51882,0
ID51883,0
ID51884,0
ID51885,0
ID51886,0
ID51887,0
ID51888,0
ID51889,0
ID51890,0
ID51891,0
ID51892,0
ID51893,0
ID51894,0
ID51895,1
ID51896,0
ID51897,0
ID51898,0
ID51899,0
ID51900,0
ID51901,0
ID51902,0
ID51903,0
ID51904,0
ID51905,0
ID51906,0
ID51907,1
ID51908,0
ID51909,0
ID51910,0
ID51911,0
ID51912,0
ID51913,0
ID51914,0
ID51915,0
ID51916,0
ID51917,0
ID51918,0
ID51919,1
ID51920,1
ID51921,0
ID51922,0
ID51923,0
ID51924,0
ID51925,0
ID51926,0
ID51927,0
ID51928,0
ID51929,0
ID51930,0
ID51931,0
ID51932,0
ID51933,0
ID51934,0
ID51935,0
ID51936,0
ID51937,0
ID51938,0
ID51939,0
ID51940,0
ID51941,0
ID51942,0
ID51943,0
ID51944,0
ID51945,0
ID51946,0
ID51947,0
ID51948,1
ID51949,0
ID51950,0
ID51951,0
ID51952,0
ID51953,0
ID51954,0
ID51955,0
ID51956,0
ID51957,1
ID51958,0
ID51959,0
ID51960,0
ID51961,0
ID51962,0
ID51963,0
ID51964,0
ID51965,0
ID51966,0
ID51967,0
ID51968,0
ID51969,0
ID51970,1
ID51971,0
ID51972,0
ID51973,0
ID51974,0
ID51975,0
ID51976,0
ID51977,0
ID51978,0
ID51979,0
ID51980,0
ID51981,0
ID51982,0
ID51983,0
ID51984,0
ID51985,0
ID51986,0
ID51987,0
ID51988,0
ID51989,0
ID51990,0
ID51991,0
ID51992,0
ID51993,0
ID51994,0
ID51995,0
ID51996,0
ID51997,0
ID51998,0
ID51999,0
ID52000,0
ID52001,0
ID52002,0
ID52003,0
ID52004,0
ID52005,0
ID52006,0
ID52007,0
ID52008,0
ID52009,0
ID52010,0
ID52011,0
ID52012,0
ID52013,0
ID52014,0
ID52015,0
ID52016,0
ID52017,0
ID52018,0
ID52019,0
ID52020,0
ID52021,0
ID52022,0
ID52023,0
ID52024,0
ID52025,0
ID52026,0
ID52027,0
ID52028,0
ID52029,0
ID52030,0
ID52031,0
ID52032,0
ID52033,0
ID52034,1
ID52035,0
ID52036,0
ID52037,0
ID52038,0
ID52039,0
ID52040,0
ID52041,0
ID52042,0
ID52043,0
ID52044,0
ID52045,1
ID52046,0
ID52047,1
ID52048,0
ID52049,0
ID52050,0
ID52051,0
ID52052,0
ID52053,0
ID52054,0
ID52055,0
ID52056,0
ID52057,0
ID52058,1
ID52059,0
ID52060,0
ID52061,0
ID52062,0
ID52063,0
ID52064,1
ID52065,0
ID52066,0
ID52067,0
ID52068,1
ID52069,0
ID52070,0
ID52071,0
ID52072,0
ID52073,0
ID52074,0
ID52075,0
ID52076,0
ID52077,0
ID52078,0
ID52079,0
ID52080,0
ID52081,0
ID52082,0
ID52083,0
ID52084,0
ID52085,0
ID52086,0
ID52087,0
ID52088,1
ID52089,0
ID52090,1
ID52091,0
ID52092,0
ID52093,0
ID52094,0
ID52095,1
ID52096,0
ID52097,0
ID52098,0
ID52099,0
ID52100,0
ID52101,0
ID52102,0
ID52103,0
ID52104,0
ID52105,0
ID52106,0
ID52107,0
ID52108,0
ID52109,0
ID52110,0
ID52111,0
ID52112,0
ID52113,0
ID52114,0
ID52115,0
ID52116,0
ID52117,0
ID52118,0
ID52119,0
ID52120,0
ID52121,0
ID52122,0
ID52123,0
ID52124,0
ID52125,0
ID52126,0
ID52127,0
ID52128,0
ID52129,0
ID52130,0
ID52131,0
ID52132,0
ID52133,0
ID52134,0
ID52135,1
ID52136,0
ID52137,0
ID52138,0
ID52139,1
ID52140,0
ID52141,0
ID52142,0
ID52143,0
ID52144,1
ID52145,0
ID52146,0
ID52147,0
ID52148,1
ID52149,0
ID52150,0
ID52151,0
ID52152,0
ID52153,0
ID52154,0
ID52155,0
ID52156,0
ID52157,0
ID52158,0
ID52159,0
ID52160,0
ID52161,0
ID52162,0
ID52163,1
ID52164,0
ID52165,0
ID52166,0
ID52167,0
ID52168,0
ID52169,0
ID52170,0
ID52171,0
ID52172,0
ID52173,1
ID52174,1
ID52175,0
ID52176,0
ID52177,0
ID52178,0
ID52179,0
ID52180,0
ID52181,0
ID52182,0
ID52183,0
ID52184,0
ID52185,1
ID52186,0
ID52187,1
ID52188,0
ID52189,0
ID52190,0
ID52191,0
ID52192,0
ID52193,0
ID52194,0
ID52195,0
ID52196,0
ID52197,0
ID52198,0
ID52199,0
ID52200,0
ID52201,0
ID52202,0
ID52203,0
ID52204,0
ID52205,0
ID52206,0
ID52207,0
ID52208,0
ID52209,0
ID52210,0
ID52211,0
ID52212,0
ID52213,0
ID52214,0
ID52215,0
ID52216,0
ID52217,0
ID52218,0
ID52219,0
ID52220,0
ID52221,0
ID52222,0
ID52223,0
ID52224,0
ID52225,0
ID52226,0
ID52227,0
ID52228,0
ID52229,0
ID52230,0
ID52231,0
ID52232,0
ID52233,0
ID52234,0
ID52235,0
ID52236,0
ID52237,0
ID52238,0
ID52239,0
ID52240,1
ID52241,0
ID52242,0
ID52243,0
ID52244,0
ID52245,0
ID52246,0
ID52247,0
ID52248,0
ID52249,0
ID52250,0
ID52251,0
ID52252,1
ID52253,0
ID52254,0
ID52255,0
ID52256,1
ID52257,0
ID52258,0
ID52259,0
ID52260,0
ID52261,0
ID52262,0
ID52263,0
ID52264,0
ID52265,0
ID52266,0
ID52267,0
ID52268,0
ID52269,0
ID52270,0
ID52271,0
ID52272,0
ID52273,0
ID52274,1
ID52275,0
ID52276,0
ID52277,0
ID52278,0
ID52279,0
ID52280,0
ID52281,1
ID52282,0
ID52283,0
ID52284,0
ID52285,0
ID52286,0
ID52287,0
ID52288,0
ID52289,0
ID52290,1
ID52291,0
ID52292,0
ID52293,0
ID52294,0
ID52295,0
ID52296,0
ID52297,0
ID52298,0
ID52299,1
ID52300,0
ID52301,0
ID52302,1
ID52303,0
ID52304,0
ID52305,1
ID52306,0
ID52307,0
ID52308,1
ID52309,0
ID52310,0
ID52311,1
ID52312,0
ID52313,0
ID52314,0
ID52315,0
ID52316,0
ID52317,0
ID52318,0
ID52319,0
ID52320,0
ID52321,0
ID52322,0
ID52323,0
ID52324,0
ID52325,0
ID52326,0
ID52327,1
ID52328,0
ID52329,0
ID52330,0
ID52331,0
ID52332,0
ID52333,0
ID52334,0
ID52335,0
ID52336,0
ID52337,0
ID52338,0
ID52339,0
ID52340,0
ID52341,0
ID52342,1
ID52343,0
ID52344,0
ID52345,0
ID52346,0
ID52347,0
ID52348,0
ID52349,0
ID52350,0
ID52351,0
ID52352,0
ID52353,1
ID52354,0
ID52355,0
ID52356,0
ID52357,0
ID52358,0
ID52359,0
ID52360,0
ID52361,1
ID52362,0
ID52363,1
ID52364,0
ID52365,0
ID52366,0
ID52367,0
ID52368,0
ID52369,0
ID52370,0
ID52371,0
ID52372,0
ID52373,0
ID52374,0
ID52375,1
ID52376,0
ID52377,0
ID52378,0
ID52379,0
ID52380,0
ID52381,0
ID52382,0
ID52383,1
ID52384,0
ID52385,0
ID52386,0
ID52387,0
ID52388,0
ID52389,1
ID52390,0
ID52391,0
ID52392,0
ID52393,0
ID52394,0
ID52395,0
ID52396,0
ID52397,0
ID52398,0
ID52399,0
ID52400,0
ID52401,0
ID52402,0
ID52403,0
ID52404,0
ID52405,0
ID52406,0
ID52407,0
ID52408,0
ID52409,0
ID52410,0
ID52411,0
ID52412,1
ID52413,0
ID52414,0
ID52415,0
ID52416,0
ID52417,0
ID52418,0
ID52419,0
ID52420,0
ID52421,0
ID52422,0
ID52423,1
ID52424,0
ID52425,0
ID52426,0
ID52427,0
ID52428,0
ID52429,0
ID52430,0
ID52431,0
ID52432,0
ID52433,0
ID52434,0
ID52435,0
ID52436,0
ID52437,0
ID52438,1
ID52439,0
ID52440,0
ID52441,1
ID52442,0
ID52443,0
ID52444,0
ID52445,0
ID52446,0
ID52447,0
ID52448,0
ID52449,0
ID52450,0
ID52451,0
ID52452,0
ID52453,0
ID52454,0
ID52455,0
ID52456,0
ID52457,0
ID52458,0
ID52459,0
ID52460,0
ID52461,0
ID52462,0
ID52463,0
ID52464,0
ID52465,0
ID52466,0
ID52467,0
ID52468,0
ID52469,0
ID52470,0
ID52471,0
ID52472,0
ID52473,1
ID52474,0
ID52475,0
ID52476,0
ID52477,0
ID52478,0
ID52479,0
ID52480,1
ID52481,0
ID52482,0
ID52483,0
ID52484,0
ID52485,0
ID52486,0
ID52487,0
ID52488,0
ID52489,0
ID52490,0
ID52491,0
ID52492,0
ID52493,0
ID52494,0
ID52495,0
ID52496,0
ID52497,1
ID52498,0
ID52499,0
ID52500,0
ID52501,0
ID52502,0
ID52503,0
ID52504,0
ID52505,0
ID52506,0
ID52507,0
ID52508,0
ID52509,0
ID52510,1
ID52511,0
ID52512,0
ID52513,0
ID52514,0
ID52515,0
ID52516,0
ID52517,0
ID52518,0
ID52519,0
ID52520,0
ID52521,0
ID52522,0
ID52523,0
ID52524,0
ID52525,0
ID52526,0
ID52527,0
ID52528,0
ID52529,0
ID52530,0
ID52531,0
ID52532,0
ID52533,0
ID52534,0
ID52535,0
ID52536,0
ID52537,0
ID52538,0
ID52539,0
ID52540,0
ID52541,0
ID52542,0
ID52543,0
ID52544,0
ID52545,0
ID52546,0
ID52547,0
ID52548,0
ID52549,1
ID52550,0
ID52551,0
ID52552,0
ID52553,0
ID52554,0
ID52555,0
ID52556,0
ID52557,0
ID52558,1
ID52559,1
ID52560,0
ID52561,0
ID52562,0
ID52563,1
ID52564,0
ID52565,0
ID52566,0
ID52567,0
ID52568,0
ID52569,0
ID52570,0
ID52571,0
ID52572,0
ID52573,0
ID52574,0
ID52575,0
ID52576,0
ID52577,0
ID52578,0
ID52579,0
ID52580,0
ID52581,0
ID52582,1
ID52583,0
ID52584,0
ID52585,0
ID52586,0
ID52587,0
ID52588,0
ID52589,0
ID52590,0
ID52591,0
ID52592,0
ID52593,0
ID52594,0
ID52595,1
ID52596,0
ID52597,0
ID52598,0
ID52599,0
ID52600,0
ID52601,0
ID52602,1
ID52603,0
ID52604,0
ID52605,0
ID52606,0
ID52607,0
ID52608,0
ID52609,0
ID52610,0
ID52611,0
ID52612,0
ID52613,0
ID52614,1
ID52615,0
ID52616,0
ID52617,0
ID52618,0
ID52619,0
ID52620,0
ID52621,1
ID52622,0
ID52623,0
ID52624,0
ID52625,0
ID52626,0
ID52627,0
ID52628,0
ID52629,0
ID52630,0
ID52631,0
ID52632,0
ID52633,0
ID52634,0
ID52635,0
ID52636,0
ID52637,0
ID52638,0
ID52639,0
ID52640,0
ID52641,0
ID52642,0
ID52643,0
ID52644,0
ID52645,0
ID52646,0
ID52647,0
ID52648,0
ID52649,0
ID52650,0
ID52651,1
ID52652,0
ID52653,0
ID52654,0
ID52655,0
ID52656,0
ID52657,0
ID52658,0
ID52659,0
ID52660,0
ID52661,0
ID52662,0
ID52663,1
ID52664,0
ID52665,0
ID52666,0
ID52667,0
ID52668,0
ID52669,0
ID52670,0
ID52671,0
ID52672,1
ID52673,0
ID52674,0
ID52675,0
ID52676,0
ID52677,0
ID52678,0
ID52679,0
ID52680,0
ID52681,0
ID52682,0
ID52683,0
ID52684,0
ID52685,0
ID52686,0
ID52687,1
ID52688,0
ID52689,0
ID52690,0
ID52691,0
ID52692,0
ID52693,1
ID52694,0
ID52695,0
ID52696,0
ID52697,0
ID52698,0
ID52699,0
ID52700,0
ID52701,0
ID52702,0
ID52703,0
ID52704,0
ID52705,0
ID52706,1
ID52707,0
ID52708,0
ID52709,0
ID52710,0
ID52711,1
ID52712,1
ID52713,0
ID52714,0
ID52715,1
ID52716,0
ID52717,0
ID52718,0
ID52719,0
ID52720,0
ID52721,1
ID52722,0
ID52723,0
ID52724,0
ID52725,0
ID52726,1
ID52727,0
ID52728,0
ID52729,0
ID52730,0
ID52731,0
ID52732,0
ID52733,0
ID52734,0
ID52735,0
ID52736,0
ID52737,0
ID52738,0
ID52739,0
ID52740,0
ID52741,0
ID52742,0
ID52743,0
ID52744,0
ID52745,0
ID52746,0
ID52747,0
ID52748,0
ID52749,0
ID52750,0
ID52751,0
ID52752,0
ID52753,0
ID52754,0
ID52755,0
ID52756,0
ID52757,0
ID52758,0
ID52759,0
ID52760,0
ID52761,0
ID52762,0
ID52763,0
ID52764,0
ID52765,0
ID52766,0
ID52767,0
ID52768,0
ID52769,1
ID52770,0
ID52771,0
ID52772,0
ID52773,0
ID52774,0
ID52775,0
ID52776,0
ID52777,0
ID52778,0
ID52779,0
ID52780,0
ID52781,0
ID52782,0
ID52783,0
ID52784,0
ID52785,0
ID52786,0
ID52787,0
ID52788,0
ID52789,0
ID52790,0
ID52791,0
ID52792,0
ID52793,0
ID52794,0
ID52795,1
ID52796,0
ID52797,0
ID52798,0
ID52799,0
ID52800,0
ID52801,1
ID52802,0
ID52803,0
ID52804,0
ID52805,0
ID52806,0
ID52807,0
ID52808,0
ID52809,0
ID52810,0
ID52811,0
ID52812,0
ID52813,0
ID52814,0
ID52815,0
ID52816,0
ID52817,0
ID52818,0
ID52819,0
ID52820,0
ID52821,0
ID52822,0
ID52823,0
ID52824,0
ID52825,0
ID52826,0
ID52827,0
ID52828,0
ID52829,0
ID52830,1
ID52831,0
ID52832,0
ID52833,0
ID52834,0
ID52835,0
ID52836,0
ID52837,0
ID52838,0
ID52839,0
ID52840,0
ID52841,0
ID52842,1
ID52843,0
ID52844,0
ID52845,0
ID52846,0
ID52847,0
ID52848,0
ID52849,0
ID52850,0
ID52851,0
ID52852,0
ID52853,0
ID52854,0
ID52855,0
ID52856,0
ID52857,0
ID52858,0
ID52859,0
ID52860,0
ID52861,0
ID52862,0
ID52863,0
ID52864,0
ID52865,0
ID52866,0
ID52867,0
ID52868,0
ID52869,0
ID52870,0
ID52871,0
ID52872,0
ID52873,0
ID52874,0
ID52875,0
ID52876,0
ID52877,0
ID52878,0
ID52879,1
ID52880,0
ID52881,0
ID52882,0
ID52883,0
ID52884,0
ID52885,0
ID52886,0
ID52887,0
ID52888,0
ID52889,0
ID52890,1
ID52891,0
ID52892,0
ID52893,0
ID52894,0
ID52895,0
ID52896,0
ID52897,0
ID52898,0
ID52899,0
ID52900,0
ID52901,0
ID52902,0
ID52903,0
ID52904,0
ID52905,0
ID52906,0
ID52907,0
ID52908,0
ID52909,1
ID52910,0
ID52911,0
ID52912,0
ID52913,0
ID52914,0
ID52915,0
ID52916,0
ID52917,0
ID52918,0
ID52919,0
ID52920,0
ID52921,0
ID52922,0
ID52923,0
ID52924,1
ID52925,0
ID52926,0
ID52927,0
ID52928,0
ID52929,0
ID52930,0
ID52931,0
ID52932,0
ID52933,0
ID52934,0
ID52935,1
ID52936,0
ID52937,0
ID52938,0
ID52939,0
ID52940,0
ID52941,0
ID52942,0
ID52943,0
ID52944,0
ID52945,0
ID52946,0
ID52947,0
ID52948,0
ID52949,0
ID52950,0
ID52951,0
ID52952,0
ID52953,0
ID52954,0
ID52955,0
ID52956,0
ID52957,0
ID52958,0
ID52959,0
ID52960,0
ID52961,0
ID52962,0
ID52963,0
ID52964,0
ID52965,0
ID52966,0
ID52967,1
ID52968,0
ID52969,0
ID52970,0
ID52971,0
ID52972,0
ID52973,0
ID52974,0
ID52975,0
ID52976,1
ID52977,0
ID52978,0
ID52979,1
ID52980,0
ID52981,0
ID52982,0
ID52983,0
ID52984,1
ID52985,0
ID52986,0
ID52987,0
ID52988,0
ID52989,0
ID52990,0
ID52991,0
ID52992,0
ID52993,0
ID52994,0
ID52995,0
ID52996,0
ID52997,0
ID52998,0
ID52999,0
ID53000,0
ID53001,1
ID53002,0
ID53003,1
ID53004,0
ID53005,0
ID53006,0
ID53007,0
ID53008,0
ID53009,0
ID53010,0
ID53011,0
ID53012,0
ID53013,0
ID53014,0
ID53015,1
ID53016,0
ID53017,0
ID53018,0
ID53019,0
ID53020,0
ID53021,0
ID53022,0
ID53023,0
ID53024,0
ID53025,1
ID53026,0
ID53027,0
ID53028,0
ID53029,0
ID53030,0
ID53031,0
ID53032,0
ID53033,0
ID53034,1
ID53035,0
ID53036,0
ID53037,0
ID53038,0
ID53039,0
ID53040,0
ID53041,0
ID53042,0
ID53043,0
ID53044,0
ID53045,0
ID53046,0
ID53047,0
ID53048,0
ID53049,0
ID53050,0
ID53051,0
ID53052,0
ID53053,0
ID53054,0
ID53055,0
ID53056,0
ID53057,0
ID53058,0
ID53059,0
ID53060,0
ID53061,0
ID53062,0
ID53063,0
ID53064,0
ID53065,0
ID53066,0
ID53067,0
ID53068,0
ID53069,1
ID53070,0
ID53071,0
ID53072,0
ID53073,0
ID53074,0
ID53075,0
ID53076,0
ID53077,0
ID53078,0
ID53079,0
ID53080,0
ID53081,0
ID53082,0
ID53083,0
ID53084,0
ID53085,0
ID53086,0
ID53087,0
ID53088,1
ID53089,0
ID53090,1
ID53091,0
ID53092,0
ID53093,0
ID53094,0
ID53095,0
ID53096,0
ID53097,0
ID53098,0
ID53099,0
ID53100,0
ID53101,1
ID53102,0
ID53103,0
ID53104,0
ID53105,0
ID53106,0
ID53107,0
ID53108,0
ID53109,0
ID53110,0
ID53111,0
ID53112,0
ID53113,0
ID53114,0
ID53115,0
ID53116,0
ID53117,0
ID53118,0
ID53119,1
ID53120,0
ID53121,0
ID53122,0
ID53123,0
ID53124,0
ID53125,0
ID53126,0
ID53127,0
ID53128,0
ID53129,0
ID53130,0
ID53131,0
ID53132,0
ID53133,0
ID53134,0
ID53135,0
ID53136,0
ID53137,0
ID53138,0
ID53139,0
ID53140,0
ID53141,0
ID53142,0
ID53143,0
ID53144,0
ID53145,0
ID53146,0
ID53147,0
ID53148,0
ID53149,0
ID53150,0
ID53151,0
ID53152,0
ID53153,0
ID53154,0
ID53155,0
ID53156,0
ID53157,0
ID53158,0
ID53159,0
ID53160,0
ID53161,0
ID53162,0
ID53163,0
ID53164,0
ID53165,0
ID53166,0
ID53167,0
ID53168,0
ID53169,0
ID53170,0
ID53171,0
ID53172,0
ID53173,0
ID53174,0
ID53175,0
ID53176,0
ID53177,0
ID53178,0
ID53179,0
ID53180,0
ID53181,0
ID53182,0
ID53183,0
ID53184,0
ID53185,0
ID53186,0
ID53187,1
ID53188,0
ID53189,0
ID53190,1
ID53191,0
ID53192,0
ID53193,0
ID53194,0
ID53195,0
ID53196,0
ID53197,0
ID53198,0
ID53199,1
ID53200,0
ID53201,0
ID53202,0
ID53203,0
ID53204,0
ID53205,0
ID53206,0
ID53207,0
ID53208,0
ID53209,0
ID53210,0
ID53211,0
ID53212,0
ID53213,0
ID53214,0
ID53215,0
ID53216,0
ID53217,0
ID53218,0
ID53219,0
ID53220,0
ID53221,0
ID53222,0
ID53223,0
ID53224,0
ID53225,0
ID53226,0
ID53227,1
ID53228,0
ID53229,0
ID53230,0
ID53231,0
ID53232,0
ID53233,0
ID53234,0
ID53235,0
ID53236,0
ID53237,0
ID53238,0
ID53239,0
ID53240,0
ID53241,0
ID53242,1
ID53243,0
ID53244,0
ID53245,0
ID53246,0
ID53247,0
ID53248,0
ID53249,0
ID53250,0
ID53251,0
ID53252,0
ID53253,0
ID53254,0
ID53255,0
ID53256,0
ID53257,0
ID53258,0
ID53259,0
ID53260,0
ID53261,0
ID53262,0
ID53263,0
ID53264,0
ID53265,0
ID53266,0
ID53267,0
ID53268,0
ID53269,0
ID53270,0
ID53271,0
ID53272,1
ID53273,0
ID53274,0
ID53275,0
ID53276,0
ID53277,0
ID53278,0
ID53279,0
ID53280,0
ID53281,0
ID53282,0
ID53283,0
ID53284,0
ID53285,0
ID53286,0
ID53287,0
ID53288,0
ID53289,0
ID53290,0
ID53291,0
ID53292,0
ID53293,0
ID53294,0
ID53295,0
ID53296,0
ID53297,0
ID53298,0
ID53299,0
ID53300,0
ID53301,0
ID53302,0
ID53303,0
ID53304,0
ID53305,0
ID53306,0
ID53307,0
ID53308,0
ID53309,1
ID53310,0
ID53311,0
ID53312,0
ID53313,0
ID53314,1
ID53315,0
ID53316,0
ID53317,0
ID53318,0
ID53319,0
ID53320,0
ID53321,0
ID53322,1
ID53323,0
ID53324,0
ID53325,0
ID53326,0
ID53327,0
ID53328,0
ID53329,0
ID53330,0
ID53331,0
ID53332,0
ID53333,0
ID53334,0
ID53335,0
ID53336,0
ID53337,0
ID53338,0
ID53339,0
ID53340,0
ID53341,0
ID53342,0
ID53343,0
ID53344,0
ID53345,0
ID53346,0
ID53347,0
ID53348,0
ID53349,0
ID53350,1
ID53351,0
ID53352,0
ID53353,0
ID53354,0
ID53355,0
ID53356,0
ID53357,0
ID53358,0
ID53359,0
ID53360,1
ID53361,0
ID53362,0
ID53363,0
ID53364,0
ID53365,0
ID53366,0
ID53367,0
ID53368,0
ID53369,0
ID53370,0
ID53371,0
ID53372,0
ID53373,0
ID53374,0
ID53375,0
ID53376,0
ID53377,0
ID53378,0
ID53379,0
ID53380,0
ID53381,0
ID53382,0
ID53383,0
ID53384,0
ID53385,0
ID53386,0
ID53387,0
ID53388,0
ID53389,0
ID53390,0
ID53391,0
ID53392,0
ID53393,0
ID53394,0
ID53395,1
ID53396,0
ID53397,0
ID53398,0
ID53399,0
ID53400,0
ID53401,0
ID53402,0
ID53403,0
ID53404,0
ID53405,0
ID53406,0
ID53407,0
ID53408,1
ID53409,0
ID53410,0
ID53411,0
ID53412,0
ID53413,0
ID53414,0
ID53415,0
ID53416,0
ID53417,0
ID53418,1
ID53419,0
ID53420,0
ID53421,0
ID53422,0
ID53423,0
ID53424,0
ID53425,0
ID53426,0
ID53427,1
ID53428,0
ID53429,0
ID53430,0
ID53431,0
ID53432,0
ID53433,0
ID53434,0
ID53435,0
ID53436,0
ID53437,0
ID53438,0
ID53439,0
ID53440,0
ID53441,0
ID53442,0
ID53443,0
ID53444,0
ID53445,0
ID53446,0
ID53447,0
ID53448,0
ID53449,0
ID53450,0
ID53451,0
ID53452,0
ID53453,0
ID53454,0
ID53455,0
ID53456,0
ID53457,0
ID53458,0
ID53459,0
ID53460,0
ID53461,0
ID53462,0
ID53463,0
ID53464,1
ID53465,0
ID53466,0
ID53467,0
ID53468,0
ID53469,0
ID53470,0
ID53471,0
ID53472,0
ID53473,0
ID53474,0
ID53475,0
ID53476,1
ID53477,0
ID53478,0
ID53479,0
ID53480,0
ID53481,1
ID53482,0
ID53483,0
ID53484,0
ID53485,0
ID53486,0
ID53487,1
ID53488,0
ID53489,1
ID53490,0
ID53491,0
ID53492,0
ID53493,0
ID53494,1
ID53495,0
ID53496,1
ID53497,0
ID53498,0
ID53499,0
ID53500,0
ID53501,0
ID53502,0
ID53503,0
ID53504,0
ID53505,0
ID53506,0
ID53507,1
ID53508,0
ID53509,0
ID53510,0
ID53511,0
ID53512,0
ID53513,0
ID53514,0
ID53515,0
ID53516,0
ID53517,0
ID53518,0
ID53519,0
ID53520,0
ID53521,0
ID53522,0
ID53523,0
ID53524,0
ID53525,0
ID53526,0
ID53527,0
ID53528,0
ID53529,0
ID53530,0
ID53531,0
ID53532,0
ID53533,0
ID53534,0
ID53535,0
ID53536,0
ID53537,0
ID53538,0
ID53539,0
ID53540,0
ID53541,0
ID53542,0
ID53543,0
ID53544,0
ID53545,0
ID53546,0
ID53547,0
ID53548,1
ID53549,0
ID53550,0
ID53551,1
ID53552,0
ID53553,0
ID53554,0
ID53555,0
ID53556,0
ID53557,0
ID53558,0
ID53559,0
ID53560,0
ID53561,0
ID53562,0
ID53563,0
ID53564,0
ID53565,1
ID53566,0
ID53567,0
ID53568,0
ID53569,0
ID53570,0
ID53571,0
ID53572,0
ID53573,0
ID53574,0
ID53575,1
ID53576,0
ID53577,0
ID53578,0
ID53579,0
ID53580,0
ID53581,0
ID53582,0
ID53583,0
ID53584,0
ID53585,0
ID53586,0
ID53587,0
ID53588,0
ID53589,0
ID53590,0
ID53591,0
ID53592,0
ID53593,0
ID53594,0
ID53595,0
ID53596,0
ID53597,0
ID53598,0
ID53599,0
ID53600,0
ID53601,0
ID53602,0
ID53603,0
ID53604,0
ID53605,0
ID53606,0
ID53607,0
ID53608,0
ID53609,0
ID53610,0
ID53611,0
ID53612,0
ID53613,0
ID53614,0
ID53615,0
ID53616,0
ID53617,0
ID53618,0
ID53619,0
ID53620,0
ID53621,0
ID53622,0
ID53623,0
ID53624,0
ID53625,0
ID53626,0
ID53627,0
ID53628,0
ID53629,0
ID53630,0
ID53631,0
ID53632,0
ID53633,1
ID53634,0
ID53635,0
ID53636,0
ID53637,0
ID53638,0
ID53639,0
ID53640,0
ID53641,0
ID53642,0
ID53643,0
ID53644,0
ID53645,0
ID53646,0
ID53647,0
ID53648,0
ID53649,0
ID53650,0
ID53651,1
ID53652,0
ID53653,0
ID53654,0
ID53655,0
ID53656,0
ID53657,0
ID53658,0
ID53659,0
ID53660,0
ID53661,0
ID53662,1
ID53663,0
ID53664,0
ID53665,0
ID53666,0
ID53667,0
ID53668,0
ID53669,0
ID53670,0
ID53671,0
ID53672,0
ID53673,0
ID53674,0
ID53675,0
ID53676,1
ID53677,1
ID53678,0
ID53679,0
ID53680,0
ID53681,0
ID53682,0
ID53683,0
ID53684,0
ID53685,0
ID53686,0
ID53687,0
ID53688,1
ID53689,0
ID53690,0
ID53691,0
ID53692,0
ID53693,0
ID53694,0
ID53695,0
ID53696,0
ID53697,0
ID53698,0
ID53699,0
ID53700,0
ID53701,0
ID53702,0
ID53703,0
ID53704,0
ID53705,0
ID53706,0
ID53707,0
ID53708,0
ID53709,0
ID53710,0
ID53711,0
ID53712,0
ID53713,0
ID53714,0
ID53715,0
ID53716,0
ID53717,0
ID53718,0
ID53719,1
ID53720,0
ID53721,0
ID53722,0
ID53723,0
ID53724,0
ID53725,0
ID53726,0
ID53727,0
ID53728,0
ID53729,0
ID53730,0
ID53731,0
ID53732,0
ID53733,0
ID53734,0
ID53735,0
ID53736,0
ID53737,0
ID53738,0
ID53739,0
ID53740,0
ID53741,0
ID53742,0
ID53743,0
ID53744,0
ID53745,0
ID53746,0
ID53747,0
ID53748,0
ID53749,0
ID53750,1
ID53751,0
ID53752,0
ID53753,0
ID53754,0
ID53755,0
ID53756,0
ID53757,0
ID53758,0
ID53759,0
ID53760,0
ID53761,0
ID53762,0
ID53763,0
ID53764,0
ID53765,0
ID53766,0
ID53767,0
ID53768,1
ID53769,0
ID53770,0
ID53771,0
ID53772,0
ID53773,0
ID53774,0
ID53775,1
ID53776,0
ID53777,0
ID53778,0
ID53779,0
ID53780,0
ID53781,0
ID53782,0
ID53783,0
ID53784,0
ID53785,0
ID53786,0
ID53787,0
ID53788,0
ID53789,0
ID53790,0
ID53791,0
ID53792,0
ID53793,0
ID53794,0
ID53795,0
ID53796,0
ID53797,0
ID53798,0
ID53799,0
ID53800,0
ID53801,0
ID53802,0
ID53803,0
ID53804,0
ID53805,0
ID53806,0
ID53807,0
ID53808,0
ID53809,0
ID53810,0
ID53811,0
ID53812,0
ID53813,0
ID53814,0
ID53815,0
ID53816,0
ID53817,0
ID53818,0
ID53819,0
ID53820,0
ID53821,0
ID53822,0
ID53823,0
ID53824,0
ID53825,0
ID53826,0
ID53827,0
ID53828,0
ID53829,0
ID53830,0
ID53831,0
ID53832,0
ID53833,0
ID53834,1
ID53835,0
ID53836,0
ID53837,0
ID53838,0
ID53839,0
ID53840,0
ID53841,0
ID53842,0
ID53843,0
ID53844,0
ID53845,0
ID53846,0
ID53847,0
ID53848,0
ID53849,0
ID53850,0
ID53851,0
ID53852,0
ID53853,0
ID53854,0
ID53855,0
ID53856,0
ID53857,0
ID53858,0
ID53859,0
ID53860,0
ID53861,0
ID53862,0
ID53863,0
ID53864,0
ID53865,0
ID53866,0
ID53867,0
ID53868,0
ID53869,0
ID53870,0
ID53871,0
ID53872,0
ID53873,0
ID53874,0
ID53875,0
ID53876,0
ID53877,0
ID53878,0
ID53879,0
ID53880,0
ID53881,0
ID53882,0
ID53883,1
ID53884,0
ID53885,0
ID53886,0
ID53887,0
ID53888,0
ID53889,0
ID53890,0
ID53891,0
ID53892,0
ID53893,0
ID53894,0
ID53895,0
ID53896,0
ID53897,0
ID53898,0
ID53899,0
ID53900,1
ID53901,0
ID53902,0
ID53903,0
ID53904,0
ID53905,1
ID53906,0
ID53907,0
ID53908,1
ID53909,0
ID53910,0
ID53911,0
ID53912,0
ID53913,0
ID53914,0
ID53915,0
ID53916,0
ID53917,0
ID53918,0
ID53919,0
ID53920,0
ID53921,0
ID53922,0
ID53923,0
ID53924,0
ID53925,0
ID53926,1
ID53927,0
ID53928,0
ID53929,0
ID53930,0
ID53931,0
ID53932,0
ID53933,0
ID53934,0
ID53935,0
ID53936,0
ID53937,0
ID53938,0
ID53939,0
ID53940,1
ID53941,0
ID53942,0
ID53943,0
ID53944,0
ID53945,0
ID53946,0
ID53947,0
ID53948,0
ID53949,0
ID53950,0
ID53951,0
ID53952,0
ID53953,0
ID53954,0
ID53955,1
ID53956,0
ID53957,0
ID53958,0
ID53959,0
ID53960,0
ID53961,0
ID53962,0
ID53963,0
ID53964,0
ID53965,0
ID53966,0
ID53967,0
ID53968,0
ID53969,0
ID53970,0
ID53971,0
ID53972,0
ID53973,0
ID53974,0
ID53975,1
ID53976,0
ID53977,0
ID53978,0
ID53979,0
ID53980,1
ID53981,1
ID53982,0
ID53983,0
ID53984,0
ID53985,0
ID53986,0
ID53987,0
ID53988,0
ID53989,1
ID53990,0
ID53991,0
ID53992,0
ID53993,0
ID53994,0
ID53995,0
ID53996,0
ID53997,0
ID53998,0
ID53999,0
ID54000,0
ID54001,0
ID54002,0
ID54003,0
ID54004,0
ID54005,0
ID54006,0
ID54007,0
ID54008,0
ID54009,0
ID54010,0
ID54011,0
ID54012,0
ID54013,0
ID54014,0
ID54015,0
ID54016,1
ID54017,0
ID54018,0
ID54019,0
ID54020,0
ID54021,0
ID54022,0
ID54023,0
ID54024,0
ID54025,0
ID54026,0
ID54027,0
ID54028,0
ID54029,0
ID54030,0
ID54031,0
ID54032,0
ID54033,0
ID54034,0
ID54035,0
ID54036,0
ID54037,0
ID54038,0
ID54039,0
ID54040,0
ID54041,1
ID54042,0
ID54043,0
ID54044,0
ID54045,0
ID54046,0
ID54047,0
ID54048,0
ID54049,0
ID54050,0
ID54051,0
ID54052,0
ID54053,0
ID54054,0
ID54055,0
ID54056,0
ID54057,0
ID54058,0
ID54059,0
ID54060,0
ID54061,0
ID54062,0
ID54063,0
ID54064,0
ID54065,0
ID54066,0
ID54067,0
ID54068,0
ID54069,0
ID54070,0
ID54071,0
ID54072,0
ID54073,0
ID54074,0
ID54075,0
ID54076,0
ID54077,0
ID54078,0
ID54079,0
ID54080,0
ID54081,0
ID54082,0
ID54083,0
ID54084,0
ID54085,0
ID54086,0
ID54087,0
ID54088,0
ID54089,0
ID54090,0
ID54091,0
ID54092,0
ID54093,0
ID54094,0
ID54095,0
ID54096,0
ID54097,0
ID54098,1
ID54099,0
ID54100,0
ID54101,0
ID54102,0
ID54103,0
ID54104,0
ID54105,0
ID54106,0
ID54107,0
ID54108,0
ID54109,0
ID54110,0
ID54111,0
ID54112,0
ID54113,0
ID54114,0
ID54115,0
ID54116,0
ID54117,0
ID54118,0
ID54119,0
ID54120,1
ID54121,0
ID54122,1
ID54123,0
ID54124,1
ID54125,0
ID54126,0
ID54127,0
ID54128,0
ID54129,0
ID54130,0
ID54131,0
ID54132,0
ID54133,0
ID54134,0
ID54135,0
ID54136,0
ID54137,0
ID54138,0
ID54139,0
ID54140,1
ID54141,0
ID54142,0
ID54143,0
ID54144,0
ID54145,0
ID54146,0
ID54147,0
ID54148,0
ID54149,0
ID54150,0
ID54151,0
ID54152,0
ID54153,0
ID54154,0
ID54155,0
ID54156,0
ID54157,0
ID54158,0
ID54159,0
ID54160,0
ID54161,0
ID54162,0
ID54163,0
ID54164,0
ID54165,0
ID54166,0
ID54167,0
ID54168,0
ID54169,0
ID54170,0
ID54171,0
ID54172,1
ID54173,0
ID54174,0
ID54175,0
ID54176,0
ID54177,0
ID54178,0
ID54179,0
ID54180,0
ID54181,0
ID54182,0
ID54183,0
ID54184,0
ID54185,0
ID54186,1
ID54187,0
ID54188,0
ID54189,0
ID54190,0
ID54191,0
ID54192,0
ID54193,0
ID54194,0
ID54195,0
ID54196,0
ID54197,0
ID54198,0
ID54199,0
ID54200,0
ID54201,0
ID54202,0
ID54203,0
ID54204,0
ID54205,1
ID54206,0
ID54207,0
ID54208,0
ID54209,0
ID54210,0
ID54211,0
ID54212,0
ID54213,0
ID54214,0
ID54215,0
ID54216,0
ID54217,0
ID54218,0
ID54219,0
ID54220,0
ID54221,0
ID54222,0
ID54223,0
ID54224,0
ID54225,0
ID54226,0
ID54227,0
ID54228,0
ID54229,0
ID54230,0
ID54231,0
ID54232,0
ID54233,0
ID54234,0
ID54235,0
ID54236,0
ID54237,0
ID54238,1
ID54239,0
ID54240,0
ID54241,0
ID54242,1
ID54243,0
ID54244,0
ID54245,0
ID54246,0
ID54247,0
ID54248,0
ID54249,0
ID54250,0
ID54251,0
ID54252,0
ID54253,0
ID54254,0
ID54255,1
ID54256,0
ID54257,0
ID54258,0
ID54259,0
ID54260,0
ID54261,1
ID54262,0
ID54263,0
ID54264,0
ID54265,0
ID54266,0
ID54267,0
ID54268,0
ID54269,0
ID54270,0
ID54271,0
ID54272,0
ID54273,0
ID54274,0
ID54275,0
ID54276,1
ID54277,0
ID54278,0
ID54279,0
ID54280,0
ID54281,0
ID54282,0
ID54283,0
ID54284,0
ID54285,0
ID54286,0
ID54287,0
ID54288,0
ID54289,0
ID54290,0
ID54291,0
ID54292,0
ID54293,0
ID54294,0
ID54295,0
ID54296,1
ID54297,0
ID54298,0
ID54299,0
ID54300,0
ID54301,0
ID54302,0
ID54303,0
ID54304,0
ID54305,0
ID54306,0
ID54307,0
ID54308,0
ID54309,0
ID54310,0
ID54311,0
ID54312,0
ID54313,0
ID54314,0
ID54315,0
ID54316,0
ID54317,0
ID54318,0
ID54319,1
ID54320,0
ID54321,0
ID54322,0
ID54323,0
ID54324,0
ID54325,0
ID54326,0
ID54327,0
ID54328,0
ID54329,0
ID54330,0
ID54331,0
ID54332,0
ID54333,0
ID54334,0
ID54335,0
ID54336,0
ID54337,0
ID54338,1
ID54339,1
ID54340,0
ID54341,0
ID54342,0
ID54343,0
ID54344,0
ID54345,0
ID54346,0
ID54347,0
ID54348,0
ID54349,0
ID54350,0
ID54351,1
ID54352,0
ID54353,0
ID54354,0
ID54355,0
ID54356,0
ID54357,1
ID54358,0
ID54359,1
ID54360,0
ID54361,0
ID54362,0
ID54363,0
ID54364,0
ID54365,0
ID54366,0
ID54367,0
ID54368,0
ID54369,0
ID54370,0
ID54371,0
ID54372,0
ID54373,0
ID54374,0
ID54375,0
ID54376,0
ID54377,0
ID54378,0
ID54379,0
ID54380,0
ID54381,0
ID54382,0
ID54383,0
ID54384,0
ID54385,0
ID54386,0
ID54387,0
ID54388,0
ID54389,0
ID54390,0
ID54391,0
ID54392,0
ID54393,0
ID54394,0
ID54395,0
ID54396,0
ID54397,0
ID54398,0
ID54399,1
ID54400,0
ID54401,1
ID54402,0
ID54403,0
ID54404,0
ID54405,0
ID54406,0
ID54407,1
ID54408,0
ID54409,0
ID54410,0
ID54411,0
ID54412,0
ID54413,0
ID54414,0
ID54415,0
ID54416,0
ID54417,0
ID54418,0
ID54419,0
ID54420,0
ID54421,0
ID54422,0
ID54423,0
ID54424,1
ID54425,0
ID54426,0
ID54427,0
ID54428,0
ID54429,0
ID54430,0
ID54431,0
ID54432,0
ID54433,0
ID54434,0
ID54435,0
ID54436,0
ID54437,0
ID54438,0
ID54439,0
ID54440,0
ID54441,0
ID54442,0
ID54443,0
ID54444,0
ID54445,0
ID54446,0
ID54447,0
ID54448,0
ID54449,0
ID54450,0
ID54451,0
ID54452,0
ID54453,0
ID54454,0
ID54455,0
ID54456,0
ID54457,0
ID54458,0
ID54459,0
ID54460,0
ID54461,0
ID54462,0
ID54463,0
ID54464,0
ID54465,0
ID54466,0
ID54467,0
ID54468,0
ID54469,0
ID54470,0
ID54471,1
ID54472,0
ID54473,0
ID54474,0
ID54475,0
ID54476,0
ID54477,0
ID54478,1
ID54479,0
ID54480,0
ID54481,0
ID54482,0
ID54483,0
ID54484,0
ID54485,0
ID54486,0
ID54487,0
ID54488,0
ID54489,0
ID54490,0
ID54491,0
ID54492,0
ID54493,0
ID54494,0
ID54495,0
ID54496,0
ID54497,0
ID54498,0
ID54499,0
ID54500,0
ID54501,0
ID54502,0
ID54503,0
ID54504,0
ID54505,0
ID54506,0
ID54507,0
ID54508,0
ID54509,0
ID54510,1
ID54511,0
ID54512,0
ID54513,0
ID54514,0
ID54515,0
ID54516,0
ID54517,0
ID54518,0
ID54519,0
ID54520,0
ID54521,0
ID54522,0
ID54523,0
ID54524,0
ID54525,0
ID54526,0
ID54527,0
ID54528,0
ID54529,0
ID54530,0
ID54531,0
ID54532,0
ID54533,0
ID54534,1
ID54535,0
ID54536,0
ID54537,0
ID54538,0
ID54539,0
ID54540,1
ID54541,0
ID54542,0
ID54543,0
ID54544,0
ID54545,0
ID54546,0
ID54547,0
ID54548,0
ID54549,0
ID54550,0
ID54551,0
ID54552,0
ID54553,0
ID54554,0
ID54555,0
ID54556,0
ID54557,0
ID54558,1
ID54559,0
ID54560,0
ID54561,0
ID54562,0
ID54563,0
ID54564,0
ID54565,0
ID54566,0
ID54567,0
ID54568,0
ID54569,0
ID54570,0
ID54571,0
ID54572,0
ID54573,0
ID54574,0
ID54575,1
ID54576,0
ID54577,0
ID54578,0
ID54579,0
ID54580,0
ID54581,0
ID54582,0
ID54583,0
ID54584,1
ID54585,0
ID54586,0
ID54587,0
ID54588,0
ID54589,0
ID54590,0
ID54591,0
ID54592,0
ID54593,0
ID54594,0
ID54595,0
ID54596,0
ID54597,0
ID54598,0
ID54599,0
ID54600,0
ID54601,0
ID54602,0
ID54603,0
ID54604,0
ID54605,0
ID54606,0
ID54607,0
ID54608,0
ID54609,0
ID54610,0
ID54611,0
ID54612,0
ID54613,1
ID54614,0
ID54615,0
ID54616,0
ID54617,0
ID54618,0
ID54619,0
ID54620,0
ID54621,0
ID54622,0
ID54623,0
ID54624,0
ID54625,0
ID54626,0
ID54627,1
ID54628,0
ID54629,0
ID54630,0
ID54631,0
ID54632,0
ID54633,0
ID54634,0
ID54635,0
ID54636,0
ID54637,0
ID54638,0
ID54639,0
ID54640,0
ID54641,0
ID54642,0
ID54643,0
ID54644,0
ID54645,0
ID54646,0
ID54647,0
ID54648,0
ID54649,0
ID54650,0
ID54651,0
ID54652,0
ID54653,0
ID54654,1
ID54655,0
ID54656,1
ID54657,1
ID54658,0
ID54659,0
ID54660,0
ID54661,0
ID54662,0
ID54663,0
ID54664,0
ID54665,0
ID54666,0
ID54667,0
ID54668,0
ID54669,0
ID54670,0
ID54671,0
ID54672,0
ID54673,1
ID54674,0
ID54675,0
ID54676,0
ID54677,0
ID54678,0
ID54679,0
ID54680,0
ID54681,0
ID54682,0
ID54683,0
ID54684,0
ID54685,0
ID54686,0
ID54687,0
ID54688,0
ID54689,0
ID54690,0
ID54691,0
ID54692,0
ID54693,0
ID54694,0
ID54695,0
ID54696,1
ID54697,0
ID54698,0
ID54699,0
ID54700,0
ID54701,0
ID54702,0
ID54703,0
ID54704,0
ID54705,0
ID54706,0
ID54707,0
ID54708,0
ID54709,0
ID54710,0
ID54711,0
ID54712,0
ID54713,0
ID54714,0
ID54715,0
ID54716,0
ID54717,0
ID54718,0
ID54719,0
ID54720,0
ID54721,0
ID54722,0
ID54723,1
ID54724,0
ID54725,0
ID54726,0
ID54727,1
ID54728,0
ID54729,0
ID54730,1
ID54731,0
ID54732,0
ID54733,0
ID54734,1
ID54735,0
ID54736,0
ID54737,0
ID54738,0
ID54739,0
ID54740,0
ID54741,0
ID54742,0
ID54743,0
ID54744,0
ID54745,0
ID54746,0
ID54747,0
ID54748,0
ID54749,0
ID54750,0
ID54751,0
ID54752,0
ID54753,0
ID54754,0
ID54755,0
ID54756,0
ID54757,0
ID54758,0
ID54759,0
ID54760,0
ID54761,0
ID54762,0
ID54763,0
ID54764,0
ID54765,0
ID54766,0
ID54767,0
ID54768,0
ID54769,0
ID54770,0
ID54771,0
ID54772,0
ID54773,0
ID54774,0
ID54775,0
ID54776,0
ID54777,0
ID54778,0
ID54779,0
ID54780,0
ID54781,0
ID54782,0
ID54783,0
ID54784,1
ID54785,0
ID54786,0
ID54787,0
ID54788,1
ID54789,0
ID54790,0
ID54791,0
ID54792,0
ID54793,0
ID54794,0
ID54795,0
ID54796,0
ID54797,0
ID54798,0
ID54799,0
ID54800,0
ID54801,0
ID54802,0
ID54803,0
ID54804,0
ID54805,0
ID54806,0
ID54807,0
ID54808,0
ID54809,0
ID54810,0
ID54811,0
ID54812,0
ID54813,0
ID54814,0
ID54815,0
ID54816,0
ID54817,0
ID54818,0
ID54819,0
ID54820,0
ID54821,0
ID54822,0
ID54823,0
ID54824,0
ID54825,0
ID54826,0
ID54827,0
ID54828,0
ID54829,0
ID54830,0
ID54831,0
ID54832,0
ID54833,0
ID54834,0
ID54835,0
ID54836,0
ID54837,1
ID54838,0
ID54839,0
ID54840,0
ID54841,0
ID54842,0
ID54843,0
ID54844,0
ID54845,0
ID54846,0
ID54847,0
ID54848,0
ID54849,1
ID54850,0
ID54851,0
ID54852,0
ID54853,0
ID54854,0
ID54855,0
ID54856,0
ID54857,0
ID54858,0
ID54859,0
ID54860,0
ID54861,0
ID54862,0
ID54863,1
ID54864,0
ID54865,0
ID54866,0
ID54867,0
ID54868,0
ID54869,0
ID54870,0
ID54871,0
ID54872,0
ID54873,0
ID54874,0
ID54875,0
ID54876,0
ID54877,0
ID54878,0
ID54879,0
ID54880,0
ID54881,0
ID54882,0
ID54883,0
ID54884,0
ID54885,0
ID54886,0
ID54887,0
ID54888,0
ID54889,0
ID54890,0
ID54891,0
ID54892,0
ID54893,0
ID54894,0
ID54895,0
ID54896,0
ID54897,0
ID54898,0
ID54899,0
ID54900,0
ID54901,0
ID54902,0
ID54903,0
ID54904,1
ID54905,0
ID54906,0
ID54907,0
ID54908,0
ID54909,0
ID54910,1
ID54911,0
ID54912,0
ID54913,0
ID54914,0
ID54915,0
ID54916,0
ID54917,0
ID54918,0
ID54919,0
ID54920,0
ID54921,0
ID54922,0
ID54923,0
ID54924,0
ID54925,0
ID54926,0
ID54927,0
ID54928,0
ID54929,0
ID54930,0
ID54931,0
ID54932,0
ID54933,0
ID54934,0
ID54935,0
ID54936,0
ID54937,0
ID54938,0
ID54939,0
ID54940,0
ID54941,0
ID54942,0
ID54943,0
ID54944,0
ID54945,0
ID54946,0
ID54947,0
ID54948,1
ID54949,0
ID54950,0
ID54951,0
ID54952,0
ID54953,0
ID54954,0
ID54955,0
ID54956,0
ID54957,0
ID54958,0
ID54959,0
ID54960,0
ID54961,0
ID54962,1
ID54963,0
ID54964,0
ID54965,0
ID54966,0
ID54967,0
ID54968,0
ID54969,0
ID54970,0
ID54971,0
ID54972,0
ID54973,0
ID54974,0
ID54975,0
ID54976,0
ID54977,0
ID54978,0
ID54979,0
ID54980,0
ID54981,0
ID54982,0
ID54983,0
ID54984,0
ID54985,0
ID54986,0
ID54987,1
ID54988,0
ID54989,0
ID54990,0
ID54991,0
ID54992,0
ID54993,1
ID54994,0
ID54995,0
ID54996,0
ID54997,0
ID54998,0
ID54999,0
ID55000,0
ID55001,0
ID55002,0
ID55003,0
ID55004,0
ID55005,0
ID55006,0
ID55007,0
ID55008,0
ID55009,1
ID55010,0
ID55011,0
ID55012,0
ID55013,0
ID55014,1
ID55015,0
ID55016,0
ID55017,0
ID55018,0
ID55019,0
ID55020,0
ID55021,0
ID55022,0
ID55023,0
ID55024,0
ID55025,0
ID55026,0
ID55027,0
ID55028,1
ID55029,0
ID55030,0
ID55031,0
ID55032,0
ID55033,0
ID55034,0
ID55035,0
ID55036,0
ID55037,0
ID55038,0
ID55039,0
ID55040,0
ID55041,0
ID55042,0
ID55043,0
ID55044,0
ID55045,0
ID55046,0
ID55047,0
ID55048,0
ID55049,1
ID55050,0
ID55051,0
ID55052,0
ID55053,0
ID55054,0
ID55055,0
ID55056,0
ID55057,0
ID55058,0
ID55059,0
ID55060,0
ID55061,0
ID55062,0
ID55063,0
ID55064,1
ID55065,0
ID55066,0
ID55067,0
ID55068,0
ID55069,0
ID55070,0
ID55071,0
ID55072,0
ID55073,0
ID55074,1
ID55075,0
ID55076,0
ID55077,0
ID55078,0
ID55079,0
ID55080,0
ID55081,0
ID55082,0
ID55083,0
ID55084,0
ID55085,0
ID55086,0
ID55087,0
ID55088,0
ID55089,0
ID55090,0
ID55091,0
ID55092,0
ID55093,0
ID55094,0
ID55095,0
ID55096,0
ID55097,0
ID55098,0
ID55099,0
ID55100,0
ID55101,0
ID55102,0
ID55103,0
ID55104,0
ID55105,0
ID55106,0
ID55107,0
ID55108,0
ID55109,0
ID55110,0
ID55111,0
ID55112,0
ID55113,0
ID55114,0
ID55115,0
ID55116,0
ID55117,0
ID55118,0
ID55119,0
ID55120,0
ID55121,0
ID55122,1
ID55123,0
ID55124,0
ID55125,0
ID55126,0
ID55127,0
ID55128,1
ID55129,0
ID55130,0
ID55131,0
ID55132,0
ID55133,0
ID55134,0
ID55135,0
ID55136,0
ID55137,0
ID55138,0
ID55139,0
ID55140,0
ID55141,0
ID55142,0
ID55143,1
ID55144,0
ID55145,0
ID55146,0
ID55147,0
ID55148,0
ID55149,0
ID55150,0
ID55151,0
ID55152,0
ID55153,0
ID55154,0
ID55155,0
ID55156,0
ID55157,0
ID55158,0
ID55159,0
ID55160,0
ID55161,0
ID55162,0
ID55163,0
ID55164,0
ID55165,0
ID55166,0
ID55167,0
ID55168,0
ID55169,0
ID55170,0
ID55171,0
ID55172,0
ID55173,0
ID55174,0
ID55175,0
ID55176,0
ID55177,0
ID55178,0
ID55179,0
ID55180,0
ID55181,0
ID55182,0
ID55183,0
ID55184,0
ID55185,0
ID55186,0
ID55187,1
ID55188,0
ID55189,1
ID55190,0
ID55191,0
ID55192,0
ID55193,0
ID55194,0
ID55195,0
ID55196,0
ID55197,0
ID55198,0
ID55199,0
ID55200,0
ID55201,0
ID55202,0
ID55203,0
ID55204,0
ID55205,0
ID55206,1
ID55207,0
ID55208,1
ID55209,0
ID55210,0
ID55211,0
ID55212,0
ID55213,0
ID55214,0
ID55215,0
ID55216,0
ID55217,0
ID55218,0
ID55219,0
ID55220,0
ID55221,0
ID55222,0
ID55223,0
ID55224,0
ID55225,0
ID55226,0
ID55227,0
ID55228,0
ID55229,0
ID55230,1
ID55231,0
ID55232,0
ID55233,0
ID55234,0
ID55235,0
ID55236,0
ID55237,0
ID55238,0
ID55239,0
ID55240,0
ID55241,0
ID55242,1
ID55243,0
ID55244,0
ID55245,0
ID55246,0
ID55247,0
ID55248,0
ID55249,0
ID55250,0
ID55251,0
ID55252,0
ID55253,0
ID55254,0
ID55255,1
ID55256,0
ID55257,0
ID55258,0
ID55259,0
ID55260,0
ID55261,0
ID55262,0
ID55263,0
ID55264,0
ID55265,0
ID55266,0
ID55267,0
ID55268,0
ID55269,0
ID55270,0
ID55271,0
ID55272,0
ID55273,0
ID55274,0
ID55275,0
ID55276,0
ID55277,0
ID55278,0
ID55279,0
ID55280,0
ID55281,0
ID55282,0
ID55283,0
ID55284,0
ID55285,0
ID55286,0
ID55287,0
ID55288,0
ID55289,0
ID55290,0
ID55291,1
ID55292,0
ID55293,0
ID55294,0
ID55295,0
ID55296,0
ID55297,0
ID55298,0
ID55299,0
ID55300,0
ID55301,0
ID55302,0
ID55303,0
ID55304,0
ID55305,0
ID55306,0
ID55307,0
ID55308,0
ID55309,0
ID55310,0
ID55311,1
ID55312,1
ID55313,0
ID55314,1
ID55315,0
ID55316,0
ID55317,0
ID55318,0
ID55319,0
ID55320,0
ID55321,0
ID55322,0
ID55323,0
ID55324,0
ID55325,0
ID55326,0
ID55327,0
ID55328,1
ID55329,0
ID55330,1
ID55331,0
ID55332,0
ID55333,0
ID55334,0
ID55335,0
ID55336,0
ID55337,0
ID55338,0
ID55339,0
ID55340,0
ID55341,0
ID55342,1
ID55343,0
ID55344,0
ID55345,0
ID55346,0
ID55347,0
ID55348,0
ID55349,0
ID55350,0
ID55351,0
ID55352,0
ID55353,0
ID55354,0
ID55355,0
ID55356,1
ID55357,0
ID55358,0
ID55359,0
ID55360,0
ID55361,0
ID55362,0
ID55363,0
ID55364,0
ID55365,0
ID55366,0
ID55367,0
ID55368,0
ID55369,0
ID55370,0
ID55371,0
ID55372,0
ID55373,1
ID55374,0
ID55375,0
ID55376,0
ID55377,0
ID55378,0
ID55379,0
ID55380,0
ID55381,0
ID55382,0
ID55383,0
ID55384,0
ID55385,0
ID55386,0
ID55387,0
ID55388,1
ID55389,0
ID55390,0
ID55391,0
ID55392,0
ID55393,0
ID55394,0
ID55395,0
ID55396,0
ID55397,1
ID55398,0
ID55399,0
ID55400,0
ID55401,0
ID55402,0
ID55403,0
ID55404,0
ID55405,0
ID55406,0
ID55407,0
ID55408,0
ID55409,1
ID55410,0
ID55411,0
ID55412,0
ID55413,0
ID55414,0
ID55415,0
ID55416,0
ID55417,0
ID55418,0
ID55419,0
ID55420,0
ID55421,0
ID55422,1
ID55423,0
ID55424,0
ID55425,0
ID55426,0
ID55427,0
ID55428,0
ID55429,0
ID55430,0
ID55431,0
ID55432,0
ID55433,0
ID55434,0
ID55435,0
ID55436,0
ID55437,0
ID55438,0
ID55439,0
ID55440,0
ID55441,0
ID55442,1
ID55443,0
ID55444,0
ID55445,0
ID55446,0
ID55447,0
ID55448,0
ID55449,0
ID55450,0
ID55451,0
ID55452,0
ID55453,0
ID55454,0
ID55455,0
ID55456,0
ID55457,0
ID55458,0
ID55459,0
ID55460,0
ID55461,0
ID55462,0
ID55463,0
ID55464,0
ID55465,0
ID55466,0
ID55467,0
ID55468,0
ID55469,0
ID55470,0
ID55471,0
ID55472,0
ID55473,0
ID55474,0
ID55475,0
ID55476,0
ID55477,0
ID55478,0
ID55479,0
ID55480,0
ID55481,0
ID55482,0
ID55483,0
ID55484,0
ID55485,0
ID55486,0
ID55487,0
ID55488,1
ID55489,0
ID55490,0
ID55491,1
ID55492,0
ID55493,0
ID55494,0
ID55495,0
ID55496,0
ID55497,0
ID55498,0
ID55499,0
ID55500,0
ID55501,0
ID55502,0
ID55503,0
ID55504,0
ID55505,0
ID55506,0
ID55507,0
ID55508,0
ID55509,0
ID55510,0
ID55511,0
ID55512,0
ID55513,0
ID55514,0
ID55515,0
ID55516,0
ID55517,0
ID55518,0
ID55519,0
ID55520,0
ID55521,0
ID55522,0
ID55523,0
ID55524,0
ID55525,0
ID55526,0
ID55527,0
ID55528,1
ID55529,0
ID55530,0
ID55531,0
ID55532,0
ID55533,1
ID55534,0
ID55535,0
ID55536,0
ID55537,0
ID55538,0
ID55539,0
ID55540,0
ID55541,0
ID55542,0
ID55543,0
ID55544,0
ID55545,0
ID55546,0
ID55547,0
ID55548,0
ID55549,0
ID55550,0
ID55551,0
ID55552,0
ID55553,0
ID55554,0
ID55555,0
ID55556,0
ID55557,0
ID55558,0
ID55559,0
ID55560,0
ID55561,0
ID55562,0
ID55563,0
ID55564,0
ID55565,0
ID55566,0
ID55567,0
ID55568,0
ID55569,0
ID55570,0
ID55571,0
ID55572,0
ID55573,0
ID55574,0
ID55575,0
ID55576,0
ID55577,0
ID55578,0
ID55579,0
ID55580,0
ID55581,1
ID55582,0
ID55583,0
ID55584,0
ID55585,1
ID55586,0
ID55587,0
ID55588,0
ID55589,1
ID55590,0
ID55591,0
ID55592,0
ID55593,0
ID55594,0
ID55595,0
ID55596,0
ID55597,0
ID55598,0
ID55599,0
ID55600,0
ID55601,0
ID55602,0
ID55603,0
ID55604,0
ID55605,0
ID55606,0
ID55607,0
ID55608,0
ID55609,0
ID55610,0
ID55611,0
ID55612,0
ID55613,0
ID55614,0
ID55615,0
ID55616,0
ID55617,0
ID55618,0
ID55619,0
ID55620,0
ID55621,0
ID55622,0
ID55623,0
ID55624,0
ID55625,0
ID55626,0
ID55627,0
ID55628,0
ID55629,0
ID55630,0
ID55631,0
ID55632,0
ID55633,0
ID55634,0
ID55635,1
ID55636,0
ID55637,0
ID55638,0
ID55639,0
ID55640,0
ID55641,0
ID55642,0
ID55643,0
ID55644,1
ID55645,0
ID55646,0
ID55647,0
ID55648,1
ID55649,1
ID55650,0
ID55651,0
ID55652,0
ID55653,0
ID55654,0
ID55655,0
ID55656,0
ID55657,0
ID55658,0
ID55659,0
ID55660,0
ID55661,0
ID55662,0
ID55663,0
ID55664,0
ID55665,0
ID55666,0
ID55667,0
ID55668,0
ID55669,0
ID55670,0
ID55671,0
ID55672,0
ID55673,0
ID55674,0
ID55675,0
ID55676,0
ID55677,0
ID55678,0
ID55679,0
ID55680,0
ID55681,0
ID55682,0
ID55683,0
ID55684,0
ID55685,0
ID55686,0
ID55687,0
ID55688,0
ID55689,0
ID55690,0
ID55691,0
ID55692,0
ID55693,0
ID55694,0
ID55695,0
ID55696,0
ID55697,0
ID55698,0
ID55699,0
ID55700,0
ID55701,0
ID55702,1
ID55703,0
ID55704,0
ID55705,0
ID55706,0
ID55707,0
ID55708,0
ID55709,0
ID55710,0
ID55711,0
ID55712,0
ID55713,0
ID55714,0
ID55715,0
ID55716,0
ID55717,0
ID55718,0
ID55719,0
ID55720,0
ID55721,0
ID55722,0
ID55723,0
ID55724,0
ID55725,0
ID55726,0
ID55727,0
ID55728,0
ID55729,0
ID55730,0
ID55731,0
ID55732,0
ID55733,0
ID55734,0
ID55735,0
ID55736,0
ID55737,0
ID55738,0
ID55739,0
ID55740,0
ID55741,0
ID55742,0
ID55743,0
ID55744,0
ID55745,0
ID55746,0
ID55747,0
ID55748,1
ID55749,0
ID55750,0
ID55751,0
ID55752,0
ID55753,0
ID55754,0
ID55755,0
ID55756,0
ID55757,0
ID55758,0
ID55759,0
ID55760,0
ID55761,0
ID55762,0
ID55763,0
ID55764,0
ID55765,0
ID55766,0
ID55767,0
ID55768,0
ID55769,1
ID55770,0
ID55771,0
ID55772,0
ID55773,1
ID55774,0
ID55775,0
ID55776,0
ID55777,0
ID55778,0
ID55779,0
ID55780,0
ID55781,0
ID55782,0
ID55783,0
ID55784,0
ID55785,0
ID55786,0
ID55787,0
ID55788,0
ID55789,0
ID55790,0
ID55791,0
ID55792,0
ID55793,0
ID55794,0
ID55795,0
ID55796,0
ID55797,0
ID55798,0
ID55799,0
ID55800,0
ID55801,1
ID55802,0
ID55803,1
ID55804,0
ID55805,0
ID55806,0
ID55807,0
ID55808,0
ID55809,0
ID55810,0
ID55811,0
ID55812,0
ID55813,0
ID55814,0
ID55815,0
ID55816,0
ID55817,0
ID55818,0
ID55819,0
ID55820,0
ID55821,0
ID55822,0
ID55823,0
ID55824,0
ID55825,0
ID55826,0
ID55827,0
ID55828,0
ID55829,0
ID55830,0
ID55831,0
ID55832,0
ID55833,0
ID55834,0
ID55835,0
ID55836,0
ID55837,0
ID55838,0
ID55839,0
ID55840,0
ID55841,0
ID55842,0
ID55843,1
ID55844,0
ID55845,0
ID55846,0
ID55847,0
ID55848,1
ID55849,0
ID55850,0
ID55851,0
ID55852,0
ID55853,0
ID55854,1
ID55855,0
ID55856,0
ID55857,0
ID55858,0
ID55859,0
ID55860,0
ID55861,0
ID55862,0
ID55863,0
ID55864,0
ID55865,0
ID55866,1
ID55867,1
ID55868,0
ID55869,0
ID55870,0
ID55871,0
ID55872,1
ID55873,0
ID55874,0
ID55875,0
ID55876,0
ID55877,0
ID55878,0
ID55879,0
ID55880,0
ID55881,0
ID55882,0
ID55883,0
ID55884,0
ID55885,1
ID55886,0
ID55887,0
ID55888,0
ID55889,0
ID55890,0
ID55891,0
ID55892,0
ID55893,0
ID55894,0
ID55895,0
ID55896,0
ID55897,0
ID55898,0
ID55899,0
ID55900,0
ID55901,0
ID55902,0
ID55903,0
ID55904,0
ID55905,0
ID55906,1
ID55907,0
ID55908,0
ID55909,0
ID55910,1
ID55911,0
ID55912,0
ID55913,0
ID55914,0
ID55915,0
ID55916,0
ID55917,0
ID55918,0
ID55919,0
ID55920,0
ID55921,0
ID55922,0
ID55923,0
ID55924,0
ID55925,0
ID55926,0
ID55927,0
ID55928,0
ID55929,1
ID55930,0
ID55931,0
ID55932,0
ID55933,0
ID55934,0
ID55935,0
ID55936,0
ID55937,0
ID55938,0
ID55939,0
ID55940,0
ID55941,0
ID55942,1
ID55943,0
ID55944,0
ID55945,0
ID55946,0
ID55947,0
ID55948,0
ID55949,0
ID55950,0
ID55951,0
ID55952,0
ID55953,0
ID55954,0
ID55955,0
ID55956,1
ID55957,0
ID55958,0
ID55959,0
ID55960,0
ID55961,0
ID55962,0
ID55963,0
ID55964,0
ID55965,0
ID55966,0
ID55967,0
ID55968,0
ID55969,0
ID55970,0
ID55971,0
ID55972,0
ID55973,1
ID55974,0
ID55975,0
ID55976,0
ID55977,0
ID55978,0
ID55979,0
ID55980,0
ID55981,0
ID55982,0
ID55983,0
ID55984,0
ID55985,1
ID55986,0
ID55987,1
ID55988,1
ID55989,1
ID55990,0
ID55991,0
ID55992,0
ID55993,0
ID55994,0
ID55995,0
ID55996,1
ID55997,0
ID55998,0
ID55999,0
ID56000,0
ID56001,0
ID56002,0
ID56003,0
ID56004,0
ID56005,1
ID56006,0
ID56007,0
ID56008,0
ID56009,0
ID56010,0
ID56011,0
ID56012,0
ID56013,0
ID56014,0
ID56015,0
ID56016,0
ID56017,0
ID56018,0
ID56019,0
ID56020,0
ID56021,0
ID56022,0
ID56023,0
ID56024,0
ID56025,0
ID56026,0
ID56027,0
ID56028,0
ID56029,0
ID56030,0
ID56031,0
ID56032,0
ID56033,0
ID56034,0
ID56035,0
ID56036,0
ID56037,0
ID56038,0
ID56039,0
ID56040,0
ID56041,0
ID56042,0
ID56043,0
ID56044,0
ID56045,0
ID56046,0
ID56047,0
ID56048,0
ID56049,1
ID56050,0
ID56051,0
ID56052,0
ID56053,0
ID56054,0
ID56055,0
ID56056,0
ID56057,0
ID56058,0
ID56059,0
ID56060,0
ID56061,0
ID56062,0
ID56063,0
ID56064,0
ID56065,0
ID56066,0
ID56067,0
ID56068,0
ID56069,0
ID56070,0
ID56071,0
ID56072,0
ID56073,0
ID56074,0
ID56075,0
ID56076,0
ID56077,0
ID56078,0
ID56079,0
ID56080,0
ID56081,0
ID56082,0
ID56083,0
ID56084,0
ID56085,0
ID56086,0
ID56087,0
ID56088,0
ID56089,0
ID56090,0
ID56091,0
ID56092,0
ID56093,0
ID56094,0
ID56095,0
ID56096,0
ID56097,0
ID56098,0
ID56099,0
ID56100,0
ID56101,0
ID56102,0
ID56103,0
ID56104,1
ID56105,0
ID56106,1
ID56107,0
ID56108,0
ID56109,0
ID56110,0
ID56111,0
ID56112,0
ID56113,0
ID56114,0
ID56115,0
ID56116,0
ID56117,0
ID56118,0
ID56119,0
ID56120,0
ID56121,0
ID56122,0
ID56123,0
ID56124,0
ID56125,0
ID56126,0
ID56127,0
ID56128,0
ID56129,0
ID56130,0
ID56131,0
ID56132,0
ID56133,1
ID56134,0
ID56135,0
ID56136,0
ID56137,0
ID56138,0
ID56139,0
ID56140,0
ID56141,0
ID56142,0
ID56143,0
ID56144,0
ID56145,0
ID56146,0
ID56147,0
ID56148,0
ID56149,0
ID56150,0
ID56151,0
ID56152,0
ID56153,0
ID56154,0
ID56155,0
ID56156,0
ID56157,0
ID56158,0
ID56159,0
ID56160,0
ID56161,0
ID56162,0
ID56163,0
ID56164,0
ID56165,0
ID56166,0
ID56167,0
ID56168,0
ID56169,0
ID56170,0
ID56171,0
ID56172,0
ID56173,1
ID56174,0
ID56175,0
ID56176,0
ID56177,0
ID56178,0
ID56179,0
ID56180,0
ID56181,0
ID56182,0
ID56183,1
ID56184,0
ID56185,1
ID56186,0
ID56187,0
ID56188,0
ID56189,0
ID56190,0
ID56191,0
ID56192,0
ID56193,0
ID56194,0
ID56195,0
ID56196,0
ID56197,0
ID56198,0
ID56199,0
ID56200,0
ID56201,0
ID56202,0
ID56203,0
ID56204,0
ID56205,0
ID56206,0
ID56207,0
ID56208,0
ID56209,0
ID56210,0
ID56211,0
ID56212,0
ID56213,0
ID56214,0
ID56215,0
ID56216,0
ID56217,0
ID56218,0
ID56219,0
ID56220,0
ID56221,1
ID56222,0
ID56223,0
ID56224,0
ID56225,0
ID56226,0
ID56227,0
ID56228,0
ID56229,0
ID56230,0
ID56231,0
ID56232,0
ID56233,0
ID56234,0
ID56235,0
ID56236,0
ID56237,0
ID56238,0
ID56239,0
ID56240,0
ID56241,0
ID56242,0
ID56243,0
ID56244,0
ID56245,0
ID56246,0
ID56247,0
ID56248,0
ID56249,0
ID56250,0
ID56251,0
ID56252,1
ID56253,0
ID56254,1
ID56255,0
ID56256,0
ID56257,0
ID56258,0
ID56259,0
ID56260,0
ID56261,0
ID56262,0
ID56263,0
ID56264,0
ID56265,0
ID56266,0
ID56267,0
ID56268,0
ID56269,0
ID56270,0
ID56271,0
ID56272,0
ID56273,0
ID56274,0
ID56275,0
ID56276,0
ID56277,0
ID56278,0
ID56279,0
ID56280,0
ID56281,0
ID56282,0
ID56283,0
ID56284,0
ID56285,0
ID56286,0
ID56287,0
ID56288,0
ID56289,0
ID56290,0
ID56291,0
ID56292,0
ID56293,1
ID56294,0
ID56295,0
ID56296,0
ID56297,0
ID56298,0
ID56299,0
ID56300,0
ID56301,0
ID56302,0
ID56303,0
ID56304,0
ID56305,0
ID56306,0
ID56307,0
ID56308,0
ID56309,0
ID56310,0
ID56311,0
ID56312,0
ID56313,0
ID56314,0
ID56315,0
ID56316,0
ID56317,1
ID56318,0
ID56319,0
ID56320,0
ID56321,0
ID56322,0
ID56323,0
ID56324,0
ID56325,0
ID56326,0
ID56327,0
ID56328,0
ID56329,0
ID56330,0
ID56331,0
ID56332,0
ID56333,0
ID56334,0
ID56335,0
ID56336,0
ID56337,0
ID56338,0
ID56339,0
ID56340,0
ID56341,0
ID56342,0
ID56343,0
ID56344,0
ID56345,0
ID56346,0
ID56347,0
ID56348,0
ID56349,0
ID56350,1
ID56351,0
ID56352,0
ID56353,0
ID56354,0
ID56355,0
ID56356,0
ID56357,0
ID56358,0
ID56359,1
ID56360,0
ID56361,0
ID56362,0
ID56363,0
ID56364,0
ID56365,0
ID56366,0
ID56367,0
ID56368,0
ID56369,0
ID56370,0
ID56371,0
ID56372,0
ID56373,0
ID56374,0
ID56375,0
ID56376,0
ID56377,1
ID56378,0
ID56379,0
ID56380,0
ID56381,0
ID56382,0
ID56383,0
ID56384,0
ID56385,0
ID56386,0
ID56387,0
ID56388,0
ID56389,0
ID56390,0
ID56391,0
ID56392,1
ID56393,0
ID56394,0
ID56395,0
ID56396,0
ID56397,0
ID56398,0
ID56399,0
ID56400,0
ID56401,0
ID56402,0
ID56403,0
ID56404,0
ID56405,0
ID56406,0
ID56407,0
ID56408,0
ID56409,1
ID56410,0
ID56411,0
ID56412,0
ID56413,0
ID56414,0
ID56415,0
ID56416,0
ID56417,0
ID56418,0
ID56419,0
ID56420,0
ID56421,0
ID56422,0
ID56423,0
ID56424,0
ID56425,0
ID56426,0
ID56427,0
ID56428,0
ID56429,0
ID56430,0
ID56431,0
ID56432,0
ID56433,0
ID56434,0
ID56435,0
ID56436,0
ID56437,0
ID56438,0
ID56439,0
ID56440,0
ID56441,0
ID56442,0
ID56443,0
ID56444,0
ID56445,0
ID56446,0
ID56447,0
ID56448,0
ID56449,0
ID56450,0
ID56451,0
ID56452,1
ID56453,0
ID56454,0
ID56455,0
ID56456,1
ID56457,0
ID56458,0
ID56459,0
ID56460,0
ID56461,0
ID56462,0
ID56463,1
ID56464,0
ID56465,0
ID56466,0
ID56467,0
ID56468,0
ID56469,0
ID56470,0
ID56471,0
ID56472,0
ID56473,0
ID56474,0
ID56475,0
ID56476,0
ID56477,0
ID56478,0
ID56479,0
ID56480,0
ID56481,0
ID56482,0
ID56483,0
ID56484,0
ID56485,0
ID56486,0
ID56487,0
ID56488,0
ID56489,0
ID56490,0
ID56491,0
ID56492,0
ID56493,0
ID56494,0
ID56495,0
ID56496,0
ID56497,0
ID56498,0
ID56499,0
ID56500,0
ID56501,0
ID56502,0
ID56503,0
ID56504,0
ID56505,0
ID56506,0
ID56507,0
ID56508,1
ID56509,0
ID56510,0
ID56511,0
ID56512,0
ID56513,0
ID56514,0
ID56515,0
ID56516,0
ID56517,0
ID56518,0
ID56519,0
ID56520,0
ID56521,0
ID56522,0
ID56523,0
ID56524,0
ID56525,0
ID56526,0
ID56527,0
ID56528,0
ID56529,0
ID56530,0
ID56531,0
ID56532,0
ID56533,0
ID56534,0
ID56535,0
ID56536,0
ID56537,0
ID56538,0
ID56539,0
ID56540,0
ID56541,0
ID56542,0
ID56543,0
ID56544,0
ID56545,0
ID56546,0
ID56547,0
ID56548,0
ID56549,0
ID56550,0
ID56551,0
ID56552,0
ID56553,0
ID56554,0
ID56555,0
ID56556,0
ID56557,0
ID56558,0
ID56559,0
ID56560,0
ID56561,0
ID56562,1
ID56563,0
ID56564,0
ID56565,0
ID56566,1
ID56567,0
ID56568,0
ID56569,1
ID56570,0
ID56571,0
ID56572,0
ID56573,0
ID56574,0
ID56575,0
ID56576,0
ID56577,0
ID56578,0
ID56579,0
ID56580,0
ID56581,0
ID56582,0
ID56583,0
ID56584,0
ID56585,0
ID56586,0
ID56587,0
ID56588,0
ID56589,1
ID56590,1
ID56591,0
ID56592,0
ID56593,0
ID56594,0
ID56595,0
ID56596,1
ID56597,0
ID56598,0
ID56599,0
ID56600,0
ID56601,0
ID56602,0
ID56603,0
ID56604,0
ID56605,0
ID56606,0
ID56607,0
ID56608,0
ID56609,0
ID56610,0
ID56611,0
ID56612,0
ID56613,0
ID56614,0
ID56615,0
ID56616,1
ID56617,0
ID56618,0
ID56619,0
ID56620,0
ID56621,0
ID56622,0
ID56623,0
ID56624,0
ID56625,0
ID56626,1
ID56627,0
ID56628,0
ID56629,0
ID56630,0
ID56631,0
ID56632,0
ID56633,1
ID56634,0
ID56635,0
ID56636,0
ID56637,0
ID56638,0
ID56639,0
ID56640,0
ID56641,0
ID56642,0
ID56643,1
ID56644,0
ID56645,0
ID56646,0
ID56647,0
ID56648,0
ID56649,0
ID56650,0
ID56651,0
ID56652,0
ID56653,0
ID56654,0
ID56655,0
ID56656,0
ID56657,0
ID56658,0
ID56659,0
ID56660,0
ID56661,0
ID56662,0
ID56663,1
ID56664,0
ID56665,0
ID56666,0
ID56667,0
ID56668,0
ID56669,0
ID56670,0
ID56671,0
ID56672,0
ID56673,0
ID56674,0
ID56675,0
ID56676,1
ID56677,0
ID56678,0
ID56679,0
ID56680,0
ID56681,0
ID56682,0
ID56683,0
ID56684,0
ID56685,0
ID56686,0
ID56687,0
ID56688,0
ID56689,0
ID56690,0
ID56691,0
ID56692,0
ID56693,0
ID56694,0
ID56695,0
ID56696,0
ID56697,0
ID56698,0
ID56699,0
ID56700,0
ID56701,0
ID56702,0
ID56703,0
ID56704,1
ID56705,1
ID56706,1
ID56707,0
ID56708,0
ID56709,0
ID56710,0
ID56711,0
ID56712,0
ID56713,0
ID56714,1
ID56715,0
ID56716,0
ID56717,0
ID56718,0
ID56719,0
ID56720,0
ID56721,0
ID56722,0
ID56723,0
ID56724,0
ID56725,0
ID56726,0
ID56727,0
ID56728,0
ID56729,0
ID56730,0
ID56731,0
ID56732,0
ID56733,0
ID56734,0
ID56735,0
ID56736,0
ID56737,0
ID56738,0
ID56739,0
ID56740,0
ID56741,0
ID56742,0
ID56743,0
ID56744,0
ID56745,0
ID56746,0
ID56747,0
ID56748,0
ID56749,0
ID56750,0
ID56751,0
ID56752,0
ID56753,0
ID56754,1
ID56755,0
ID56756,0
ID56757,0
ID56758,0
ID56759,0
ID56760,0
ID56761,0
ID56762,0
ID56763,0
ID56764,0
ID56765,0
ID56766,0
ID56767,0
ID56768,0
ID56769,0
ID56770,1
ID56771,0
ID56772,0
ID56773,0
ID56774,0
ID56775,0
ID56776,0
ID56777,0
ID56778,0
ID56779,0
ID56780,0
ID56781,0
ID56782,0
ID56783,0
ID56784,0
ID56785,0
ID56786,0
ID56787,0
ID56788,0
ID56789,0
ID56790,0
ID56791,0
ID56792,0
ID56793,0
ID56794,0
ID56795,0
ID56796,0
ID56797,0
ID56798,0
ID56799,0
ID56800,0
ID56801,0
ID56802,0
ID56803,0
ID56804,0
ID56805,1
ID56806,0
ID56807,0
ID56808,0
ID56809,0
ID56810,0
ID56811,0
ID56812,0
ID56813,0
ID56814,0
ID56815,0
ID56816,0
ID56817,0
ID56818,0
ID56819,0
ID56820,0
ID56821,0
ID56822,0
ID56823,0
ID56824,0
ID56825,0
ID56826,0
ID56827,0
ID56828,0
ID56829,0
ID56830,1
ID56831,0
ID56832,0
ID56833,0
ID56834,0
ID56835,0
ID56836,0
ID56837,0
ID56838,0
ID56839,0
ID56840,0
ID56841,0
ID56842,0
ID56843,0
ID56844,0
ID56845,0
ID56846,0
ID56847,0
ID56848,0
ID56849,0
ID56850,0
ID56851,0
ID56852,0
ID56853,0
ID56854,0
ID56855,0
ID56856,0
ID56857,0
ID56858,0
ID56859,0
ID56860,0
ID56861,1
ID56862,0
ID56863,0
ID56864,0
ID56865,0
ID56866,0
ID56867,0
ID56868,0
ID56869,0
ID56870,0
ID56871,0
ID56872,0
ID56873,0
ID56874,1
ID56875,0
ID56876,0
ID56877,0
ID56878,0
ID56879,0
ID56880,0
ID56881,0
ID56882,0
ID56883,0
ID56884,0
ID56885,0
ID56886,0
ID56887,0
ID56888,0
ID56889,0
ID56890,0
ID56891,0
ID56892,0
ID56893,0
ID56894,0
ID56895,1
ID56896,0
ID56897,0
ID56898,0
ID56899,0
ID56900,0
ID56901,0
ID56902,0
ID56903,0
ID56904,0
ID56905,0
ID56906,0
ID56907,0
ID56908,0
ID56909,0
ID56910,0
ID56911,0
ID56912,0
ID56913,0
ID56914,0
ID56915,0
ID56916,0
ID56917,0
ID56918,0
ID56919,0
ID56920,0
ID56921,0
ID56922,0
ID56923,0
ID56924,0
ID56925,0
ID56926,0
ID56927,0
ID56928,0
ID56929,0
ID56930,0
ID56931,0
ID56932,0
ID56933,0
ID56934,0
ID56935,0
ID56936,0
ID56937,0
ID56938,0
ID56939,0
ID56940,1
ID56941,0
ID56942,0
ID56943,0
ID56944,0
ID56945,0
ID56946,0
ID56947,0
ID56948,0
ID56949,0
ID56950,0
ID56951,0
ID56952,0
ID56953,0
ID56954,0
ID56955,1
ID56956,0
ID56957,0
ID56958,0
ID56959,0
ID56960,0
ID56961,0
ID56962,0
ID56963,0
ID56964,0
ID56965,0
ID56966,0
ID56967,0
ID56968,1
ID56969,0
ID56970,0
ID56971,0
ID56972,0
ID56973,0
ID56974,0
ID56975,0
ID56976,0
ID56977,0
ID56978,0
ID56979,0
ID56980,0
ID56981,0
ID56982,0
ID56983,0
ID56984,0
ID56985,0
ID56986,0
ID56987,0
ID56988,0
ID56989,1
ID56990,0
ID56991,0
ID56992,0
ID56993,1
ID56994,0
ID56995,0
ID56996,0
ID56997,0
ID56998,0
ID56999,0
ID57000,0
ID57001,0
ID57002,0
ID57003,0
ID57004,0
ID57005,0
ID57006,0
ID57007,0
ID57008,1
ID57009,0
ID57010,0
ID57011,1
ID57012,1
ID57013,0
ID57014,0
ID57015,0
ID57016,0
ID57017,0
ID57018,0
ID57019,0
ID57020,0
ID57021,0
ID57022,0
ID57023,0
ID57024,0
ID57025,0
ID57026,0
ID57027,0
ID57028,0
ID57029,1
ID57030,0
ID57031,0
ID57032,0
ID57033,0
ID57034,0
ID57035,0
ID57036,0
ID57037,0
ID57038,0
ID57039,0
ID57040,0
ID57041,0
ID57042,0
ID57043,0
ID57044,0
ID57045,0
ID57046,0
ID57047,0
ID57048,0
ID57049,0
ID57050,0
ID57051,0
ID57052,0
ID57053,0
ID57054,0
ID57055,0
ID57056,0
ID57057,0
ID57058,1
ID57059,0
ID57060,0
ID57061,0
ID57062,0
ID57063,0
ID57064,0
ID57065,0
ID57066,0
ID57067,0
ID57068,0
ID57069,0
ID57070,0
ID57071,0
ID57072,0
ID57073,0
ID57074,0
ID57075,0
ID57076,0
ID57077,0
ID57078,0
ID57079,0
ID57080,0
ID57081,0
ID57082,0
ID57083,0
ID57084,0
ID57085,0
ID57086,0
ID57087,0
ID57088,0
ID57089,0
ID57090,0
ID57091,0
ID57092,0
ID57093,0
ID57094,0
ID57095,1
ID57096,0
ID57097,0
ID57098,0
ID57099,0
ID57100,0
ID57101,0
ID57102,0
ID57103,0
ID57104,0
ID57105,0
ID57106,0
ID57107,0
ID57108,0
ID57109,0
ID57110,0
ID57111,0
ID57112,0
ID57113,0
ID57114,0
ID57115,0
ID57116,0
ID57117,0
ID57118,0
ID57119,1
ID57120,1
ID57121,0
ID57122,0
ID57123,0
ID57124,0
ID57125,0
ID57126,0
ID57127,0
ID57128,0
ID57129,0
ID57130,0
ID57131,0
ID57132,0
ID57133,0
ID57134,0
ID57135,0
ID57136,0
ID57137,0
ID57138,0
ID57139,0
ID57140,0
ID57141,0
ID57142,0
ID57143,0
ID57144,0
ID57145,0
ID57146,1
ID57147,0
ID57148,0
ID57149,1
ID57150,0
ID57151,0
ID57152,0
ID57153,0
ID57154,0
ID57155,0
ID57156,0
ID57157,0
ID57158,0
ID57159,0
ID57160,0
ID57161,0
ID57162,0
ID57163,0
ID57164,0
ID57165,0
ID57166,1
ID57167,0
ID57168,0
ID57169,0
ID57170,0
ID57171,0
ID57172,0
ID57173,0
ID57174,0
ID57175,0
ID57176,0
ID57177,0
ID57178,0
ID57179,0
ID57180,0
ID57181,0
ID57182,0
ID57183,0
ID57184,0
ID57185,0
ID57186,0
ID57187,0
ID57188,1
ID57189,0
ID57190,0
ID57191,0
ID57192,0
ID57193,1
ID57194,0
ID57195,0
ID57196,0
ID57197,1
ID57198,0
ID57199,0
ID57200,0
ID57201,0
ID57202,0
ID57203,0
ID57204,0
ID57205,0
ID57206,0
ID57207,0
ID57208,0
ID57209,0
ID57210,0
ID57211,0
ID57212,0
ID57213,0
ID57214,0
ID57215,0
ID57216,0
ID57217,0
ID57218,0
ID57219,0
ID57220,0
ID57221,0
ID57222,0
ID57223,0
ID57224,1
ID57225,0
ID57226,0
ID57227,0
ID57228,0
ID57229,0
ID57230,0
ID57231,0
ID57232,0
ID57233,0
ID57234,0
ID57235,0
ID57236,0
ID57237,0
ID57238,0
ID57239,0
ID57240,0
ID57241,0
ID57242,0
ID57243,0
ID57244,0
ID57245,0
ID57246,0
ID57247,0
ID57248,0
ID57249,0
ID57250,0
ID57251,0
ID57252,0
ID57253,1
ID57254,0
ID57255,0
ID57256,0
ID57257,0
ID57258,0
ID57259,0
ID57260,0
ID57261,0
ID57262,0
ID57263,0
ID57264,0
ID57265,0
ID57266,0
ID57267,0
ID57268,0
ID57269,0
ID57270,0
ID57271,1
ID57272,0
ID57273,0
ID57274,0
ID57275,0
ID57276,0
ID57277,0
ID57278,0
ID57279,0
ID57280,0
ID57281,0
ID57282,0
ID57283,0
ID57284,0
ID57285,0
ID57286,0
ID57287,0
ID57288,0
ID57289,0
ID57290,0
ID57291,0
ID57292,0
ID57293,1
ID57294,0
ID57295,0
ID57296,0
ID57297,0
ID57298,0
ID57299,0
ID57300,0
ID57301,0
ID57302,0
ID57303,0
ID57304,0
ID57305,0
ID57306,0
ID57307,0
ID57308,0
ID57309,0
ID57310,0
ID57311,0
ID57312,0
ID57313,0
ID57314,0
ID57315,0
ID57316,0
ID57317,0
ID57318,0
ID57319,0
ID57320,1
ID57321,0
ID57322,0
ID57323,0
ID57324,0
ID57325,0
ID57326,0
ID57327,0
ID57328,0
ID57329,0
ID57330,0
ID57331,0
ID57332,0
ID57333,0
ID57334,0
ID57335,0
ID57336,0
ID57337,0
ID57338,1
ID57339,0
ID57340,0
ID57341,0
ID57342,0
ID57343,0
ID57344,0
ID57345,0
ID57346,0
ID57347,0
ID57348,0
ID57349,0
ID57350,0
ID57351,0
ID57352,0
ID57353,0
ID57354,0
ID57355,0
ID57356,0
ID57357,0
ID57358,0
ID57359,0
ID57360,0
ID57361,0
ID57362,0
ID57363,0
ID57364,0
ID57365,0
ID57366,0
ID57367,0
ID57368,0
ID57369,0
ID57370,0
ID57371,0
ID57372,0
ID57373,0
ID57374,0
ID57375,0
ID57376,0
ID57377,0
ID57378,0
ID57379,0
ID57380,0
ID57381,0
ID57382,0
ID57383,0
ID57384,0
ID57385,0
ID57386,0
ID57387,0
ID57388,0
ID57389,0
ID57390,0
ID57391,0
ID57392,0
ID57393,0
ID57394,0
ID57395,0
ID57396,1
ID57397,0
ID57398,0
ID57399,0
ID57400,0
ID57401,1
ID57402,0
ID57403,0
ID57404,0
ID57405,1
ID57406,0
ID57407,0
ID57408,0
ID57409,0
ID57410,0
ID57411,0
ID57412,0
ID57413,0
ID57414,0
ID57415,0
ID57416,0
ID57417,0
ID57418,0
ID57419,0
ID57420,0
ID57421,0
ID57422,0
ID57423,0
ID57424,0
ID57425,0
ID57426,0
ID57427,0
ID57428,0
ID57429,0
ID57430,0
ID57431,0
ID57432,0
ID57433,0
ID57434,0
ID57435,0
ID57436,0
ID57437,0
ID57438,0
ID57439,0
ID57440,0
ID57441,0
ID57442,0
ID57443,0
ID57444,0
ID57445,0
ID57446,0
ID57447,0
ID57448,0
ID57449,0
ID57450,0
ID57451,0
ID57452,0
ID57453,0
ID57454,0
ID57455,0
ID57456,0
ID57457,0
ID57458,0
ID57459,0
ID57460,0
ID57461,1
ID57462,0
ID57463,0
ID57464,0
ID57465,0
ID57466,0
ID57467,0
ID57468,0
ID57469,0
ID57470,0
ID57471,0
ID57472,0
ID57473,0
ID57474,0
ID57475,0
ID57476,0
ID57477,0
ID57478,0
ID57479,0
ID57480,1
ID57481,0
ID57482,0
ID57483,0
ID57484,0
ID57485,0
ID57486,1
ID57487,1
ID57488,0
ID57489,0
ID57490,0
ID57491,0
ID57492,0
ID57493,0
ID57494,0
ID57495,0
ID57496,0
ID57497,0
ID57498,0
ID57499,0
ID57500,0
ID57501,0
ID57502,0
ID57503,0
ID57504,0
ID57505,0
ID57506,0
ID57507,0
ID57508,0
ID57509,0
ID57510,0
ID57511,0
ID57512,0
ID57513,0
ID57514,0
ID57515,0
ID57516,0
ID57517,0
ID57518,0
ID57519,0
ID57520,1
ID57521,0
ID57522,0
ID57523,0
ID57524,0
ID57525,0
ID57526,0
ID57527,0
ID57528,0
ID57529,0
ID57530,0
ID57531,0
ID57532,0
ID57533,0
ID57534,1
ID57535,0
ID57536,0
ID57537,0
ID57538,0
ID57539,0
ID57540,0
ID57541,0
ID57542,0
ID57543,0
ID57544,0
ID57545,0
ID57546,0
ID57547,0
ID57548,0
ID57549,0
ID57550,1
ID57551,0
ID57552,0
ID57553,0
ID57554,0
ID57555,0
ID57556,0
ID57557,0
ID57558,0
ID57559,0
ID57560,0
ID57561,1
ID57562,0
ID57563,0
ID57564,0
ID57565,0
ID57566,0
ID57567,0
ID57568,0
ID57569,0
ID57570,0
ID57571,0
ID57572,0
ID57573,0
ID57574,0
ID57575,0
ID57576,0
ID57577,0
ID57578,0
ID57579,0
ID57580,0
ID57581,1
ID57582,0
ID57583,0
ID57584,0
ID57585,0
ID57586,0
ID57587,0
ID57588,0
ID57589,0
ID57590,0
ID57591,0
ID57592,0
ID57593,0
ID57594,0
ID57595,1
ID57596,0
ID57597,0
ID57598,0
ID57599,0
ID57600,0
ID57601,0
ID57602,0
ID57603,0
ID57604,0
ID57605,0
ID57606,0
ID57607,1
ID57608,0
ID57609,0
ID57610,0
ID57611,1
ID57612,0
ID57613,0
ID57614,1
ID57615,1
ID57616,0
ID57617,0
ID57618,0
ID57619,0
ID57620,0
ID57621,0
ID57622,0
ID57623,0
ID57624,0
ID57625,0
ID57626,0
ID57627,0
ID57628,0
ID57629,0
ID57630,0
ID57631,0
ID57632,0
ID57633,0
ID57634,0
ID57635,0
ID57636,0
ID57637,0
ID57638,0
ID57639,0
ID57640,0
ID57641,0
ID57642,0
ID57643,0
ID57644,0
ID57645,0
ID57646,0
ID57647,0
ID57648,0
ID57649,0
ID57650,0
ID57651,0
ID57652,0
ID57653,0
ID57654,0
ID57655,0
ID57656,0
ID57657,0
ID57658,0
ID57659,0
ID57660,0
ID57661,0
ID57662,0
ID57663,0
ID57664,1
ID57665,0
ID57666,0
ID57667,0
ID57668,0
ID57669,0
ID57670,0
ID57671,0
ID57672,0
ID57673,0
ID57674,0
ID57675,0
ID57676,0
ID57677,0
ID57678,0
ID57679,0
ID57680,0
ID57681,0
ID57682,0
ID57683,0
ID57684,1
ID57685,0
ID57686,0
ID57687,0
ID57688,0
ID57689,0
ID57690,0
ID57691,0
ID57692,0
ID57693,0
ID57694,0
ID57695,0
ID57696,0
ID57697,0
ID57698,0
ID57699,0
ID57700,1
ID57701,0
ID57702,0
ID57703,0
ID57704,0
ID57705,0
ID57706,0
ID57707,0
ID57708,0
ID57709,0
ID57710,0
ID57711,0
ID57712,0
ID57713,0
ID57714,0
ID57715,0
ID57716,0
ID57717,0
ID57718,0
ID57719,0
ID57720,0
ID57721,0
ID57722,0
ID57723,0
ID57724,0
ID57725,0
ID57726,0
ID57727,0
ID57728,0
ID57729,0
ID57730,0
ID57731,0
ID57732,0
ID57733,0
ID57734,0
ID57735,0
ID57736,0
ID57737,0
ID57738,0
ID57739,0
ID57740,0
ID57741,0
ID57742,0
ID57743,0
ID57744,0
ID57745,0
ID57746,0
ID57747,0
ID57748,0
ID57749,0
ID57750,0
ID57751,0
ID57752,0
ID57753,0
ID57754,0
ID57755,0
ID57756,0
ID57757,0
ID57758,0
ID57759,0
ID57760,1
ID57761,1
ID57762,0
ID57763,0
ID57764,0
ID57765,0
ID57766,0
ID57767,0
ID57768,0
ID57769,0
ID57770,1
ID57771,0
ID57772,0
ID57773,0
ID57774,0
ID57775,0
ID57776,0
ID57777,0
ID57778,0
ID57779,0
ID57780,0
ID57781,0
ID57782,0
ID57783,0
ID57784,0
ID57785,0
ID57786,0
ID57787,0
ID57788,0
ID57789,0
ID57790,0
ID57791,0
ID57792,0
ID57793,0
ID57794,0
ID57795,0
ID57796,0
ID57797,0
ID57798,0
ID57799,0
ID57800,0
ID57801,0
ID57802,0
ID57803,0
ID57804,0
ID57805,1
ID57806,0
ID57807,0
ID57808,0
ID57809,0
ID57810,0
ID57811,0
ID57812,0
ID57813,1
ID57814,0
ID57815,0
ID57816,0
ID57817,0
ID57818,0
ID57819,0
ID57820,0
ID57821,0
ID57822,0
ID57823,1
ID57824,0
ID57825,0
ID57826,0
ID57827,0
ID57828,0
ID57829,0
ID57830,0
ID57831,0
ID57832,0
ID57833,1
ID57834,0
ID57835,0
ID57836,0
ID57837,0
ID57838,0
ID57839,0
ID57840,0
ID57841,0
ID57842,0
ID57843,0
ID57844,0
ID57845,1
ID57846,0
ID57847,0
ID57848,0
ID57849,0
ID57850,0
ID57851,0
ID57852,0
ID57853,0
ID57854,0
ID57855,0
ID57856,1
ID57857,0
ID57858,0
ID57859,0
ID57860,0
ID57861,0
ID57862,0
ID57863,0
ID57864,0
ID57865,0
ID57866,0
ID57867,0
ID57868,0
ID57869,0
ID57870,0
ID57871,1
ID57872,0
ID57873,0
ID57874,0
ID57875,0
ID57876,0
ID57877,0
ID57878,0
ID57879,0
ID57880,0
ID57881,0
ID57882,0
ID57883,1
ID57884,0
ID57885,0
ID57886,0
ID57887,0
ID57888,0
ID57889,0
ID57890,0
ID57891,0
ID57892,1
ID57893,0
ID57894,0
ID57895,0
ID57896,0
ID57897,0
ID57898,0
ID57899,0
ID57900,1
ID57901,1
ID57902,0
ID57903,0
ID57904,0
ID57905,0
ID57906,0
ID57907,0
ID57908,0
ID57909,0
ID57910,0
ID57911,0
ID57912,0
ID57913,0
ID57914,0
ID57915,0
ID57916,0
ID57917,1
ID57918,0
ID57919,0
ID57920,0
ID57921,0
ID57922,0
ID57923,0
ID57924,0
ID57925,0
ID57926,0
ID57927,0
ID57928,0
ID57929,0
ID57930,0
ID57931,0
ID57932,0
ID57933,0
ID57934,0
ID57935,0
ID57936,0
ID57937,0
ID57938,0
ID57939,0
ID57940,0
ID57941,0
ID57942,1
ID57943,0
ID57944,0
ID57945,0
ID57946,0
ID57947,0
ID57948,0
ID57949,0
ID57950,0
ID57951,0
ID57952,0
ID57953,0
ID57954,0
ID57955,0
ID57956,0
ID57957,0
ID57958,0
ID57959,0
ID57960,0
ID57961,0
ID57962,0
ID57963,0
ID57964,0
ID57965,1
ID57966,0
ID57967,0
ID57968,0
ID57969,0
ID57970,0
ID57971,0
ID57972,0
ID57973,0
ID57974,0
ID57975,1
ID57976,0
ID57977,0
ID57978,0
ID57979,0
ID57980,0
ID57981,0
ID57982,0
ID57983,0
ID57984,0
ID57985,0
ID57986,0
ID57987,0
ID57988,0
ID57989,0
ID57990,0
ID57991,0
ID57992,0
ID57993,0
ID57994,0
ID57995,0
ID57996,0
ID57997,0
ID57998,0
ID57999,0
ID58000,0
ID58001,0
ID58002,0
ID58003,0
ID58004,0
ID58005,0
ID58006,1
ID58007,0
ID58008,0
ID58009,0
ID58010,0
ID58011,0
ID58012,0
ID58013,0
ID58014,1
ID58015,0
ID58016,0
ID58017,0
ID58018,0
ID58019,0
ID58020,0
ID58021,0
ID58022,0
ID58023,1
ID58024,0
ID58025,0
ID58026,0
ID58027,0
ID58028,0
ID58029,1
ID58030,0
ID58031,1
ID58032,0
ID58033,0
ID58034,0
ID58035,0
ID58036,0
ID58037,0
ID58038,0
ID58039,0
ID58040,0
ID58041,1
ID58042,0
ID58043,0
ID58044,0
ID58045,0
ID58046,0
ID58047,0
ID58048,0
ID58049,1
ID58050,0
ID58051,0
ID58052,0
ID58053,0
ID58054,0
ID58055,0
ID58056,0
ID58057,0
ID58058,0
ID58059,0
ID58060,0
ID58061,0
ID58062,0
ID58063,0
ID58064,0
ID58065,0
ID58066,0
ID58067,1
ID58068,0
ID58069,0
ID58070,0
ID58071,0
ID58072,0
ID58073,0
ID58074,0
ID58075,0
ID58076,0
ID58077,0
ID58078,0
ID58079,1
ID58080,0
ID58081,0
ID58082,0
ID58083,0
ID58084,0
ID58085,0
ID58086,0
ID58087,0
ID58088,0
ID58089,0
ID58090,0
ID58091,0
ID58092,0
ID58093,0
ID58094,0
ID58095,0
ID58096,0
ID58097,0
ID58098,0
ID58099,0
ID58100,0
ID58101,0
ID58102,0
ID58103,0
ID58104,0
ID58105,0
ID58106,0
ID58107,0
ID58108,1
ID58109,0
ID58110,0
ID58111,0
ID58112,0
ID58113,0
ID58114,0
ID58115,0
ID58116,0
ID58117,0
ID58118,0
ID58119,0
ID58120,0
ID58121,0
ID58122,0
ID58123,0
ID58124,0
ID58125,0
ID58126,0
ID58127,0
ID58128,0
ID58129,0
ID58130,0
ID58131,0
ID58132,0
ID58133,0
ID58134,1
ID58135,0
ID58136,0
ID58137,0
ID58138,0
ID58139,1
ID58140,0
ID58141,0
ID58142,0
ID58143,0
ID58144,0
ID58145,0
ID58146,0
ID58147,0
ID58148,0
ID58149,0
ID58150,0
ID58151,0
ID58152,0
ID58153,0
ID58154,0
ID58155,0
ID58156,0
ID58157,0
ID58158,0
ID58159,0
ID58160,0
ID58161,0
ID58162,0
ID58163,0
ID58164,0
ID58165,0
ID58166,0
ID58167,0
ID58168,0
ID58169,0
ID58170,0
ID58171,0
ID58172,0
ID58173,0
ID58174,0
ID58175,0
ID58176,0
ID58177,0
ID58178,0
ID58179,0
ID58180,0
ID58181,0
ID58182,0
ID58183,0
ID58184,0
ID58185,1
ID58186,0
ID58187,0
ID58188,1
ID58189,0
ID58190,0
ID58191,0
ID58192,0
ID58193,0
ID58194,0
ID58195,0
ID58196,0
ID58197,0
ID58198,0
ID58199,0
ID58200,0
ID58201,0
ID58202,0
ID58203,0
ID58204,0
ID58205,0
ID58206,0
ID58207,0
ID58208,0
ID58209,0
ID58210,0
ID58211,0
ID58212,0
ID58213,1
ID58214,0
ID58215,0
ID58216,0
ID58217,0
ID58218,0
ID58219,0
ID58220,0
ID58221,0
ID58222,0
ID58223,0
ID58224,0
ID58225,0
ID58226,0
ID58227,0
ID58228,0
ID58229,0
ID58230,0
ID58231,0
ID58232,0
ID58233,0
ID58234,0
ID58235,0
ID58236,0
ID58237,0
ID58238,0
ID58239,0
ID58240,0
ID58241,1
ID58242,1
ID58243,0
ID58244,0
ID58245,0
ID58246,0
ID58247,0
ID58248,0
ID58249,0
ID58250,0
ID58251,0
ID58252,0
ID58253,0
ID58254,0
ID58255,0
ID58256,0
ID58257,0
ID58258,1
ID58259,0
ID58260,0
ID58261,0
ID58262,0
ID58263,0
ID58264,0
ID58265,0
ID58266,0
ID58267,0
ID58268,0
ID58269,0
ID58270,0
ID58271,0
ID58272,0
ID58273,0
ID58274,0
ID58275,0
ID58276,0
ID58277,0
ID58278,0
ID58279,0
ID58280,0
ID58281,0
ID58282,0
ID58283,1
ID58284,0
ID58285,0
ID58286,0
ID58287,0
ID58288,0
ID58289,0
ID58290,0
ID58291,0
ID58292,0
ID58293,0
ID58294,0
ID58295,0
ID58296,0
ID58297,0
ID58298,0
ID58299,0
ID58300,0
ID58301,0
ID58302,0
ID58303,1
ID58304,0
ID58305,0
ID58306,0
ID58307,0
ID58308,0
ID58309,0
ID58310,0
ID58311,0
ID58312,0
ID58313,0
ID58314,0
ID58315,0
ID58316,0
ID58317,0
ID58318,0
ID58319,0
ID58320,0
ID58321,1
ID58322,0
ID58323,0
ID58324,0
ID58325,0
ID58326,1
ID58327,0
ID58328,0
ID58329,0
ID58330,0
ID58331,0
ID58332,0
ID58333,0
ID58334,0
ID58335,0
ID58336,0
ID58337,0
ID58338,0
ID58339,0
ID58340,0
ID58341,0
ID58342,0
ID58343,0
ID58344,0
ID58345,0
ID58346,0
ID58347,0
ID58348,0
ID58349,0
ID58350,0
ID58351,0
ID58352,0
ID58353,0
ID58354,0
ID58355,0
ID58356,0
ID58357,0
ID58358,1
ID58359,0
ID58360,0
ID58361,0
ID58362,0
ID58363,0
ID58364,0
ID58365,0
ID58366,0
ID58367,0
ID58368,1
ID58369,0
ID58370,0
ID58371,0
ID58372,0
ID58373,0
ID58374,0
ID58375,0
ID58376,0
ID58377,0
ID58378,0
ID58379,0
ID58380,0
ID58381,0
ID58382,0
ID58383,0
ID58384,0
ID58385,0
ID58386,0
ID58387,0
ID58388,0
ID58389,0
ID58390,0
ID58391,0
ID58392,0
ID58393,0
ID58394,0
ID58395,0
ID58396,0
ID58397,0
ID58398,0
ID58399,0
ID58400,0
ID58401,0
ID58402,0
ID58403,0
ID58404,0
ID58405,0
ID58406,0
ID58407,0
ID58408,0
ID58409,0
ID58410,0
ID58411,0
ID58412,0
ID58413,0
ID58414,0
ID58415,0
ID58416,0
ID58417,0
ID58418,0
ID58419,0
ID58420,0
ID58421,0
ID58422,0
ID58423,0
ID58424,1
ID58425,1
ID58426,0
ID58427,1
ID58428,0
ID58429,0
ID58430,0
ID58431,0
ID58432,0
ID58433,0
ID58434,0
ID58435,0
ID58436,0
ID58437,0
ID58438,0
ID58439,0
ID58440,0
ID58441,0
ID58442,0
ID58443,0
ID58444,0
ID58445,0
ID58446,0
ID58447,0
ID58448,0
ID58449,0
ID58450,0
ID58451,0
ID58452,0
ID58453,0
ID58454,0
ID58455,0
ID58456,0
ID58457,0
ID58458,0
ID58459,0
ID58460,0
ID58461,0
ID58462,0
ID58463,0
ID58464,0
ID58465,0
ID58466,0
ID58467,0
ID58468,1
ID58469,0
ID58470,0
ID58471,0
ID58472,0
ID58473,0
ID58474,1
ID58475,0
ID58476,0
ID58477,0
ID58478,0
ID58479,0
ID58480,0
ID58481,0
ID58482,1
ID58483,0
ID58484,0
ID58485,0
ID58486,0
ID58487,0
ID58488,0
ID58489,0
ID58490,0
ID58491,0
ID58492,0
ID58493,0
ID58494,0
ID58495,0
ID58496,0
ID58497,0
ID58498,0
ID58499,0
ID58500,0
ID58501,0
ID58502,0
ID58503,0
ID58504,0
ID58505,0
ID58506,0
ID58507,0
ID58508,0
ID58509,0
ID58510,1
ID58511,0
ID58512,0
ID58513,0
ID58514,0
ID58515,0
